ticker,isin,name,currency,sector,country,exchange,lot_size,face_value,face_value_original,face_value_currency,price_buy,price_sell,price_last,price_close,price_pct,nkd,coupon_value,coupon_pct,coupon_period_days,coupon_qty_per_year,coupon_type,floating_coupon,next_coupon_date,maturity_date,date_to_client,total_yield,yield_to_maturity,yield_to_client,duration,rate,earnings_abs,earnings_rel,liquidity,is_low_liquid,tax_free,subordinated,perpetual,reliable,risk_category,qual_investor,is_tinkoff_bond,indexed_nominal,hist_price_1y
SU26238RMFS4,RU000A1038V6,ОФЗ 26238,RUB,Government,Россия,Московская биржа,1,1000,1000,RUB,567.31,567.21,564.78,563.69,56.478,2.53,35.4,7.1,182,2,Fixed,False,2026-12-02T00:00:00Z,2041-05-15T00:00:00+03:00,2041-05-15T00:00:00+03:00,12.57,14.7,14.7,7.49,2,0.15,0.0003,True,False,False,False,False,True,0,False,False,False,554.7
SU26254RMFS1,RU000A10D533,ОФЗ 26254,RUB,Government,Россия,Московская биржа,1,1000,1000,RUB,938.08,937.59,918.49,918,91.849,19.59,64.82,13,182,2,Fixed,False,2026-10-21T00:00:00Z,2040-10-03T00:00:00+03:00,2040-10-03T00:00:00+03:00,14.15,14.86,14.86,6.42,2,-0.01,-1.0887316276537833e-05,True,False,False,False,False,True,0,False,False,False,941.1
SU26248RMFS3,RU000A108EH4,ОФЗ 26248,RUB,Government,Россия,Московская биржа,1,1000,1000,RUB,878.62,878.59,874.23,874,87.423,4.36,61.08,12.25,182,2,Fixed,False,2026-12-02T00:00:00Z,2040-05-16T00:00:00+03:00,2040-05-16T00:00:00+03:00,14.01,14.88,14.88,6.53,2,-0.12,-0.0001,True,False,False,False,False,True,0,False,False,False,847.29
SU26250RMFS9,RU000A10BVH7,ОФЗ 26250,RUB,Government,,Московская биржа,1,1000,1000,RUB,929.21,928.79,872,870.5,87.2,57.21,59.84,12,182,2,Fixed,False,2026-06-24T00:00:00Z,2037-06-10T00:00:00+03:00,2037-06-10T00:00:00+03:00,13.76,14.86,14.86,5.68,2,0.35,0.0004,True,False,False,False,False,True,0,False,False,False,867.1
SU26247RMFS5,RU000A108EF8,ОФЗ 26247,RUB,Government,Россия,Московская биржа,1,1000,1000,RUB,883.26,882.81,876.25,876.86,87.625,6.71,61.08,12.25,182,2,Fixed,False,2026-11-25T00:00:00Z,2039-05-11T00:00:00+03:00,2039-05-11T00:00:00+03:00,13.98,14.9,14.9,6.36,2,-0.17,-0.0002,True,False,False,False,False,True,0,False,False,False,848.61
SU26252RMFS5,RU000A10D4Y2,ОФЗ 26252,RUB,Government,Россия,Московская биржа,1,1000,1000,RUB,941.82,941.44,922.98,920.31,92.298,18.84,62.33,12.5,182,2,Fixed,False,2026-10-21T00:00:00Z,2033-10-12T00:00:00+03:00,2033-10-12T00:00:00+03:00,13.54,14.72,14.72,4.81,2,-0.47,-0.0005,True,False,False,False,False,True,0,False,False,False,916.77
SU26233RMFS5,RU000A101F94,ОФЗ 26233,RUB,Government,Россия,Московская биржа,1,1000,1000,RUB,616.91,616.63,593.68,592.5,59.368,23.23,30.42,6.1,182,2,Fixed,False,2026-07-29T00:00:00Z,2035-07-18T00:00:00+03:00,2035-07-18T00:00:00+03:00,10.27,14.69,14.69,6.17,2,-0.12,-0.0002,True,False,False,False,False,True,0,False,False,False,558.39
SU26246RMFS7,RU000A108EE1,ОФЗ 26246,RUB,Government,Россия,Московская биржа,1,1000,1000,RUB,905.76,905.1,878.47,877,87.847,27.29,59.84,12,182,2,Fixed,False,2026-09-23T00:00:00Z,2036-03-12T00:00:00+03:00,2036-03-12T00:00:00+03:00,13.66,14.86,14.86,5.57,2,1.27,0.0014,True,False,False,False,False,True,0,False,False,False,849.06
SU26253RMFS3,RU000A10D517,ОФЗ 26253,RUB,Government,Россия,Московская биржа,1,1000,1000,RUB,942.59,942.5,923,921.49,92.3,19.59,64.82,13,182,2,Fixed,False,2026-10-21T00:00:00Z,2038-10-06T00:00:00+03:00,2038-10-06T00:00:00+03:00,14.08,14.86,14.86,6.1,2,0.29,0.0003,True,False,False,False,False,True,0,False,False,False,941.9
SU26240RMFS0,RU000A103BR0,ОФЗ 26240,RUB,Government,Россия,Московская биржа,1,1000,1000,RUB,638.64,638.47,614.66,613.86,61.466,23.97,34.9,7,182,2,Fixed,False,2026-08-12T00:00:00Z,2036-07-30T00:00:00+03:00,2036-07-30T00:00:00+03:00,11.39,14.83,14.83,6.32,2,0.23,0.0004,True,False,False,False,False,True,0,False,False,False,594.98
RU000A10F801,RU000A10F801,ГТЛК 002P-13,RUB,Financial,Россия,Московская биржа,1,1000,1000,RUB,1007.7,1007.6,998.5,996.9,99.85,9.2,13.11,15.95,30,12,Fixed,False,2026-06-25T00:00:00Z,2030-05-05T00:00:00+03:00,2030-05-05T00:00:00+03:00,15.97,17.24,17.24,2.61,2,0.3,0.0003,True,False,False,False,False,True,0,False,False,False,998.5
SU26230RMFS1,RU000A100EF5,ОФЗ 26230,RUB,Government,Россия,Московская биржа,1,1000,1000,RUB,632.26,632.03,616.23,616.19,61.623,16.03,38.39,7.7,182,2,Fixed,False,2026-09-30T00:00:00Z,2039-03-16T00:00:00+03:00,2039-03-16T00:00:00+03:00,12.5,14.84,14.84,6.87,2,-0.01,-1.622744385304427e-05,True,False,False,False,False,True,0,False,False,False,600.56
SU26245RMFS9,RU000A108EG6,ОФЗ 26245,RUB,Government,Россия,Московская биржа,1,1000,1000,RUB,904.31,903.6,881.62,879.69,88.162,22.69,59.84,12,182,2,Fixed,False,2026-10-07T00:00:00Z,2035-09-26T00:00:00+03:00,2035-09-26T00:00:00+03:00,13.61,14.85,14.85,5.47,2,0.23,0.0003,True,False,False,False,False,True,0,False,False,False,850.01
RU000A10F7R7,RU000A10F7R7,Сбербанк 001P-SBER56,RUB,Financial,Россия,Московская биржа,1,1000,1000,RUB,1007.5,1006.5,1002.4,1001.9,100.24,5.1,11.01,13.4,30,12,Fixed,False,2026-07-02T00:00:00Z,2029-06-16T00:00:00+03:00,2029-06-16T00:00:00+03:00,13.37,14.14,14.14,2.48,2,0.2,0.0002,True,False,False,False,False,True,0,False,False,False,1002.4
SU26243RMFS4,RU000A106E90,ОФЗ 26243,RUB,Government,Россия,Московская биржа,1,1000,1000,RUB,747.32,747.3,743.83,742.96,74.383,3.49,48.87,9.8,182,2,Fixed,False,2026-12-02T00:00:00Z,2038-05-19T00:00:00+03:00,2038-05-19T00:00:00+03:00,13.18,14.86,14.86,6.49,2,-0.17,-0.0002,True,False,False,False,False,True,0,False,False,False,716.5
RU000A10FA72,RU000A10FA72,АФК Система 002Р-14,RUB,Financial,Россия,Московская биржа,1,1000,1000,RUB,1008,1007.8,1001.3,999.9,100.13,6.7,14.38,17.5,30,12,Variable,False,2026-07-02T00:00:00Z,2031-05-07T00:00:00+03:00,2028-05-24T00:00:00Z,17.48,,18.88,1.65,2,0.2,0.0002,True,False,False,False,False,True,0,False,False,False,1001.3
SU26244RMFS2,RU000A1074G2,ОФЗ 26244,RUB,Government,Россия,Московская биржа,1,1000,1000,RUB,884.58,884.17,859,857.4,85.9,25.58,56.1,11.25,182,2,Fixed,False,2026-09-23T00:00:00Z,2034-03-15T00:00:00+03:00,2034-03-15T00:00:00+03:00,13.1,14.82,14.82,5.02,2,-0.1,-0.0001,True,False,False,False,False,True,0,False,False,False,836.15
SU26249RMFS1,RU000A10BVC8,ОФЗ 26249,RUB,Government,,Московская биржа,1,1000,1000,RUB,934.63,933.84,882.2,880.38,88.22,52.44,54.85,11,182,2,Fixed,False,2026-06-24T00:00:00Z,2032-06-16T00:00:00+03:00,2032-06-16T00:00:00+03:00,12.47,14.45,14.45,4.19,2,0.66,0.0007,True,False,False,False,False,True,0,False,False,False,873.99
SU26241RMFS8,RU000A105FZ9,ОФЗ 26241,RUB,Government,Россия,Московская биржа,1,1000,1000,RUB,816.48,815.82,811.27,809.93,81.127,5.21,47.37,9.5,182,2,Fixed,False,2026-11-25T00:00:00Z,2032-11-17T00:00:00+03:00,2032-11-17T00:00:00+03:00,11.71,14.55,14.55,4.74,2,0.33,0.0004,True,False,False,False,False,True,0,False,False,False,775.02
RU000A10AZ60,RU000A10AZ60,РЖД БО 001P-38R,RUB,Industrials,Россия,Московская биржа,1,1000,1000,RUB,1142.3,1139.6,1130,1121.1,113,12.3,14.71,17.9,30,12,Fixed,False,2026-06-22T00:00:00Z,2030-03-02T00:00:00+03:00,2030-03-02T00:00:00+03:00,15.84,14.29,14.29,2.77,2,3.7,0.0033,True,False,False,False,False,True,0,False,False,False,1100
RU000A10EYV6,RU000A10EYV6,ПГК 003Р-04,RUB,Industrials,Россия,Московская биржа,1,1000,1000,RUB,1015.4,1013.6,1007.5,1006.2,100.75,8,12.66,15.4,30,12,Fixed,False,2026-06-29T00:00:00Z,2029-09-09T00:00:00+03:00,2029-09-09T00:00:00+03:00,15.29,16.2,16.2,2.55,2,0.0,0,True,False,False,False,False,True,0,False,False,False,997.7
RU000A10BY94,RU000A10BY94,АФК Система БО 002Р-03,RUB,Financial,Россия,Московская биржа,1,1000,1000,RUB,1051.7,1050.2,1040.5,1030.6,104.05,11.2,17.67,21.5,30,12,Fixed,False,2026-06-29T00:00:00Z,2027-03-24T00:00:00+03:00,2027-03-24T00:00:00+03:00,20.66,17.08,17.08,0.71,2,0.3,0.0003,True,False,False,False,False,True,0,False,False,False,1021
RU000A109KT4,RU000A109KT4,МФК Т-Финанс 001P-01,RUB,Financial,Россия,Московская биржа,1,1000,1000,RUB,1002.8,1002.5,1001,1002.2,100.1,1.9,14.18,0,30,12,Floating,True,2026-06-15T00:00:00Z,2026-09-10T00:00:00+03:00,2026-09-10T00:00:00+03:00,17.23,17.43,17.43,0.23,2,0.1,0.0001,True,False,False,False,False,True,0,True,False,False,973.9
RU000A106375,RU000A106375,Газпром капитал 07,RUB,Energy,Россия,Московская биржа,1,1000,1000,RUB,1021,1019.3,991.3,990.4,99.13,29.6,,0,91,4,Floating,True,2026-07-08T00:00:00Z,2028-04-05T00:00:00+03:00,2028-04-05T00:00:00+03:00,16.8,14.57,14.57,1.58,2,0.5,0.0005,True,False,False,False,False,True,0,False,False,False,961.7
RU000A10EYJ1,RU000A10EYJ1,ВИС ФИНАНС БО-П12,RUB,Financial,Россия,Московская биржа,1,1000,1000,RUB,1019.5,1019,1010.4,1009.6,101.04,8.6,13.56,16.5,30,12,Fixed,False,2026-06-29T00:00:00Z,2029-10-09T00:00:00+03:00,2029-10-09T00:00:00+03:00,16.33,17.31,17.31,2.56,2,-0.4,-0.0004,True,False,False,False,False,True,0,False,False,False,1011
RU000A10CW87,RU000A10CW87,СФО ВТБ РКС Эталон 06,RUB,Financial,Россия,Московская биржа,1,648.03,648.03,RUB,669.285384,667.276491,666.110037,669.933414,102.79,3.823377,9.58,18,30,12,Fixed,False,2026-07-06T00:00:00Z,2032-12-04T00:00:00+03:00,2032-12-04T00:00:00+03:00,17.51,16.6,16.6,1.1,2,2.656923,0.004,True,False,False,False,False,True,0,False,False,False,650.427711
SU29007RMFS0,RU000A0JV4M0,ОФЗ 29007,RUB,Government,Россия,Московская биржа,1,1000,1000,RUB,1067.4,1066.13,1016.32,1017,101.632,49.81,87.16,17.48,182,2,Floating,True,2026-09-02T00:00:00Z,2027-03-03T00:00:00+03:00,2027-03-03T00:00:00+03:00,17.2,18.4,18.4,1.06,2,-1.31,-0.0013,True,False,False,False,False,True,0,False,False,False,1025.14
RU000A10AU73,RU000A10AU73,ГТЛК БО 002P-07,RUB,Financial,,Московская биржа,1,1000,1000,RUB,1017.9,1016.7,1010.7,1010.4,101.07,7.2,19.73,24,30,12,Fixed,False,2026-07-06T00:00:00Z,2026-08-04T00:00:00+03:00,2026-08-04T00:00:00+03:00,23.75,17.09,17.09,0.13,2,0.7,0.0007,True,False,False,False,False,True,0,False,False,False,1060.2
RU000A10ABC2,RU000A10ABC2,Новосибирская область 34026,RUB,Municipal,Россия,Московская биржа,1,700,700,RUB,721.56,720.44,716.94,717.78,102.42,3.64,10.93,19,30,12,Floating,True,2026-07-06T00:00:00Z,2027-11-28T00:00:00+03:00,2027-11-28T00:00:00+03:00,18.55,15.12,15.12,0.69,2,-1.33,-0.0019,True,False,False,False,False,True,0,False,False,False,734.65
SU26225RMFS1,RU000A0ZYUB7,ОФЗ 26225,RUB,Government,Россия,Московская биржа,1,1000,1000,RUB,678.98,678.34,673.62,672.3,67.362,5.36,36.15,7.25,182,2,Fixed,False,2026-11-18T00:00:00Z,2034-05-10T00:00:00+03:00,2034-05-10T00:00:00+03:00,10.76,14.77,14.77,5.66,2,-0.17,-0.0003,True,False,False,False,False,True,0,False,False,False,644.18
SU29010RMFS4,RU000A0JV4Q1,ОФЗ 29010,RUB,Government,Россия,Московская биржа,1,1000,1000,RUB,1157.4,1156.82,1061.9,1060,106.19,94.92,95.44,19.14,182,2,Floating,True,2026-06-17T00:00:00Z,2034-12-06T00:00:00+03:00,2034-12-06T00:00:00+03:00,18.02,18.29,18.29,4.74,2,-0.59,-0.0006,True,False,False,False,False,True,0,False,False,False,1065.35
SU26242RMFS6,RU000A105RV3,ОФЗ 26242,RUB,Government,Россия,Московская биржа,1,1000,1000,RUB,920.71,920.45,895.06,894.83,89.506,25.65,44.88,9,182,2,Fixed,False,2026-09-02T00:00:00Z,2029-08-29T00:00:00+03:00,2029-08-29T00:00:00+03:00,10.06,13.53,13.53,2.76,2,-1.02,-0.0011,True,False,False,False,False,True,0,False,False,False,831.91
SU26236RMFS8,RU000A102BT8,ОФЗ 26236,RUB,Government,Россия,Московская биржа,1,1000,1000,RUB,882.72,882.13,878.5,876.84,87.85,4.22,28.42,5.7,182,2,Fixed,False,2026-11-18T00:00:00Z,2028-05-17T00:00:00+03:00,2028-05-17T00:00:00+03:00,6.49,13.47,13.47,1.83,2,-0.01,-1.1382909699377354e-05,True,False,False,False,False,True,0,False,False,False,795.5
SU26219RMFS4,RU000A0JWM07,ОФЗ 26219,RUB,Government,Россия,Московская биржа,1,1000,1000,RUB,1006.2,1005.81,987.09,987.26,98.709,19.11,38.64,7.75,182,2,Fixed,False,2026-09-16T00:00:00Z,2026-09-16T00:00:00+03:00,2026-09-16T00:00:00+03:00,7.85,13.42,13.42,0.25,2,0.55,0.0006,True,False,False,False,False,True,0,False,False,False,912.32
SU29008RMFS8,RU000A0JV4P3,ОФЗ 29008,RUB,Government,Россия,Московская биржа,1,1000,1000,RUB,1071.18,1071.1,1038.62,1039.06,103.862,32.48,85.66,17.18,182,2,Floating,True,2026-10-07T00:00:00Z,2029-10-03T00:00:00+03:00,2029-10-03T00:00:00+03:00,16.54,19.86,19.86,2.72,2,0.26,0.0003,True,False,False,False,False,True,0,False,False,False,1048.97
RU000A10BK17,RU000A10BK17,Газпром нефть БО 003P-15R,RUB,Energy,Россия,Московская биржа,1,1000,1000,RUB,654.8,652.9,652.1,650.5,65.21,0.8,1.64,2,30,12,Fixed,False,2026-07-01T00:00:00Z,2030-04-11T00:00:00+03:00,2030-04-11T00:00:00+03:00,3.07,14.65,14.65,3.63,2,-0.5,-0.0008,True,False,False,False,False,True,0,False,False,False,547.9
RU000A10ATW2,RU000A10ATW2,Балтийский лизинг БО-П15,RUB,Financial,,Московская биржа,1,875,875,RUB,929.6,929.5125,916.5625,915.25,104.75,13.0375,17.04,23.7,30,12,Fixed,False,2026-06-23T00:00:00Z,2028-02-14T00:00:00+03:00,2028-02-14T00:00:00+03:00,22.63,19.5,19.5,0.82,2,-0.875,-0.001,True,False,False,False,False,True,0,False,False,False,928.2875
SU26218RMFS6,RU000A0JVW48,ОФЗ 26218,RUB,Government,Россия,Московская биржа,1,1000,1000,RUB,822.43,821.83,803.11,802.22,80.311,19.33,42.38,8.5,182,2,Fixed,False,2026-09-23T00:00:00Z,2031-09-17T00:00:00+03:00,2031-09-17T00:00:00+03:00,10.58,14.37,14.37,4.13,2,-0.08,-0.0001,True,False,False,False,False,True,0,False,False,False,758.44
SU26235RMFS0,RU000A1028E3,ОФЗ 26235,RUB,Government,Россия,Московская биржа,1,1000,1000,RUB,746.47,745.64,731.92,730,73.192,14.55,29.42,5.9,182,2,Fixed,False,2026-09-16T00:00:00Z,2031-03-12T00:00:00+03:00,2031-03-12T00:00:00+03:00,8.06,14.26,14.26,4.02,2,0.92,0.0013,True,False,False,False,False,True,0,False,False,False,673.52
SU29029RMFS4,RU000A10D525,ОФЗ 29029,RUB,Government,Россия,Московская биржа,1,1000,1000,RUB,969.87,967.72,948.15,946.95,94.815,21.72,,0,91,4,Floating,True,2026-07-22T00:00:00Z,2041-10-22T00:00:00+03:00,2041-10-22T00:00:00+03:00,16.35,,16.35,,2,-1.25,-0.0013,True,False,False,False,False,True,0,False,False,False,939.26
RU000A10AAQ4,RU000A10AAQ4,СФО Сплит Финанс 1 01,RUB,IT,Россия,Московская биржа,1,417.71,417.71,RUB,441.059989,440.182798,434.501942,434.126003,104.02,5.722627,8.87,25,31,12,Fixed,False,2026-06-29T00:00:00Z,2028-12-27T00:00:00+03:00,2028-12-27T00:00:00+03:00,24.03,12.48,12.48,0.3,2,0.375939,0.0009,True,False,False,False,False,True,0,False,False,False,440.642279
SU29025RMFS2,RU000A106Z61,ОФЗ 29025,RUB,Government,Россия,Московская биржа,1,1000,1000,RUB,958.95,957.57,951.18,949.1,95.118,7.77,,0,91,4,Floating,True,2026-08-26T00:00:00Z,2037-08-12T00:00:00+03:00,2037-08-12T00:00:00+03:00,15.48,,15.48,,2,1.15,0.0012,True,False,False,False,False,True,0,False,False,False,942
SU26251RMFS7,RU000A10CKT3,ОФЗ 26251,RUB,Government,Россия,Московская биржа,1,1000,1000,RUB,900.36,898.58,873.28,870.75,87.328,27.07,47.37,9.5,182,2,Fixed,False,2026-09-02T00:00:00Z,2030-08-28T00:00:00+03:00,2030-08-28T00:00:00+03:00,10.88,14,14,3.41,2,-0.01,-1.145094985629058e-05,True,False,False,False,False,True,0,False,False,False,842.49
RU000A106ZL5,RU000A106ZL5,РЖД БО 001P-28R,RUB,Industrials,Россия,Московская биржа,1,1000,1000,RUB,985.9,984.8,974.5,975.1,97.45,10.2,13.17,15.51,31,12,Floating,True,2026-06-23T00:00:00Z,2030-09-20T00:00:00+03:00,2030-09-20T00:00:00+03:00,15.92,15.31,15.31,3.21,2,-1,-0.001,True,False,False,False,False,True,0,False,False,False,962.3
SU29016RMFS1,RU000A1025B5,ОФЗ 29016,RUB,Government,Россия,Московская биржа,1,1000,1000,RUB,1035.2,1034.12,1002.31,1001.45,100.231,32.83,,0,91,4,Floating,True,2026-06-24T00:00:00Z,2026-12-23T00:00:00+03:00,2026-12-23T00:00:00+03:00,15.48,,15.48,,2,0.31,0.0003,True,False,False,False,False,True,0,False,False,False,990
RU000A10A3Z4,RU000A10A3Z4,ГТЛК БО 002P-04,RUB,Financial,Россия,Московская биржа,1,1000,1000,RUB,1148.9,1146.8,1146.8,1140.8,114.68,2.1,20.55,25,30,12,Variable,False,2026-06-15T00:00:00Z,2029-10-25T00:00:00+03:00,2027-11-10T00:00:00Z,21.8,,14.32,1.21,2,0.2,0.0002,True,False,False,False,False,True,0,False,False,False,1136.2
RU000A10CDZ5,RU000A10CDZ5,РЖД БО 001P-45R,RUB,Industrials,Россия,Московская биржа,1,1000,1000,RUB,1006.7,1005,1002.7,1000,100.27,2.3,11.38,13.85,30,12,Fixed,False,2026-07-10T00:00:00Z,2029-06-24T00:00:00+03:00,2029-06-24T00:00:00+03:00,13.81,14.64,14.64,2.48,2,-1.2,-0.0012,True,False,False,False,False,True,0,False,False,False,1005.9
SU26207RMFS9,RU000A0JS3W6,ОФЗ 26207,RUB,Government,Россия,Московская биржа,1,1000,1000,RUB,1001.75,1001.6,973.35,972.94,97.335,29.48,40.64,8.15,182,2,Fixed,False,2026-08-05T00:00:00Z,2027-02-03T00:00:00+03:00,2027-02-03T00:00:00+03:00,8.37,13,13,0.62,2,0.55,0.0006,True,False,False,False,False,True,0,False,False,False,897.81
SU26221RMFS0,RU000A0JXFM1,ОФЗ 26221,RUB,Government,Россия,Московская биржа,1,1000,1000,RUB,742.03,741.18,726,726.71,72.6,16.03,38.39,7.7,182,2,Fixed,False,2026-09-30T00:00:00Z,2033-03-23T00:00:00+03:00,2033-03-23T00:00:00+03:00,10.61,14.6,14.6,5.02,2,-1.79,-0.0025,True,False,False,False,False,True,0,False,False,False,684.6
RU000A10F397,RU000A10F397,Кредитный поток 5.0,RUB,Financial,Россия,Московская биржа,1,1000,1000,RUB,1016.8,1016.3,1008,1008.9,100.8,8.8,31.12,16,71,12,Fixed,False,2026-08-06T00:00:00Z,2030-06-06T00:00:00+03:00,2030-06-06T00:00:00+03:00,15.87,16.41,16.41,1.18,2,0.8,0.0008,True,False,False,False,False,True,0,False,False,False,1008
RU000A10F8P9,RU000A10F8P9,РЖД БО 001P-53R,RUB,Industrials,Россия,Московская биржа,1,1000,1000,RUB,902.7,902.6,897,896.5,89.7,5.6,8.84,10.75,30,12,Fixed,False,2026-06-29T00:00:00Z,2030-04-07T00:00:00+03:00,2030-04-07T00:00:00+03:00,11.98,15.25,15.25,3.08,2,-0.8,-0.0009,True,False,False,False,False,True,0,False,False,False,897
RU000A10CKZ0,RU000A10CKZ0,ЕвразХолдинг Финанс 003P-04,RUB,Materials,Россия,Московская биржа,1,1000,1000,RUB,1011.3,1010.6,1002,1000.5,100.2,8.8,11.42,13.9,30,12,Fixed,False,2026-06-23T00:00:00Z,2028-02-13T00:00:00+03:00,2028-02-13T00:00:00+03:00,13.87,14.66,14.66,1.48,2,1.5,0.0015,True,False,False,False,False,True,0,False,False,False,997.1
RU000A10EC22,RU000A10EC22,Селигдар 001Р-10,RUB,Materials,Россия,Московская биржа,1,1000,1000,RUB,1025.5,1025.3,1013.2,1013.3,101.32,12.3,13.68,16.65,30,12,Fixed,False,2026-06-19T00:00:00Z,2029-02-03T00:00:00+03:00,2029-02-03T00:00:00+03:00,16.43,17.16,17.16,1.88,2,-1.7,-0.0017,True,False,False,False,False,True,0,False,False,False,1000.1
SU29026RMFS0,RU000A10A7D2,ОФЗ 29026,RUB,Government,Россия,Московская биржа,1,1000,1000,RUB,967.37,965.73,962.71,963.18,96.271,4.67,,0,92,4,Floating,True,2026-09-04T00:00:00Z,2038-09-04T00:00:00+03:00,2038-09-04T00:00:00+03:00,15.5,,15.5,,2,-0.19,-0.0002,True,False,False,False,False,True,0,False,False,False,970.33
RU000A10B024,RU000A10B024,АФК Система БО 002Р-01,RUB,Financial,,Московская биржа,1,1000,1000,RUB,1012.3,1011.9,1010.4,1005.6,101.04,1.9,14.86,17.5,31,12,Variable,False,2026-06-15T00:00:00Z,2028-03-24T00:00:00+03:00,2027-04-20T00:00:00Z,17.32,,17.42,0.79,2,-0.7,-0.0007,True,False,False,False,False,True,0,False,False,False,1025.9
RU000A10B495,RU000A10B495,РЖД БО 001P-41R,RUB,Industrials,Россия,Московская биржа,1,1000,1000,RUB,1116.8,1116.7,1075,1070.2,107.5,41.8,42.76,17.15,91,4,Variable,False,2026-06-18T00:00:00Z,2040-03-01T00:00:00+03:00,2029-03-20T00:00:00Z,15.95,,14.57,2.19,2,0.4,0.0004,True,False,False,False,False,True,0,False,False,False,1044.5
RU000A10EES4,RU000A10EES4,ВИС ФИНАНС БО-П11,RUB,Financial,Россия,Московская биржа,1,1000,1000,RUB,1043,1042.2,1035.1,1038.2,103.51,7,13.97,17,30,12,Fixed,False,2026-07-01T00:00:00Z,2029-02-15T00:00:00+03:00,2029-02-15T00:00:00+03:00,16.42,16.52,16.52,2.16,2,-1.5,-0.0014,True,False,False,False,False,True,0,False,False,False,1011.9
RU000A107456,RU000A107456,МТС Банк 001P-03,RUB,Financial,Россия,Московская биржа,1,1000,1000,RUB,1026.3,1024.8,1001.7,1001.4,100.17,24.8,,0,91,4,Floating,True,2026-07-22T00:00:00Z,2026-10-21T00:00:00+03:00,2026-10-21T00:00:00+03:00,17.38,16.03,16.03,0.34,2,0.0,0,True,False,False,False,False,True,0,False,False,False,952.5
SU26239RMFS2,RU000A103901,ОФЗ 26239,RUB,Government,Россия,Московская биржа,1,1000,1000,RUB,779.66,778.71,753,752.14,75.3,26.28,34.41,6.9,182,2,Fixed,False,2026-07-29T00:00:00Z,2031-07-23T00:00:00+03:00,2031-07-23T00:00:00+03:00,9.16,14.27,14.27,4.12,2,0.1,0.0001,True,False,False,False,False,True,0,False,False,False,701.34
RU000A10B933,RU000A10B933,Селигдар 001Р-03,RUB,Materials,Россия,Московская биржа,1,1000,1000,RUB,1105.6,1104,1095.1,1094.8,109.51,8.9,19.11,23.25,30,12,Fixed,False,2026-07-02T00:00:00Z,2027-09-25T00:00:00+03:00,2027-09-25T00:00:00+03:00,21.23,16.1,16.1,1.12,2,-1.8,-0.0016,True,False,False,False,False,True,0,False,False,False,1061.5
RU000A1084E6,RU000A1084E6,О'КЕЙ БО 001Р-06,RUB,Consumer,Россия,Московская биржа,1,1000,1000,RUB,1012.4,1012.3,1000.1,1000,100.01,12.3,12.74,15.5,30,12,Variable,False,2026-06-17T00:00:00Z,2034-03-07T00:00:00+03:00,2027-03-17T00:00:00Z,15.5,,16.64,0.7,2,-2.3,-0.0023,True,False,False,False,False,True,0,False,False,False,923.3
RU000A10DSL1,RU000A10DSL1,ПГК 003Р-02,RUB,Industrials,Россия,Московская биржа,1,1000,1000,RUB,1022,1020.8,1018.2,1017.9,101.82,2.6,13.11,15.95,30,12,Variable,False,2026-07-10T00:00:00Z,2030-11-16T00:00:00+03:00,2029-03-29T00:00:00Z,15.66,,16.24,2.27,2,-1.1,-0.0011,True,False,False,False,False,True,0,False,False,False,999.5
RU000A10A7S0,RU000A10A7S0,Селектел 001P-05R,RUB,IT,,Московская биржа,1,1000,1000,RUB,1038.4,1037.2,1029.7,1028.6,102.97,9.6,15.21,0,30,12,Floating,True,2026-06-29T00:00:00Z,2027-05-23T00:00:00+03:00,2027-05-23T00:00:00+03:00,17.97,14.43,14.43,0.86,2,1.6,0.0016,True,False,False,False,False,True,0,False,False,False,1037.6
RU000A10DTF1,RU000A10DTF1,Селигдар 001Р-08,RUB,Materials,Россия,Московская биржа,1,1000,1000,RUB,1044.6,1042.4,1043.6,1044.8,104.36,1,14.79,18,30,12,Fixed,False,2026-06-15T00:00:00Z,2028-06-03T00:00:00+03:00,2028-06-03T00:00:00+03:00,17.25,16.55,16.55,1.68,2,0.0,0,True,False,False,False,False,True,0,False,False,False,1009.4
RU000A10D3X6,RU000A10D3X6,Селигдар 001Р-07,RUB,Materials,Россия,Московская биржа,1,1000,1000,RUB,1013.4,1012.3,1011.3,1009.5,101.13,2.1,15.62,0,30,12,Floating,True,2026-06-15T00:00:00Z,2027-10-05T00:00:00+03:00,2027-10-05T00:00:00+03:00,18.79,17.56,17.56,1.17,2,1.3,0.0013,True,False,False,False,False,True,0,False,False,False,1008.8
SU29027RMFS8,RU000A10AA93,ОФЗ 29027,RUB,Government,Россия,Московская биржа,1,1000,1000,RUB,963.11,962.94,961.17,960,96.117,1.94,,0,92,4,Floating,True,2026-09-11T00:00:00Z,2036-09-11T00:00:00+03:00,2036-09-11T00:00:00+03:00,15.43,,15.43,,2,0.74,0.0008,True,False,False,False,False,True,0,False,False,False,956.15
SU29015RMFS3,RU000A1025A7,ОФЗ 29015,RUB,Government,Россия,Московская биржа,1,1000,1000,RUB,1016.68,1015.98,995.2,995.03,99.52,21.48,,0,91,4,Floating,True,2026-07-22T00:00:00Z,2028-10-18T00:00:00+03:00,2028-10-18T00:00:00+03:00,15.28,,15.28,,2,-0.38,-0.0004,True,False,False,False,False,True,0,False,False,False,978.47
SU26228RMFS5,RU000A100A82,ОФЗ 26228,RUB,Government,Россия,Московская биржа,1,1000,1000,RUB,842.31,841.59,829.33,826.99,82.933,13,38.15,7.65,182,2,Fixed,False,2026-10-14T00:00:00Z,2030-04-10T00:00:00+03:00,2030-04-10T00:00:00+03:00,9.22,13.96,13.96,3.28,2,-0.18,-0.0002,True,False,False,False,False,True,0,False,False,False,767.95
RU000A10BPZ1,RU000A10BPZ1,АФК Система БО 002Р-02,RUB,Financial,Россия,Московская биржа,1,1000,1000,RUB,1078,1077.9,1064.2,1061,106.42,13.7,18.7,22.75,30,12,Fixed,False,2026-06-24T00:00:00Z,2027-05-20T00:00:00+03:00,2027-05-20T00:00:00+03:00,21.38,16.39,16.39,0.84,2,1.5,0.0014,True,False,False,False,False,True,0,False,False,False,1035.5
RU000A109E71,RU000A109E71,ТрансКонтейнер П02-01,RUB,Industrials,Россия,Московская биржа,1,1000,1000,RUB,984.1,983.9,975.2,972.1,97.52,8.9,13.36,0,30,12,Floating,True,2026-06-26T00:00:00Z,2027-08-20T00:00:00+03:00,2027-08-20T00:00:00+03:00,16.66,18.35,18.35,1.07,2,0.7,0.0007,True,False,False,False,False,True,0,False,False,False,982
RU000A10FA64,RU000A10FA64,ИНАРКТИКА 002Р-06,RUB,Consumer,Россия,Московская биржа,1,1000,1000,RUB,1006.5,1006,999.9,999.4,99.99,6.6,14.22,0,30,12,Floating,True,2026-07-02T00:00:00Z,2029-05-17T00:00:00+03:00,2029-05-17T00:00:00+03:00,17.3,16.26,16.26,2.35,2,0.2,0.0002,True,False,False,False,False,True,0,False,False,False,999.9
RU000A10AV15,RU000A10AV15,ВИС ФИНАНС БО-П07,RUB,Financial,Россия,Московская биржа,1,1000,1000,RUB,1017.5,1017.4,1012,1013.6,101.2,5.5,20.75,25.25,30,12,Fixed,False,2026-07-08T00:00:00Z,2026-08-07T00:00:00+03:00,2026-08-07T00:00:00+03:00,24.95,17.98,17.98,0.14,2,-2.2,-0.0022,True,False,False,False,False,True,0,False,False,False,1058.6
SIBN6P3,RU000A10CLW5,Газпром нефть 006Р-03,RUB,Energy,Россия,СПБ Биржа,1,7190.77,100,USD,7579.790657,7142.591841,7214.499541,7214.499541,100.33,30.201234,43.14,,31,12,Fixed,False,2026-06-25T00:00:00Z,2027-08-19T00:00:00+03:00,2027-08-19T00:00:00+03:00,7.23,7.25,7.25,,2,0.0,0,True,False,False,False,False,True,0,False,False,False,7204.432463
SU26226RMFS9,RU000A0ZZYW2,ОФЗ 26226,RUB,Government,Россия,Московская биржа,1,1000,1000,RUB,1000.83,999.63,985.81,984.5,98.581,15.03,39.64,7.95,182,2,Fixed,False,2026-10-07T00:00:00Z,2026-10-07T00:00:00+03:00,2026-10-07T00:00:00+03:00,8.06,13.07,13.07,0.31,2,1.7,0.0017,True,False,False,False,False,True,0,False,False,False,908.64
RU000A10C5L7,RU000A10C5L7,Селигдар 001Р-04,RUB,Materials,Россия,Московская биржа,1,1000,1000,RUB,1063.4,1062.1,1048.3,1048.8,104.83,15.1,15.62,19,30,12,Fixed,False,2026-06-17T00:00:00Z,2028-01-08T00:00:00+03:00,2028-01-08T00:00:00+03:00,18.12,16.66,16.66,1.35,2,0.0,0,True,False,False,False,False,True,0,False,False,False,1035
RU000A10CR50,RU000A10CR50,ГТЛК БО 002P-10,RUB,Financial,Россия,Московская биржа,1,1000,1000,RUB,975.7,975.3,973.8,973,97.38,1.9,14.1,0,30,12,Floating,True,2026-06-15T00:00:00Z,2028-08-30T00:00:00+03:00,2028-08-30T00:00:00+03:00,17.62,17.97,17.97,1.6,2,1.2,0.0012,True,False,False,False,False,True,0,False,False,False,995.9
RU000A10DA41,RU000A10DA41,ВИС ФИНАНС БО-П10,RUB,Financial,Россия,Московская биржа,1,1000,1000,RUB,995.5,994.4,985,982.5,98.5,10.5,15,0,30,12,Floating,True,2026-06-25T00:00:00Z,2028-10-12T00:00:00+03:00,2028-10-12T00:00:00+03:00,18.53,18.5,18.5,1.69,2,0.6,0.0006,True,False,False,False,False,True,0,False,False,False,986.5
SU46023RMFS6,RU000A0JRTL6,ОФЗ 46023,RUB,Government,Россия,Московская биржа,1,100,100,RUB,103.205,102.943,99.965,99.646,99.965,3.24,4.07,8.16,182,2,Fixed,False,2026-07-23T00:00:00Z,2026-07-23T00:00:00+03:00,2026-07-23T00:00:00+03:00,8.16,8.58,8.58,0.1,2,0.072,0.0007,True,False,False,False,False,True,0,False,False,False,93.219
RU000A10BW62,RU000A10BW62,МТС 002P-12,RUB,Telecom,Россия,Московская биржа,1,1000,1000,RUB,1011.7,1011.6,999.9,1000.3,99.99,11.8,14.79,18,30,12,Variable,False,2026-06-22T00:00:00Z,2030-06-01T00:00:00+03:00,2026-06-25T00:00:00Z,18,,18.11,0.02,2,-0.2,-0.0002,True,False,False,False,False,True,0,False,False,False,1009
SU26212RMFS9,RU000A0JTK38,ОФЗ 26212,RUB,Government,Россия,Московская биржа,1,1000,1000,RUB,948.59,947.6,920.45,920.08,92.045,28.2,35.15,7.05,182,2,Fixed,False,2026-07-22T00:00:00Z,2028-01-19T00:00:00+03:00,2028-01-19T00:00:00+03:00,7.66,13.11,13.11,1.49,2,0.36,0.0004,True,False,False,False,False,True,0,False,False,False,838.89
RU000A108Z85,RU000A108Z85,РЖД БО 001P-32R,RUB,Industrials,Россия,Московская биржа,1,1000,1000,RUB,992.7,991.1,984.7,985,98.47,8.1,13.17,15.51,31,12,Floating,True,2026-06-29T00:00:00Z,2029-08-18T00:00:00+03:00,2029-08-18T00:00:00+03:00,15.75,15.01,15.01,2.57,2,-0.5,-0.0005,True,False,False,False,False,True,0,False,False,False,977
RU000A10CS75,RU000A10CS75,Аэрофлот П02-БО-02,RUB,Consumer,Россия,Московская биржа,1,1000,1000,RUB,999.8,998.9,999.8,999.9,99.98,0,13.23,0,30,12,Floating,True,2026-06-16T00:00:00Z,2030-08-24T00:00:00+03:00,2030-08-24T00:00:00+03:00,16.1,15.03,15.03,3.19,2,0.0,0,True,False,False,False,False,True,0,False,False,False,996
RU000A10F7L0,RU000A10F7L0,Атомэнергопром 001P-12,RUB,Energy,Россия,Московская биржа,1,1000,1000,RUB,1008.9,1007.1,999.5,997.5,99.95,9.4,34.16,13.7,91,4,Fixed,False,2026-08-21T00:00:00Z,2029-05-18T00:00:00+03:00,2029-05-18T00:00:00+03:00,13.71,14.44,14.44,2.44,2,0.2,0.0002,True,False,False,False,False,True,0,False,False,False,999.5
RU000A106K43,RU000A106K43,РЖД БО 001Р-26R,RUB,Industrials,Россия,Московская биржа,1,1000,1000,RUB,992.4,991,987.6,988.3,98.76,4.7,13.16,15.5,31,12,Floating,True,2026-07-06T00:00:00Z,2028-07-19T00:00:00+03:00,2028-07-19T00:00:00+03:00,15.69,15.18,15.18,1.82,2,1.3,0.0013,True,False,False,False,False,True,0,False,False,False,989.8
SU26232RMFS7,RU000A1014N4,ОФЗ 26232,RUB,Government,Россия,Московская биржа,1,1000,1000,RUB,932.64,931.83,921.3,919.95,92.13,11.34,29.92,6,182,2,Fixed,False,2026-10-07T00:00:00Z,2027-10-06T00:00:00+03:00,2027-10-06T00:00:00+03:00,6.51,13.11,13.11,1.26,2,0.3,0.0003,True,False,False,False,False,True,0,False,False,False,825.82
RU000A105YB1,RU000A105YB1,Медси ГК 001P-02,RUB,HealthCare,Россия,Московская биржа,1,1000,1000,RUB,988.9,985.7,983.8,983.5,98.38,1.8,32.41,13,91,4,Variable,False,2026-09-10T00:00:00Z,2038-02-25T00:00:00+03:00,2027-03-15T00:00:00Z,13.21,,16.25,0.72,2,-2.7,-0.0027,True,False,False,False,False,True,0,False,False,False,944.5
RU000A10ASC6,RU000A10ASC6,Европлан 001P-09,RUB,Other,Россия,Московская биржа,1,900,900,RUB,1001.97,1000.62,989.37,986.22,109.93,12.42,17.75,24,30,12,Fixed,False,2026-06-25T00:00:00Z,2028-07-14T00:00:00+03:00,2028-07-14T00:00:00+03:00,21.83,14.84,14.84,0.96,2,0.0,0,True,False,False,False,False,True,0,False,False,False,991.44
RU000A10DPS2,RU000A10DPS2,Атомэнергопром 001Р-09,RUB,Energy,Россия,Московская биржа,1,1000,1000,RUB,1051.3,1049.6,1046.3,1042.9,104.63,5,37.65,15.1,91,4,Fixed,False,2026-09-03T00:00:00Z,2031-05-29T00:00:00+03:00,2031-05-29T00:00:00+03:00,14.43,14.52,14.52,3.59,2,1.8,0.0017,True,False,False,False,False,True,0,False,False,False,1014.5
RU000A10CFK2,RU000A10CFK2,Кредитный поток 2.0,RUB,Financial,Россия,Московская биржа,1,1000,1000,RUB,1014.1,1012.7,1001.2,1001.8,100.12,11.4,13.59,16,31,12,Fixed,False,2026-06-22T00:00:00Z,2032-10-21T00:00:00+03:00,2032-10-21T00:00:00+03:00,15.98,17,17,0.62,2,-0.8,-0.0008,True,False,False,False,False,True,0,False,False,False,997.7
RU000A10DD30,RU000A10DD30,СФО СБ Секьюритизация 3 кл.А1,RUB,Financial,Россия,Московская биржа,1,726.27,726.27,RUB,738.61659,737.745066,731.717025,731.571771,100.75,6.899565,10.18,16.5,31,12,Fixed,False,2026-06-26T00:00:00Z,2034-10-26T00:00:00+03:00,2034-10-26T00:00:00+03:00,16.38,16.52,16.52,0.68,2,0.145254,0.0002,True,False,False,False,False,True,0,False,False,False,728.013048
RU000A108777,RU000A108777,Балтийский лизинг БО-П10,RUB,Financial,Россия,Московская биржа,1,1000,1000,RUB,981.3,980.3,978.5,979.1,97.85,1.8,13.81,0,30,12,Floating,True,2026-06-15T00:00:00Z,2027-04-08T00:00:00+03:00,2027-04-08T00:00:00+03:00,17.17,23.21,23.21,0.42,2,-1.4,-0.0014,True,False,False,False,False,True,0,False,False,False,923.5
RU000A10BGY3,RU000A10BGY3,МТС 002P-10,RUB,Telecom,Россия,Московская биржа,1,1000,1000,RUB,1019.7,1018.7,1003.6,1004.3,100.36,14.2,15.82,19.25,30,12,Variable,False,2026-06-19T00:00:00Z,2030-03-30T00:00:00+03:00,2026-07-22T00:00:00Z,19.18,,16.7,0.1,2,-2,-0.002,True,False,False,False,False,True,0,False,False,False,1015.1
RU000A10C6L5,RU000A10C6L5,Атомэнергопром 001Р-07,RUB,Energy,Россия,Московская биржа,1,1000,1000,RUB,1039.7,1039.3,1018.9,1014,101.89,20.8,35.78,14.35,91,4,Fixed,False,2026-07-24T00:00:00Z,2030-07-19T00:00:00+03:00,2030-07-19T00:00:00+03:00,14.08,14.46,14.46,3.11,2,0.6,0.0006,True,False,False,False,False,True,0,False,False,False,1022.5
RU000A10AZ45,RU000A10AZ45,РЖД БО 001P-37R,RUB,Industrials,Россия,Московская биржа,1,1000,1000,RUB,1125.8,1124.4,1112.4,1106,111.24,13.4,16.03,19.5,30,12,Fixed,False,2026-06-22T00:00:00Z,2028-08-24T00:00:00+03:00,2028-08-24T00:00:00+03:00,17.53,14.42,14.42,1.8,2,-0.3,-0.0003,True,False,False,False,False,True,0,False,False,False,1107.9
SIBN6P1,RU000A10C1S1,Газпром Нефть 006Р-01R,RUB,Energy,,СПБ Биржа,1,8297.43,100,EUR,8401.147875,8357.171496,8361.320211,8361.320211,100.77,17.424603,51.44,,31,12,Fixed,False,2026-07-06T00:00:00Z,2027-07-01T00:00:00+03:00,2027-07-01T00:00:00+03:00,7.44,7.01,7.01,,2,0.0,0,True,False,False,False,False,True,0,False,False,False,8393.680188
RU000A10DTA2,RU000A10DTA2,Селигдар 001Р-9,RUB,Materials,Россия,Московская биржа,1,1000,1000,RUB,1014.1,1012.4,1013.8,1013.4,101.38,1,15.62,0,30,12,Floating,True,2026-06-15T00:00:00Z,2027-12-06T00:00:00+03:00,2027-12-06T00:00:00+03:00,18.74,17.32,17.32,1.31,2,0.3,0.0003,True,False,False,False,False,True,0,False,False,False,1003.7
RU000A1020L5,RU000A1020L5,Самарская область 35015,RUB,Municipal,Россия,Московская биржа,1,200,200,RUB,199.28,199.04,197.7,197.62,98.85,1.34,2.89,5.8,91,4,Fixed,False,2026-08-04T00:00:00Z,2026-08-04T00:00:00+03:00,2026-08-04T00:00:00+03:00,5.87,15.38,15.38,0.13,2,-0.24,-0.0012,True,False,False,False,False,True,0,False,False,False,183.76
RU000A10C3F4,RU000A10C3F4,СФО Сплит Финанс ПВ-1,RUB,Financial,Россия,Московская биржа,1,1000,1000,RUB,1014.9,1012.8,1006.8,1005.8,100.68,8.1,14.01,16.5,31,12,Fixed,False,2026-06-29T00:00:00Z,2029-09-29T00:00:00+03:00,2029-09-29T00:00:00+03:00,16.39,16.51,16.51,0.61,2,1.6,0.0016,True,False,False,False,False,True,0,False,False,False,1004.2
SU26224RMFS4,RU000A0ZYUA9,ОФЗ 26224,RUB,Government,Россия,Московская биржа,1,1000,1000,RUB,857.48,856.13,852.51,852.77,85.251,3.78,34.41,6.9,182,2,Fixed,False,2026-11-25T00:00:00Z,2029-05-23T00:00:00+03:00,2029-05-23T00:00:00+03:00,8.09,13.54,13.54,2.67,2,-0.38,-0.0004,True,False,False,False,False,True,0,False,False,False,779.48
RU000A109K40,RU000A109K40,ФосАгро БО-П02,RUB,Materials,Россия,Московская биржа,1,1000,1000,RUB,1004.3,1003,1001.7,1001,100.17,2.6,12.82,0,30,12,Floating,True,2026-07-10T00:00:00Z,2026-09-08T00:00:00+03:00,2026-09-08T00:00:00+03:00,15.57,15.17,15.17,0.23,2,1.4,0.0014,True,False,False,False,False,True,0,False,False,False,999.6
SU46020RMFS2,RU000A0GN9A7,ОФЗ 46020,RUB,Government,Россия,Московская биржа,1,1000,1000,RUB,687.07,683.64,663.63,668.64,66.363,23.63,34.41,6.9,182,2,Fixed,False,2026-08-12T00:00:00Z,2036-02-06T00:00:00+03:00,2036-02-06T00:00:00+03:00,10.4,13.97,13.97,6,2,-2.99,-0.0045,True,False,False,False,False,True,0,False,False,False,608.96
RU000A10A7C4,RU000A10A7C4,Европлан 001P-08,RUB,Other,Россия,Московская биржа,1,1000,1000,RUB,1042.5,1040.4,1030.5,1027.9,103.05,10.1,15.21,0,30,12,Floating,True,2026-06-26T00:00:00Z,2027-11-18T00:00:00+03:00,2027-11-18T00:00:00+03:00,17.95,14.72,14.72,0.96,2,-1.5,-0.0015,True,False,False,False,False,True,0,False,False,False,1049.7
RU000A10AT35,RU000A10AT35,ИКС 5 Финанс 003P-11,RUB,Consumer,Россия,Московская биржа,1,1000,1000,RUB,1042.8,1041.7,1029.1,1029.1,102.91,13.7,14.18,17.25,30,12,Variable,False,2026-06-17T00:00:00Z,2035-03-02T00:00:00+03:00,2027-03-17T00:00:00Z,16.76,,13.99,0.7,2,0.9,0.0009,True,False,False,False,False,True,0,False,False,False,1022
RU000A1097T6,RU000A1097T6,СФО СБ Секьюритизация Класс А А,RUB,Financial,Россия,Московская биржа,1,283.62,283.62,RUB,293.68851,293.26308,290.00145,289.774554,102.25,3.26163,4.85,20,31,12,Fixed,False,2026-06-26T00:00:00Z,2033-08-26T00:00:00+03:00,2033-08-26T00:00:00+03:00,19.56,15.51,15.51,0.41,2,-0.652326,-0.0022,True,False,False,False,False,True,0,False,False,False,284.130516
RU000A10AHC9,RU000A10AHC9,РЕСО-Лизинг БО-П-23,RUB,Financial,Россия,Московская биржа,1,1000,1000,RUB,1077,1075.9,1058.9,1045.6,105.89,18.1,20.14,24.5,30,12,Variable,False,2026-06-19T00:00:00Z,2034-11-04T00:00:00+03:00,2026-12-21T00:00:00Z,23.14,,13.39,0.48,2,3.3,0.0031,True,False,False,False,False,True,0,False,False,False,1118.7
RU000A10B0A2,RU000A10B0A2,Магнит БО-005Р-03,RUB,Consumer,Россия,Московская биржа,1,1000,1000,RUB,1011.1,1009.7,1001.6,1003,100.16,8.1,13.56,0,30,12,Floating,True,2026-06-29T00:00:00Z,2026-08-27T00:00:00+03:00,2026-08-27T00:00:00+03:00,16.47,16.09,16.09,0.19,2,-2.2,-0.0022,True,False,False,False,False,True,0,False,False,False,1009.5
RU000A10EK48,RU000A10EK48,СФО СБ Секьюритизация 4 кл.АС,RUB,Financial,Россия,Московская биржа,1,923.49,923.49,RUB,932.632551,932.447853,924.41349,923.767047,100.1,8.219061,12.55,15.5,31,12,Fixed,False,2026-06-26T00:00:00Z,2035-03-26T00:00:00+03:00,2035-03-26T00:00:00+03:00,15.48,16.5,16.5,0.8,2,0.0,0,True,False,False,False,False,True,0,False,False,False,923.49
RU000A10ENP1,RU000A10ENP1,СФО Альфа Фабрика ПК-3 класс А,RUB,Financial,Россия,Московская биржа,1,1000,1000,RUB,1031.9,1031.3,1004.2,1003.4,100.42,27.7,34.39,16.3,77,12,Fixed,False,2026-07-01T00:00:00Z,2032-10-01T00:00:00+03:00,2032-10-01T00:00:00+03:00,16.23,16.7,16.7,0.57,2,0.1,0.0001,True,False,False,False,False,True,0,False,False,False,1003
RU000A10C8C0,RU000A10C8C0,РЖД БО 001P-44R,RUB,Industrials,Россия,Московская биржа,1,1000,1000,RUB,1012.1,1010.5,1004.5,1000,100.45,7.6,11.47,13.95,30,12,Fixed,False,2026-06-26T00:00:00Z,2029-02-10T00:00:00+03:00,2029-02-10T00:00:00+03:00,13.89,14.65,14.65,2.22,2,0.5,0.0005,True,False,False,False,False,True,0,False,False,False,1008
RU000A10DYG9,RU000A10DYG9,Атомэнергопром 001Р-10,RUB,Energy,Россия,Московская биржа,1,1000,1000,RUB,1086.5,1086.4,1052,1050.8,105.2,34.5,37.77,15.15,91,4,Fixed,False,2026-06-24T00:00:00Z,2031-06-18T00:00:00+03:00,2031-06-18T00:00:00+03:00,14.4,14.42,14.42,3.52,2,-1.6,-0.0015,True,False,False,False,False,True,0,False,False,False,1010
RU000A107UW1,RU000A107UW1,Газпром нефть БО 003P-10R,RUB,Energy,Россия,Московская биржа,1,1000,1000,RUB,1014.1,1013,1001.5,1001,100.15,12.6,12.99,0,30,12,Floating,True,2026-06-17T00:00:00Z,2027-02-12T00:00:00+03:00,2027-02-12T00:00:00+03:00,15.78,15.52,15.52,0.62,2,0.0,0,True,False,False,False,False,True,0,False,False,False,991.7
RU000A1083A6,RU000A1083A6,ГМК Норникель БО-001Р-07,RUB,Materials,Россия,Московская биржа,1,1000,1000,RUB,1002.1,1001.5,1000.6,1001.4,100.06,0.9,12.99,15.8,30,12,Floating,True,2026-06-15T00:00:00Z,2029-02-28T00:00:00+03:00,2029-02-28T00:00:00+03:00,15.79,14.5,14.5,2.27,2,-1.3,-0.0013,True,False,False,False,False,True,0,False,False,False,981.3
RU000A106TM6,RU000A106TM6,Банк ВТБ Б-1-343,RUB,Financial,Россия,Московская биржа,1,1000,1000,RUB,1004.1,1003.1,998.1,997.8,99.81,6,11.92,14.5,30,12,Floating,True,2026-07-01T00:00:00Z,2026-09-01T00:00:00+03:00,2026-09-01T00:00:00+03:00,14.53,16.55,16.55,0.21,2,-0.2,-0.0002,True,False,False,False,False,True,0,False,False,False,976.9
RU000A10A7H3,RU000A10A7H3,СИБУР Холдинг 001Р-02,RUB,Energy,Россия,Московская биржа,1,1000,1000,RUB,1017.4,1015.7,1006.6,1008.4,100.66,9.1,13.64,0,30,12,Floating,True,2026-06-26T00:00:00Z,2026-11-23T00:00:00+03:00,2026-11-23T00:00:00+03:00,16.49,15.17,15.17,0.42,2,-2.5,-0.0025,True,False,False,False,False,True,0,False,False,False,1018.1
RU000A10BFG2,RU000A10BFG2,Атомэнергопром 001Р-05,RUB,Energy,Россия,Московская биржа,1,1000,1000,RUB,1138.2,1137,1108.1,1103.5,110.81,28.9,43.13,17.3,91,4,Fixed,False,2026-07-16T00:00:00Z,2030-04-11T00:00:00+03:00,2030-04-11T00:00:00+03:00,15.61,14.33,14.33,2.85,2,3.5,0.0032,True,False,False,False,False,True,0,False,False,False,1069.5
RU000A1032P1,RU000A1032P1,СФО ВТБ РКС-1,RUB,Financial,Россия,Московская биржа,1,103.96,103.96,RUB,103.045152,102.847628,102.71248,102.275848,98.8,0.343068,0.68,8,30,12,Fixed,False,2026-07-01T00:00:00Z,2030-12-01T00:00:00+03:00,2030-12-01T00:00:00+03:00,8.1,14.84,14.84,0.2,2,0.31188,0.003,True,False,False,False,False,True,0,False,False,False,93.709544
RU000A10DPV6,RU000A10DPV6,АФК Система БО 002Р-07,RUB,Financial,Россия,Московская биржа,1,1000,1000,RUB,1014.3,1013.3,1006,1007.9,100.6,7.3,15.62,0,30,12,Floating,True,2026-07-02T00:00:00Z,2027-11-24T00:00:00+03:00,2027-11-24T00:00:00+03:00,18.89,18.03,18.03,1.27,2,-1.6,-0.0016,True,False,False,False,False,True,0,False,False,False,1000
RU000A10BNM4,RU000A10BNM4,АБЗ-1 002P-03,RUB,Industrials,Россия,Московская биржа,1,1000,1000,RUB,1133.1,1130.8,1112.8,1112.5,111.28,20.3,20.96,25.5,30,12,Fixed,False,2026-06-17T00:00:00Z,2028-05-07T00:00:00+03:00,2028-05-07T00:00:00+03:00,22.92,16.82,16.82,1.1,2,-1.1,-0.001,True,False,False,False,False,True,0,False,False,False,1023.2
RU000A10AC75,RU000A10AC75,Томская область 34072,RUB,Municipal,Россия,Московская биржа,1,750,750,RUB,837.675,836.4,823.8,823.8,109.84,13.875,16.03,26,30,12,Fixed,False,2026-06-22T00:00:00Z,2027-12-12T00:00:00+03:00,2027-12-12T00:00:00+03:00,23.67,14.88,14.88,0.79,2,0.9,0.0011,True,False,False,False,False,True,0,False,False,False,843.825
RU000A10A6J1,RU000A10A6J1,Томск 34009,RUB,Municipal,Россия,Московская биржа,1,500,500,RUB,526,525.1,522.55,523,104.51,2.5,11.04,26,31,12,Fixed,False,2026-07-10T00:00:00Z,2026-12-12T00:00:00+03:00,2026-12-12T00:00:00+03:00,24.88,14.89,14.89,0.37,2,-0.3,-0.0006,True,False,False,False,False,True,0,False,False,False,542.2
RU000A109PF2,RU000A109PF2,РЖД БО 001P-33R,RUB,Industrials,Россия,Московская биржа,1,1000,1000,RUB,988,987.1,987.1,989,98.71,0.9,13.43,15.81,31,12,Floating,True,2026-06-15T00:00:00Z,2028-10-29T00:00:00+03:00,2028-10-29T00:00:00+03:00,15.64,15.12,15.12,2.03,2,0.6,0.0006,True,False,False,False,False,True,0,False,False,False,1001
RU000A10B7T7,RU000A10B7T7,Кредитный поток 1.0,RUB,Other,Россия,Московская биржа,1,218.21,218.21,RUB,229.491457,228.836827,226.349233,226.567443,103.73,3.142224,4.63,25,31,12,Fixed,False,2026-06-26T00:00:00Z,2030-03-26T00:00:00+03:00,2030-03-26T00:00:00+03:00,24.1,7.28,7.28,0.21,2,0.130926,0.0006,True,False,False,False,False,True,0,False,False,False,227.483925
RU000A10F504,RU000A10F504,ВЭБ.РФ ПБО-002Р-58,RUB,Financial,Россия,Московская биржа,1,1012.47,1012.47,RUB,1014.292446,1013.684964,1011.963765,1011.862518,99.95,1.619952,,1.85,188,2,Fixed,False,2026-11-19T00:00:00Z,2029-06-16T00:00:00+03:00,2029-06-16T00:00:00+03:00,1.85,1.88,1.88,2.93,2,-0.708729,-0.0007,True,False,False,False,False,True,0,False,False,True,1011.963765
RU000A107C67,RU000A107C67,ГМК Норникель ЗО26-Д,RUB,Materials,Россия,Московская биржа,1,71907.7,1000,USD,72514.5290803,71378.1716972,72593.7713657,71310.86609,100.9541,273.968337,1006.71,2.8,183,2,Fixed,False,2026-10-27T00:00:00Z,2026-10-27T00:00:00+03:00,2026-10-27T00:00:00+03:00,2.77,0.18,0.18,0.36,2,1282.9052757,0.018,True,False,False,False,False,True,0,False,False,False,69477.4354631
SU26237RMFS6,RU000A1038Z7,ОФЗ 26237,RUB,Government,Россия,Московская биржа,1,1000,1000,RUB,873.25,871.5,856.73,853.74,85.673,16.52,33.41,6.7,182,2,Fixed,False,2026-09-16T00:00:00Z,2029-03-14T00:00:00+03:00,2029-03-14T00:00:00+03:00,7.82,13.49,13.49,2.49,2,0.46,0.0005,True,False,False,False,False,True,0,False,False,False,781.14
RU000A104Z48,RU000A104Z48,ВЭБ.РФ ПБО-002Р-33,RUB,Financial,Россия,Московская биржа,1,1000,1000,RUB,1011.4,1008.4,965,963.6,96.5,42.5,50.86,10.2,182,2,Fixed,False,2026-07-16T00:00:00Z,2027-07-15T00:00:00+03:00,2027-07-15T00:00:00+03:00,10.57,14.25,14.25,1.01,2,-1.6,-0.0017,True,False,False,False,False,True,0,False,False,False,893.9
RU000A10CC24,RU000A10CC24,РусГидро БО-002Р-07,RUB,Utilities,Россия,Московская биржа,1,1000,1000,RUB,1008.2,1007.5,1004.8,1004.2,100.48,3.4,11.38,13.85,30,12,Fixed,False,2026-07-07T00:00:00Z,2028-07-26T00:00:00+03:00,2028-07-26T00:00:00+03:00,13.78,14.46,14.46,1.84,2,-1,-0.001,True,False,False,False,False,True,0,False,False,False,1003
RU000A10BF48,RU000A10BF48,Яндекс 001Р-01,RUB,IT,Россия,Московская биржа,1,1000,1000,RUB,1008.1,1008,1007.6,1008,100.76,0.4,13.32,0,30,12,Floating,True,2026-06-15T00:00:00Z,2027-04-11T00:00:00+03:00,2027-04-11T00:00:00+03:00,16.08,14.88,14.88,0.78,2,-0.3,-0.0003,True,False,False,False,False,True,0,False,False,False,1000.9
RU000A106EM8,RU000A106EM8,Балтийский лизинг БО-П08,RUB,Financial,Россия,Московская биржа,1,1000,1000,RUB,1006.2,1004.6,1000.2,1001.2,100.02,4.4,14.79,18,30,12,Variable,False,2026-07-07T00:00:00Z,2033-05-31T00:00:00+03:00,2027-05-06T00:00:00Z,18,,19.53,0.82,2,-1.8,-0.0018,True,False,False,False,False,True,0,False,False,False,1002.9
SU29024RMFS5,RU000A1066D5,ОФЗ 29024,RUB,Government,Россия,Московская биржа,1,1000,1000,RUB,979.16,978.46,960.46,959.47,96.046,18.7,,0,91,4,Floating,True,2026-07-29T00:00:00Z,2035-04-18T00:00:00+03:00,2035-04-18T00:00:00+03:00,15.72,,15.72,,2,-0.91,-0.0009,True,False,False,False,False,True,0,False,False,False,946.25
RU000A10B115,RU000A10B115,РЖД БО 001P-40R,RUB,Industrials,Россия,Московская биржа,1,1000,1000,RUB,1128.1,1126.1,1120.4,1120.1,112.04,7.7,14.51,17.65,30,12,Variable,False,2026-06-30T00:00:00Z,2035-01-14T00:00:00+03:00,2030-05-15T00:00:00Z,15.75,,14.56,2.9,2,0.4,0.0004,True,False,False,False,False,True,0,False,False,False,1097
RU000A108JV4,RU000A108JV4,Газпром капитал БО-003Р-02,RUB,Energy,Россия,Московская биржа,1,1000,1000,RUB,1008.9,1007.8,996.5,997.7,99.65,12.5,12.95,0,30,12,Floating,True,2026-06-17T00:00:00Z,2028-05-07T00:00:00+03:00,2028-05-07T00:00:00+03:00,15.81,14.79,14.79,1.65,2,0.5,0.0005,True,False,False,False,False,True,0,False,False,False,970.4
RU000A10BWC6,RU000A10BWC6,Группа Позитив 001Р-03,RUB,IT,Россия,Московская биржа,1,1000,1000,RUB,1073.8,1072.8,1061,1062.4,106.1,11.8,14.79,18,30,12,Fixed,False,2026-06-22T00:00:00Z,2028-04-12T00:00:00+03:00,2028-04-12T00:00:00+03:00,16.97,15.14,15.14,1.56,2,-1.1,-0.001,True,False,False,False,False,True,0,False,False,False,1019.5
RU000A10DWF5,RU000A10DWF5,Республика Башкортостан 24017,RUB,Municipal,Россия,Московская биржа,1,1000,1000,RUB,1012.9,1012.1,1012.8,1012.9,101.28,0,13.36,16.25,30,12,Floating,True,2026-06-16T00:00:00Z,2029-11-27T00:00:00+03:00,2029-11-27T00:00:00+03:00,16.04,14.32,14.32,1.77,2,0.0,0,True,False,False,False,False,True,0,False,False,False,1016
RU000A107B35,RU000A107B35,Банк ВТБ Б-1-346,RUB,Financial,Россия,Московская биржа,1,1000,1000,RUB,1004.6,1002.9,998.7,997.5,99.87,6,11.92,14.5,30,12,Floating,True,2026-07-01T00:00:00Z,2026-12-01T00:00:00+03:00,2026-12-01T00:00:00+03:00,14.52,15.84,15.84,0.45,2,-0.1,-0.0001,True,False,False,False,False,True,0,False,False,False,980.1
RU000A105A87,RU000A105A87,Совкомфлот ЗО-2028,RUB,Industrials,Россия,Московская биржа,1,71907.7,1000,USD,70131.2921792,67951.2664383,68532.0649312,68086.2371912,95.3056,384.706195,1384.22,3.85,183,2,Fixed,False,2026-10-26T00:00:00Z,2028-04-26T00:00:00+03:00,2028-04-26T00:00:00+03:00,4.04,6.67,6.67,1.81,2,4.3863697,0.0001,True,False,False,False,False,True,0,False,False,False,66482.6954812
RU000A109NC4,RU000A109NC4,СФО ВТБ РКС Эталон 04,RUB,Financial,Россия,Московская биржа,1,303.67,303.67,RUB,324.076624,324.01589,321.343594,318.944601,105.82,2.672296,5.51,21.5,30,12,Fixed,False,2026-07-01T00:00:00Z,2032-12-01T00:00:00+03:00,2032-12-01T00:00:00+03:00,20.32,9.78,9.78,0.47,2,-0.121468,-0.0004,True,False,False,False,False,True,0,False,False,False,306.433397
RU000A109JW0,RU000A109JW0,КАМАЗ БО-П12,RUB,Industrials,Россия,Московская биржа,1,1000,1000,RUB,965,962.9,965,963.7,96.5,0,40.7,0,91,4,Floating,True,2026-06-16T00:00:00Z,2027-09-14T00:00:00+03:00,2027-09-14T00:00:00+03:00,16.92,18.68,18.68,1.16,2,0.1,0.0001,True,False,False,False,False,True,0,False,False,False,947.5
RU000A10B1X2,RU000A10B1X2,Селигдар 001Р-02,RUB,Materials,Россия,Московская биржа,1,1000,1000,RUB,1075.8,1073.1,1065.5,1065.5,106.55,7.9,19.73,24,30,12,Fixed,False,2026-07-06T00:00:00Z,2027-03-01T00:00:00+03:00,2027-03-01T00:00:00+03:00,22.52,15.17,15.17,0.65,2,-1.5,-0.0014,True,False,False,False,False,True,0,False,False,False,1068.9
RU000A10CU55,RU000A10CU55,АФК Система БО 002Р-05,RUB,Financial,Россия,Московская биржа,1,1000,1000,RUB,1011.2,1009.4,998.1,999.9,99.81,11.3,14.79,0,30,12,Floating,True,2026-06-23T00:00:00Z,2027-09-16T00:00:00+03:00,2027-09-16T00:00:00+03:00,18.03,17.77,17.77,1.13,2,0.1,0.0001,True,False,False,False,False,True,0,False,False,False,993.2
RU000A10AFX9,RU000A10AFX9,Металлоинвест 001P-09,RUB,Industrials,,Московская биржа,1,1000,1000,RUB,1013.7,1013.1,1000.4,1000.1,100.04,13.5,13.97,0,30,12,Floating,True,2026-06-17T00:00:00Z,2026-06-17T00:00:00+03:00,2026-06-17T00:00:00+03:00,16.99,2.28,2.28,0,2,0.2,0.0002,True,False,False,False,False,True,0,False,False,False,1012.5
RU000A10D3S6,RU000A10D3S6,Селигдар 001Р-06,RUB,Materials,Россия,Московская биржа,1,1000,1000,RUB,1051,1049.9,1049,1045.8,104.9,2,15.21,18.5,30,12,Fixed,False,2026-06-15T00:00:00Z,2028-04-02T00:00:00+03:00,2028-04-02T00:00:00+03:00,17.64,16.5,16.5,1.55,2,0.5,0.0005,True,False,False,False,False,True,0,False,False,False,1025.4
RU000A10EA32,RU000A10EA32,Почта России 003P-04,RUB,Other,Россия,Московская биржа,1,1000,1000,RUB,1002.6,1002.4,1001,998.1,100.1,1.4,14.38,0,30,12,Floating,True,2026-06-15T00:00:00Z,2036-01-22T00:00:00+03:00,2028-02-08T00:00:00Z,17.48,,16.64,1.46,2,0.0,0,True,False,False,False,False,True,0,True,False,False,999.3
RU000A10B8R9,RU000A10B8R9,Инарктика 002Р-02,RUB,Consumer,Россия,Московская биржа,1,1000,1000,RUB,1105.7,1103.6,1068.7,1068,106.87,37,47.37,19,91,4,Fixed,False,2026-07-06T00:00:00Z,2028-04-03T00:00:00+03:00,2028-04-03T00:00:00+03:00,17.78,15.4,15.4,1.52,2,-0.2,-0.0002,True,False,False,False,False,True,0,False,False,False,1036.3
RU000A10AXH5,RU000A10AXH5,Магнит БО-005Р-02,RUB,Consumer,Россия,Московская биржа,1,1000,1000,RUB,1034.2,1030.8,1028.2,1025,102.82,1.8,17.67,21.5,30,12,Fixed,False,2026-06-15T00:00:00Z,2026-09-11T00:00:00+03:00,2026-09-11T00:00:00+03:00,20.91,9.91,9.91,0.23,2,-1.9,-0.0018,True,False,False,False,False,True,0,False,False,False,1069.7
RU000A10DSC0,RU000A10DSC0,Кредитный поток 4.1,RUB,Financial,Россия,Московская биржа,1,1000,1000,RUB,1047.4,1046.4,1041.4,1040.6,104.14,6.4,14.79,18,30,12,Fixed,False,2026-07-03T00:00:00Z,2031-01-03T00:00:00+03:00,2031-01-03T00:00:00+03:00,17.28,17.14,17.14,1.98,2,2.7,0.0026,True,False,False,False,False,True,0,False,False,False,1046.8
RU000A10C6P6,RU000A10C6P6,Авто Финанс Банк БО-001Р-15,RUB,Financial,Россия,Московская биржа,1,1000,1000,RUB,1061.8,1061.3,1049.9,1045.7,104.99,11.9,13.77,16.75,30,12,Fixed,False,2026-06-22T00:00:00Z,2028-07-09T00:00:00+03:00,2028-07-09T00:00:00+03:00,15.95,14.89,14.89,1.75,2,0.9,0.0009,True,False,False,False,False,True,0,False,False,False,1032
SU29020RMFS3,RU000A102BV4,ОФЗ 29020,RUB,Government,Россия,Московская биржа,1,1000,1000,RUB,1033.54,1032.88,1000.05,1000.53,100.005,32.83,,0,91,4,Floating,True,2026-06-24T00:00:00Z,2027-09-22T00:00:00+03:00,2027-09-22T00:00:00+03:00,15.52,,15.52,,2,-0.59,-0.0006,True,False,False,False,False,True,0,False,False,False,981.99
RU000A10EN11,RU000A10EN11,РЖД БО 001P-52R,RUB,Industrials,Россия,Московская биржа,1,1000,1000,RUB,1024.3,1024.2,1014.7,1012.7,101.47,9.5,11.92,14.5,30,12,Variable,False,2026-06-22T00:00:00Z,2036-03-31T00:00:00+03:00,2029-10-09T00:00:00Z,14.29,,14.87,2.63,2,-0.1,-0.0001,True,False,False,False,False,True,0,False,False,False,1006.5
RU000A10DBM5,RU000A10DBM5,Кредитный поток 3.0,RUB,Other,Россия,Московская биржа,1,1000,1000,RUB,1038.5,1037.3,1026.4,1026,102.64,10.9,14.69,17.3,31,12,Fixed,False,2026-06-24T00:00:00Z,2030-06-24T00:00:00+03:00,2030-06-24T00:00:00+03:00,16.86,17.24,17.24,1.73,2,-1,-0.001,True,False,False,False,False,True,0,False,False,False,1012.8
SIBN6P2,RU000A10C6G5,Газпром Нефть 006Р-02R,RUB,Energy,,СПБ Биржа,1,10606.4,1000,CNY,10768.67792,10662.61392,10609.58192,10609.58192,100.03,56.21392,65.34,,31,12,Fixed,False,2026-06-22T00:00:00Z,2027-01-16T00:00:00+03:00,2027-01-16T00:00:00+03:00,7.5,7.74,7.74,,2,0.0,0,True,False,False,False,False,True,0,False,False,False,10692.31184
RU000A10B2T8,RU000A10B2T8,ВИС ФИНАНС БО-П08,RUB,Financial,Россия,Московская биржа,1,1000,1000,RUB,1074.2,1071.8,1065.9,1069.1,106.59,5.9,19.73,24,30,12,Fixed,False,2026-07-07T00:00:00Z,2027-03-04T00:00:00+03:00,2027-03-04T00:00:00+03:00,22.52,15.22,15.22,0.66,2,-1.7,-0.0016,True,False,False,False,False,True,0,False,False,False,1058.6
RU000A1075S4,RU000A1075S4,ИКС 5 Финанс 003Р-02,RUB,Financial,Россия,Московская биржа,1,1000,1000,RUB,1012.4,1011.7,1000.2,1001.5,100.02,11.5,12.82,15.6,30,12,Floating,True,2026-06-19T00:00:00Z,2026-10-17T00:00:00+03:00,2026-10-17T00:00:00+03:00,15.6,15.67,15.67,0.33,2,0.1,0.0001,True,False,False,False,False,True,0,False,False,False,999.8
RU000A10EEZ9,RU000A10EEZ9,Селектел 001P-07R,RUB,IT,Россия,Московская биржа,1,1000,1000,RUB,1040.3,1038.3,1032.5,1033.2,103.25,5.8,12.33,15,30,12,Fixed,False,2026-07-02T00:00:00Z,2029-02-16T00:00:00+03:00,2029-02-16T00:00:00+03:00,14.53,14.42,14.42,2.22,2,-2,-0.0019,True,False,False,False,False,True,0,False,False,False,1008
RU000A10AA10,RU000A10AA10,ПСБ Лизинг БО-П01,RUB,Financial,Россия,Московская биржа,1,1000,1000,RUB,1098.9,1084,1073.3,1065.4,107.33,9.6,20.55,25,30,12,Fixed,False,2026-07-02T00:00:00Z,2026-11-29T00:00:00+03:00,2026-11-29T00:00:00+03:00,23.29,8.85,8.85,0.43,2,6.3,0.0059,True,False,False,False,False,True,0,False,False,False,1124.8
RU000A10DQL5,RU000A10DQL5,Металлоинвест 002P-03,RUB,Industrials,Россия,Московская биржа,1,1000,1000,RUB,1003.9,1003.5,999.4,996.5,99.94,4.5,13.4,0,30,12,Floating,True,2026-07-06T00:00:00Z,2030-12-02T00:00:00+03:00,2030-12-02T00:00:00+03:00,16.31,17.61,17.61,3.18,2,1.2,0.0012,True,False,False,False,False,True,0,False,False,False,994
RU000A10BU31,RU000A10BU31,КАМАЗ БО-П15,RUB,Industrials,Россия,Московская биржа,1,1000,1000,RUB,1036.7,1034.5,1036.3,1031.3,103.63,0.5,14.79,18,30,12,Fixed,False,2026-06-15T00:00:00Z,2027-06-10T00:00:00+03:00,2027-06-10T00:00:00+03:00,17.37,14.96,14.96,0.91,2,-0.3,-0.0003,True,False,False,False,False,True,0,False,False,False,1013.8
RU000A10BQC8,RU000A10BQC8,Хэндерсон Фэшн Групп 001P-01,RUB,Consumer,Россия,Московская биржа,1,1000,1000,RUB,1059.7,1058,1050.1,1051.9,105.01,9.6,16.03,19.5,30,12,Fixed,False,2026-06-29T00:00:00Z,2027-05-24T00:00:00+03:00,2027-05-24T00:00:00+03:00,18.57,14.68,14.68,0.86,2,2.1,0.002,True,False,False,False,False,True,0,False,False,False,1039.9
RU000A10CMT9,RU000A10CMT9,Яндекс 001Р-02,RUB,IT,Россия,Московская биржа,1,1000,1000,RUB,1009,1008.5,1005.3,1007.9,100.53,3.7,11.1,13.5,30,12,Fixed,False,2026-07-06T00:00:00Z,2028-02-26T00:00:00+03:00,2028-02-26T00:00:00+03:00,13.43,13.98,13.98,1.52,2,-1.8,-0.0018,True,False,False,False,False,True,0,False,False,False,994.2
RU000A10BGJ4,RU000A10BGJ4,Аэрофлот П02-БО-01,RUB,Consumer,,Московская биржа,1,1000,1000,RUB,1028.4,1026.7,1015,1015,101.5,13,13.89,0,30,12,Floating,True,2026-06-18T00:00:00Z,2028-04-08T00:00:00+03:00,2028-04-08T00:00:00+03:00,16.65,14.82,14.82,1.58,2,1,0.001,True,False,False,False,False,True,0,False,False,False,1000.9
RU000A10AHJ4,RU000A10AHJ4,Группа Позитив 001Р-02,RUB,IT,Россия,Московская биржа,1,1000,1000,RUB,1032,1030.2,1017.1,1017.8,101.71,13.2,15.21,0,30,12,Floating,True,2026-06-22T00:00:00Z,2026-12-17T00:00:00+03:00,2026-12-17T00:00:00+03:00,18.19,15.03,15.03,0.48,2,-2.5,-0.0025,True,False,False,False,False,True,0,False,False,False,1014.7
RU000A1055Y4,RU000A1055Y4,Почта России БО-002P-04,RUB,Other,Россия,Московская биржа,1,1000,1000,RUB,940.6,939.4,914.2,910,91.42,26.4,46.12,9.25,182,2,Variable,False,2026-09-02T00:00:00Z,2032-08-25T00:00:00+03:00,2027-09-06T00:00:00Z,10.12,,18.03,1.15,2,0.2,0.0002,True,False,False,False,False,True,0,False,False,False,850.5
RU000A1099V8,RU000A1099V8,Совкомбанк Лизинг БО-П07,RUB,Financial,Россия,Московская биржа,1,780,780,RUB,778.986,778.362,778.284,778.44,99.78,0.702,11.32,0,30,12,Floating,True,2026-06-15T00:00:00Z,2027-08-08T00:00:00+03:00,2027-08-08T00:00:00+03:00,16.54,16.85,16.85,0.58,2,-0.39,-0.0005,True,False,False,False,False,True,0,False,False,False,758.394
RU000A10AC91,RU000A10AC91,Республика Башкортостан 34014,RUB,Municipal,Россия,Московская биржа,1,750,750,RUB,834.9,828.3,832.05,823.35,110.94,2.925,14.64,23.75,30,12,Fixed,False,2026-07-10T00:00:00Z,2027-12-14T00:00:00+03:00,2027-12-14T00:00:00+03:00,21.41,13.55,13.55,0.97,2,6.375,0.0077,True,False,False,False,False,True,0,False,False,False,847.5
RU000A10CRC4,RU000A10CRC4,ГМК Норникель БО-001Р-14,RUB,Materials,Россия,Московская биржа,1,7190.77,100,USD,7182.24893755,7174.5907675,7179.37982032,7123.80954976,99.8416,3.595385,38.11,6.4,30,12,Fixed,False,2026-06-15T00:00:00Z,2029-08-26T00:00:00+03:00,2029-08-26T00:00:00+03:00,6.41,6.7,6.7,2.9,2,0.15819694,2.2035388834468155e-05,True,False,False,False,False,True,0,False,False,False,6963.53447723
RU000A10B0U0,RU000A10B0U0,Авто Финанс Банк БО-001Р-14,RUB,Financial,Россия,Московская биржа,1,1000,1000,RUB,1072.5,1071.2,1061.8,1060.8,106.18,10.7,18.9,23,30,12,Fixed,False,2026-06-29T00:00:00Z,2027-02-24T00:00:00+03:00,2027-02-24T00:00:00+03:00,21.66,14.48,14.48,0.64,2,2.1,0.002,True,False,False,False,False,True,0,False,False,False,1075.3
RU000A10C634,RU000A10C634,ВИС ФИНАНС БО П09,RUB,Financial,Россия,Московская биржа,1,1000,1000,RUB,1047.3,1046.6,1035.2,1032.8,103.52,12.6,13.97,17,30,12,Fixed,False,2026-06-19T00:00:00Z,2028-07-08T00:00:00+03:00,2028-07-08T00:00:00+03:00,16.42,16.08,16.08,1.74,2,1.9,0.0018,True,False,False,False,False,True,0,False,False,False,1017.1
RU000A10CWF7,RU000A10CWF7,ПГК 003Р-01,RUB,Industrials,Россия,Московская биржа,1,1000,1000,RUB,1027.8,1025.4,1017.1,1017.9,101.71,8.2,12.95,15.75,30,12,Fixed,False,2026-06-29T00:00:00Z,2028-09-14T00:00:00+03:00,2028-09-14T00:00:00+03:00,15.49,15.91,15.91,1.9,2,-2.9,-0.0028,True,False,False,False,False,True,0,False,False,False,991.5
RU000A10B0J3,RU000A10B0J3,ДельтаЛизинг 001P-02,RUB,Financial,Россия,Московская биржа,1,840,840,RUB,909.3,907.536,899.976,898.8,107.14,9.408,16.57,24,30,12,Fixed,False,2026-06-29T00:00:00Z,2028-02-19T00:00:00+03:00,2028-02-19T00:00:00+03:00,22.4,15.95,15.95,0.77,2,0.42,0.0005,True,False,False,False,False,True,0,False,False,False,884.436
RU000A107HG1,RU000A107HG1,Газпром нефть БО 003P-08R,RUB,Energy,Россия,Московская биржа,1,1000,1000,RUB,1002.4,1001.4,1002,1001.9,100.2,0.4,12.99,0,30,12,Floating,True,2026-06-15T00:00:00Z,2026-12-12T00:00:00+03:00,2026-12-12T00:00:00+03:00,15.77,15.5,15.5,0.48,2,0.2,0.0002,True,False,False,False,False,True,0,False,False,False,995.7
SU29009RMFS6,RU000A0JV4N8,ОФЗ 29009,RUB,Government,Россия,Московская биржа,1,1000,1000,RUB,1073.08,1071.6,1057.26,1057,105.726,15.78,84.47,16.94,182,2,Floating,True,2026-11-11T00:00:00Z,2032-05-05T00:00:00+03:00,2032-05-05T00:00:00+03:00,16.02,19.23,19.23,3.87,2,0.33,0.0003,True,False,False,False,False,True,0,False,False,False,1077.01
RU000A106EZ0,RU000A106EZ0,ВИС ФИНАНС БО-П04,RUB,Financial,Россия,Московская биржа,1,1000,1000,RUB,1005.3,1004,994.4,996,99.44,9.5,34.28,12.9,97,4,Fixed,False,2026-08-25T00:00:00Z,2026-08-25T00:00:00+03:00,2026-08-25T00:00:00+03:00,12.97,16.79,16.79,0.19,2,-1.6,-0.0016,True,False,False,False,False,True,0,False,False,False,917.8
RU000A107S10,RU000A107S10,Россельхозбанк БO-03-002P,RUB,Financial,Россия,Московская биржа,1,1000,1000,RUB,1011.3,1010.2,1002.3,1002.2,100.23,9,13.23,15.58,31,12,Floating,True,2026-06-26T00:00:00Z,2027-01-29T00:00:00+03:00,2027-01-29T00:00:00+03:00,15.54,15.17,15.17,0.59,2,0.0,0,True,False,False,False,False,True,0,False,False,False,991.3
RU000A10BBE6,RU000A10BBE6,ХК Новотранс 001P-06,RUB,Industrials,,Московская биржа,1,1000,1000,RUB,1077.8,1075.7,1072.1,1065.1,107.21,5.7,15.41,18.75,30,12,Fixed,False,2026-07-06T00:00:00Z,2028-09-22T00:00:00+03:00,2028-09-22T00:00:00+03:00,17.49,15.47,15.47,1.65,2,3.2,0.003,True,False,False,False,False,True,0,False,False,False,1053.8
RU000A0JXE06,RU000A0JXE06,ГТЛК 001P-03,RUB,Industrials,Россия,Московская биржа,1,1000,1000,RUB,1001.7,1001.2,979.5,981.5,97.95,22.2,42.88,17.2,91,4,Floating,True,2026-07-30T00:00:00Z,2032-01-22T00:00:00+03:00,2027-08-03T00:00:00Z,17.56,,18.14,1.04,2,1.5,0.0015,True,False,False,False,False,True,0,False,False,False,943.2
RU000A10AUE8,RU000A10AUE8,РЖД БО 001P-36R,RUB,Industrials,Россия,Московская биржа,1,1000,1000,RUB,1148.3,1147.1,1142.8,1140,114.28,5.5,16.4,19.95,30,12,Fixed,False,2026-07-06T00:00:00Z,2028-11-22T00:00:00+03:00,2028-11-22T00:00:00+03:00,17.46,13.9,13.9,1.98,2,2.1,0.0018,True,False,False,False,False,True,0,False,False,False,1139.9
RU000A107W48,RU000A107W48,Инарктика 002Р-01,RUB,Consumer,Россия,Московская биржа,1,1000,1000,RUB,1006.3,1004.5,997.5,998.4,99.75,7,35.53,14.25,91,4,Fixed,False,2026-08-28T00:00:00Z,2027-02-26T00:00:00+03:00,2027-02-26T00:00:00+03:00,14.29,15.44,15.44,0.67,2,0.7,0.0007,True,False,False,False,False,True,0,False,False,False,949.6
RU000A109L49,RU000A109L49,АЛРОСА 001Р-01,RUB,Materials,Россия,Московская биржа,1,1000,1000,RUB,999.5,998.4,999.2,998,99.92,0.4,12.9,0,30,12,Floating,True,2026-06-15T00:00:00Z,2028-09-02T00:00:00+03:00,2028-09-02T00:00:00+03:00,15.71,14.49,14.49,1.92,2,0.1,0.0001,True,False,False,False,False,True,0,False,False,False,987.1
RU000A10CQE2,RU000A10CQE2,ВТБ Лизинг 001Р-МБ-03,RUB,Financial,Россия,Московская биржа,1,751,751,RUB,760.1622,759.261,757.9092,759.6365,100.92,2.253,9.57,15.5,30,12,Fixed,False,2026-07-09T00:00:00Z,2028-08-27T00:00:00+03:00,2028-08-27T00:00:00+03:00,15.36,15.68,15.68,1.09,2,0.0,0,True,False,False,False,False,True,0,False,False,False,749.0474
RU000A108Y86,RU000A108Y86,Европлан 001P-07,RUB,Other,Россия,Московская биржа,1,1000,1000,RUB,1009.8,1008,1002.2,1004.8,100.22,7.6,13.48,0,30,12,Floating,True,2026-06-29T00:00:00Z,2027-06-24T00:00:00+03:00,2027-06-24T00:00:00+03:00,16.36,15.93,15.93,0.61,2,-0.6,-0.0006,True,False,False,False,False,True,0,False,False,False,967.6
RU000A10BG13,RU000A10BG13,Ростелеком 001P-16R,RUB,Telecom,Россия,Московская биржа,1,1000,1000,RUB,1034,1032.1,1032.1,1032.3,103.21,0,14.51,17.65,30,12,Fixed,False,2026-06-16T00:00:00Z,2027-04-12T00:00:00+03:00,2027-04-12T00:00:00+03:00,17.1,14.38,14.38,0.77,2,-1.4,-0.0014,True,False,False,False,False,True,0,False,False,False,1028.7
RU000A10C618,RU000A10C618,Магнит БО-004Р-08,RUB,Consumer,Россия,Московская биржа,1,1000,1000,RUB,1032.2,1030.8,1021.1,1014.4,102.11,11.1,12.29,14.95,30,12,Fixed,False,2026-06-19T00:00:00Z,2027-09-12T00:00:00+03:00,2027-09-12T00:00:00+03:00,14.64,13.92,13.92,1.13,2,1.6,0.0016,True,False,False,False,False,True,0,False,False,False,1025
RU000A10B487,RU000A10B487,ДелоПортс БО 001P-04,RUB,Industrials,Россия,Московская биржа,1,1000,1000,RUB,1020,1017.2,1018.4,1018.5,101.84,1.7,17.05,20.75,30,12,Fixed,False,2026-06-15T00:00:00Z,2026-09-11T00:00:00+03:00,2026-09-11T00:00:00+03:00,20.38,13.65,13.65,0.24,2,0.9,0.0009,True,False,False,False,False,True,0,False,False,False,1030
RU000A106VV3,RU000A106VV3,РЖД БО 001Р-27R,RUB,Industrials,Россия,Московская биржа,1,1000,1000,RUB,1003,1001.5,996.6,996.6,99.66,6.4,13.16,15.49,31,12,Floating,True,2026-07-02T00:00:00Z,2027-09-09T00:00:00+03:00,2027-09-09T00:00:00+03:00,15.54,15.17,15.17,1.13,2,0.1,0.0001,True,False,False,False,False,True,0,False,False,False,1006.1
RU000A10C725,RU000A10C725,Металлоинвест 002P-01,RUB,Industrials,,Московская биржа,1,1000,1000,RUB,1010,1008,999.9,999.2,99.99,10.2,13.27,0,30,12,Floating,True,2026-06-23T00:00:00Z,2028-07-12T00:00:00+03:00,2028-07-12T00:00:00+03:00,16.15,14.86,14.86,1.79,2,0.0,0,True,False,False,False,False,True,0,False,False,False,1000
SU29021RMFS1,RU000A105B11,ОФЗ 29021,RUB,Government,Россия,Московская биржа,1,1000,1000,RUB,982.48,981.05,977.5,977.37,97.75,5.05,,0,91,4,Floating,True,2026-09-02T00:00:00Z,2030-11-27T00:00:00+03:00,2030-11-27T00:00:00+03:00,14.98,,14.98,,2,-0.75,-0.0008,True,False,False,False,False,True,0,False,False,False,971
RU000A1017J5,RU000A1017J5,Газпром нефть БО 003Р-02R,RUB,Energy,Россия,Московская биржа,1,1000,1000,RUB,830.7,828.7,830,829.9,83,0.8,17.83,7.15,91,4,Fixed,False,2026-06-15T00:00:00Z,2029-12-07T00:00:00+03:00,2029-12-07T00:00:00+03:00,8.61,14.02,14.02,3.06,2,2.4,0.0029,True,False,False,False,False,True,0,False,False,False,746.6
RU000A10B214,RU000A10B214,Ростелеком 001P-15R,RUB,Telecom,Россия,Московская биржа,1,1000,1000,RUB,1045,1043.2,1039.3,1037,103.93,5.7,15.41,18.75,30,12,Fixed,False,2026-07-06T00:00:00Z,2027-03-02T00:00:00+03:00,2027-03-02T00:00:00+03:00,18.04,13.71,13.71,0.67,2,-0.5,-0.0005,True,False,False,False,False,True,0,False,False,False,1040
RU000A1070X5,RU000A1070X5,АБЗ-1 001P-05,RUB,Industrials,Россия,Московская биржа,1,340,340,RUB,340.068,339.864,338.504,338.81,99.56,1.564,3.35,12,30,12,Fixed,False,2026-07-02T00:00:00Z,2026-09-30T00:00:00+03:00,2026-09-30T00:00:00+03:00,12.05,15.68,15.68,0.17,2,-0.408,-0.0012,True,False,False,False,False,True,0,False,False,False,308.21
RU000A101FH6,RU000A101FH6,МТС 001P-14,RUB,Telecom,Россия,Московская биржа,1,1000,1000,RUB,964.7,964.2,958.7,957.5,95.87,6,16.45,6.6,91,4,Fixed,False,2026-08-13T00:00:00Z,2027-02-11T00:00:00+03:00,2027-02-11T00:00:00+03:00,6.88,13.92,13.92,0.64,2,0.1,0.0001,True,False,False,False,False,True,0,False,False,False,865.8
RU000A105VC5,RU000A105VC5,Полюс ПБО-03,RUB,Materials,Россия,Московская биржа,1,1000,1000,RUB,994,993.1,958,955,95.8,35.1,51.86,10.4,182,2,Fixed,False,2026-08-14T00:00:00Z,2028-02-11T00:00:00+03:00,2028-02-11T00:00:00+03:00,10.86,13.72,13.72,1.51,2,-3.4,-0.0035,True,False,False,False,False,True,0,False,False,False,896.4
RU000A10AST0,RU000A10AST0,СФО Совком Секьюр Класс А,RUB,Financial,,Московская биржа,1,854,854,RUB,917.623,915.7442,905.7524,905.4962,106.06,11.8706,16.68,23,31,12,Fixed,False,2026-06-25T00:00:00Z,2028-01-25T00:00:00+03:00,2028-01-25T00:00:00+03:00,21.69,16.61,16.61,0.79,2,-0.5124,-0.0006,True,False,False,False,False,True,0,False,False,False,902.5072
RU000A1057D4,RU000A1057D4,Металлоинвест 001P-02,CNY,Industrials,Россия,Московская биржа,1,1000,1000,CNY,963.413,960.414,962,962.494,96.2,0.41,9.22,3.7,91,4,Fixed,False,2026-06-15T00:00:00Z,2027-09-10T00:00:00+03:00,2027-09-10T00:00:00+03:00,3.85,7.12,7.12,1.21,2,-0.807,-0.0008,True,False,False,False,False,True,0,False,False,False,970
RU000A109VL8,RU000A109VL8,Совкомбанк БО-П05,RUB,Financial,,Московская биржа,1,1000,1000,RUB,1017.9,1016.1,1004.8,1004.7,100.48,13.1,13.56,0,30,12,Floating,True,2026-06-17T00:00:00Z,2027-10-10T00:00:00+03:00,2027-10-10T00:00:00+03:00,16.42,15.32,15.32,1.19,2,0.9,0.0009,True,False,False,False,False,True,0,False,False,False,989.7
RU000A10BBW8,RU000A10BBW8,Газпром капитал БО-001Р-12,RUB,Energy,Россия,Московская биржа,1,82974.3,1000,EUR,85504.186407,85299.4058346,85380.4717257,85546.3373514,102.8999,123.631707,528.55,7.75,30,12,Fixed,False,2026-07-09T00:00:00Z,2028-04-29T00:00:00+03:00,2028-04-29T00:00:00+03:00,7.53,6.28,6.28,1.75,2,-70.3622064,-0.0008,True,False,False,False,False,True,0,False,False,False,86708.1435
RU000A1062J1,RU000A1062J1,СФО ВТБ РКС Эталон 02,RUB,Financial,Россия,Московская биржа,1,115.36,115.36,RUB,115.636864,114.933168,114.448656,114.89856,99.21,0.449904,1.17,11,30,12,Fixed,False,2026-07-03T00:00:00Z,2031-04-03T00:00:00+03:00,2031-04-03T00:00:00+03:00,11.09,16.09,16.09,0.2,2,-0.380688,-0.0033,True,False,False,False,False,True,0,False,False,False,106.177344
RU000A10DXE6,RU000A10DXE6,СФО Альфа Фабрика ПК-2 класс А,RUB,Financial,Россия,Московская биржа,1,882.24,882.24,RUB,896.708736,894.59136,888.41568,890.003712,100.7,6.087456,,16.8,30,12,Fixed,False,2026-07-01T00:00:00Z,2031-07-01T00:00:00+03:00,2031-07-01T00:00:00+03:00,16.68,16.64,16.64,0.54,2,-2.382048,-0.0027,True,False,False,False,False,True,0,False,False,False,890.268384
RU000A109B33,RU000A109B33,Газпром нефть БО 003P-13R,RUB,Energy,Россия,Московская биржа,1,1000,1000,RUB,1010.9,1009.8,999.2,999.9,99.92,11.7,12.99,0,30,12,Floating,True,2026-06-19T00:00:00Z,2028-02-09T00:00:00+03:00,2028-02-09T00:00:00+03:00,15.81,14.81,14.81,1.46,2,0.2,0.0002,True,False,False,False,False,True,0,False,False,False,982.4
RU000A10DTG9,RU000A10DTG9,ВТБ Лизинг 001Р-МБ-04,RUB,Other,Россия,Московская биржа,1,840,840,RUB,863.94,863.016,862.176,862.428,102.64,0.756,12.48,16.5,30,12,Fixed,False,2026-06-15T00:00:00Z,2028-11-30T00:00:00+03:00,2028-11-30T00:00:00+03:00,16.08,15.35,15.35,1.24,2,-1.176,-0.0014,True,False,False,False,False,True,0,False,False,False,854.616
RU000A10AEB8,RU000A10AEB8,РусГидро БО-002Р-05,RUB,Utilities,Россия,Московская биржа,1,1000,1000,RUB,1010.5,1009.9,1008.5,1008,100.85,1.9,14.18,0,30,12,Floating,True,2026-06-15T00:00:00Z,2026-12-09T00:00:00+03:00,2026-12-09T00:00:00+03:00,17.1,15.54,15.54,0.47,2,-0.3,-0.0003,True,False,False,False,False,True,0,False,False,False,1021.4
RU000A106R95,RU000A106R95,Селектел 001P-03R,RUB,IT,Россия,Московская биржа,1,1000,1000,RUB,1042,1040.9,996.4,998.1,99.64,44.8,66.32,13.3,182,2,Fixed,False,2026-08-14T00:00:00Z,2026-08-14T00:00:00+03:00,2026-08-14T00:00:00+03:00,13.35,15.88,15.88,0.16,2,0.0,0,True,False,False,False,False,True,0,False,False,False,944.5
RU000A10AHE5,RU000A10AHE5,Новые Технологии 001Р-02,RUB,Materials,,Московская биржа,1,1000,1000,RUB,1084.2,1082.1,1064,1066.2,106.4,20.3,22.6,27.5,30,12,Fixed,False,2026-06-19T00:00:00Z,2026-12-16T00:00:00+03:00,2026-12-16T00:00:00+03:00,25.85,15.16,15.16,0.47,2,-2.3,-0.0022,True,False,False,False,False,True,0,False,False,False,1097.5
RU000A104WJ1,RU000A104WJ1,МТС 001P-21,RUB,Telecom,Россия,Московская биржа,1,1000,1000,RUB,1021.8,1021.7,999.3,999.8,99.93,22.5,24.06,9.65,91,4,Fixed,False,2026-06-22T00:00:00Z,2026-06-22T00:00:00+03:00,2026-06-22T00:00:00+03:00,9.66,14.59,14.59,0.02,2,-0.1,-0.0001,True,False,False,False,False,True,0,False,False,False,939.6
RU000A1005L6,RU000A1005L6,АФК Система БО 001P-09,RUB,Financial,Россия,Московская биржа,1,1000,1000,RUB,1047.3,1046.4,994.1,994.4,99.41,53.2,87.26,17.5,182,2,Variable,False,2026-08-26T00:00:00Z,2029-02-21T00:00:00+03:00,2027-03-01T00:00:00Z,17.6,,19.14,0.67,2,1.3,0.0013,True,False,False,False,False,True,0,False,False,False,923.7
RU000A10F6U3,RU000A10F6U3,Русгидро БО-002Р-13,RUB,Utilities,Россия,Московская биржа,1,1000,1000,RUB,1011.5,1009.6,999.3,998.3,99.93,12.2,13.03,0,30,12,Floating,True,2026-06-18T00:00:00Z,2029-08-01T00:00:00+03:00,2029-08-01T00:00:00+03:00,15.86,14.64,14.64,2.52,2,-0.6,-0.0006,True,False,False,False,False,True,0,False,False,False,999.3
RU000A105NT6,RU000A105NT6,Магаданская область ГО2022,RUB,Municipal,Россия,Московская биржа,1,700,700,RUB,695.45,693.21,677.53,677.25,96.79,17.92,18.52,10.61,91,4,Fixed,False,2026-06-19T00:00:00Z,2027-12-17T00:00:00+03:00,2027-12-17T00:00:00+03:00,10.96,15.09,15.09,0.88,2,0.0,0,False,True,False,False,False,True,0,False,False,False,642.32
RU000A10BNF8,RU000A10BNF8,РусГидро БО-П13,RUB,Utilities,Россия,Московская биржа,1,1000,1000,RUB,1057.7,1056.5,1042.7,1041,104.27,13.8,14.26,17.35,30,12,Fixed,False,2026-06-17T00:00:00Z,2027-08-11T00:00:00+03:00,2027-08-11T00:00:00+03:00,16.64,14.18,14.18,1.04,2,-3.2,-0.0031,True,False,False,False,False,True,0,False,False,False,1042.9
RU000A10A349,RU000A10A349,РусГидро БО-002Р-01,RUB,Utilities,Россия,Московская биржа,1,1000,1000,RUB,1009.2,1007.5,1003.4,1002.5,100.34,4.1,13.56,0,30,12,Floating,True,2026-07-07T00:00:00Z,2026-11-04T00:00:00+03:00,2026-11-04T00:00:00+03:00,16.44,15.82,15.82,0.38,2,-0.5,-0.0005,True,False,False,False,False,True,0,False,False,False,1004.9
RU000A107AG6,RU000A107AG6,Россети Центр 001Р-03,RUB,Utilities,Россия,Московская биржа,1,1000,1000,RUB,1007.8,1005.7,997.5,996.6,99.75,10.1,12.66,15.4,30,12,Floating,True,2026-06-22T00:00:00Z,2027-05-18T00:00:00+03:00,2027-05-18T00:00:00+03:00,15.44,15.15,15.15,0.86,2,-2.4,-0.0024,True,False,False,False,False,True,0,False,False,False,977
RU000A10CKS5,RU000A10CKS5,СФО Альфа Фабрика ПК-1 класс А,RUB,Financial,Россия,Московская биржа,1,622.35,622.35,RUB,627.3288,626.395275,622.287765,622.10106,99.99,4.10751,8.18,16,30,12,Fixed,False,2026-07-01T00:00:00Z,2031-07-01T00:00:00+03:00,2031-07-01T00:00:00+03:00,16,17.25,17.25,0.41,2,-0.062235,-0.0001,True,False,False,False,False,True,0,False,False,False,626.768685
RU000A10DCF7,RU000A10DCF7,ХК Новотранс 002P-01,RUB,Industrials,Россия,Московская биржа,1,1000,1000,RUB,1032.4,1031.1,1024.9,1021.6,102.49,7.5,13.15,16,30,12,Fixed,False,2026-06-29T00:00:00Z,2028-10-16T00:00:00+03:00,2028-10-16T00:00:00+03:00,15.61,15.77,15.77,1.96,2,1.8,0.0018,True,False,False,False,False,True,0,False,False,False,1017.9
RU000A1040S8,RU000A1040S8,Ульяновская область 34004,RUB,Municipal,Россия,Московская биржа,1,300,300,RUB,295.62,294.99,295.23,294.75,98.41,0.39,7.14,9.55,91,4,Fixed,False,2026-09-10T00:00:00Z,2026-11-10T00:00:00+03:00,2026-11-10T00:00:00+03:00,9.7,14.41,14.41,0.4,2,0.21,0.0007,True,False,False,False,False,True,0,False,False,False,275.52
RU000A104BC0,RU000A104BC0,Калининградская область 35004,RUB,Municipal,Россия,Московская биржа,1,750,750,RUB,721.875,721.65,704.4,703.05,93.92,17.4,17.76,9.5,91,4,Fixed,False,2026-06-18T00:00:00Z,2028-12-14T00:00:00+03:00,2028-12-14T00:00:00+03:00,10.11,14.94,14.94,1.33,2,0.225,0.0003,True,False,False,False,False,True,0,False,False,False,673.575
RU000A106ZP6,RU000A106ZP6,СФО ВТБ РКС Эталон 03,RUB,Financial,Россия,Московская биржа,1,299.97,299.97,RUB,300.989898,300.56994,299.130084,299.430054,99.72,1.439856,3.48,13.5,30,12,Fixed,False,2026-07-03T00:00:00Z,2032-12-03T00:00:00+03:00,2032-12-03T00:00:00+03:00,13.54,15.07,15.07,0.46,2,-0.479952,-0.0016,True,False,False,False,False,True,0,False,False,False,274.592538
RU000A10B3A6,RU000A10B3A6,Атомэнергопром 001Р-04,RUB,Energy,Россия,Московская биржа,1,1000,1000,RUB,1014.7,1013.5,1010.7,1011,101.07,2.8,13.73,0,30,12,Floating,True,2026-07-10T00:00:00Z,2027-03-07T00:00:00+03:00,2027-03-07T00:00:00+03:00,16.52,14.98,14.98,0.69,2,-0.3,-0.0003,True,False,False,False,False,True,0,False,False,False,1019.9
RU000A10BGF2,RU000A10BGF2,РЖД БО 001P-42R,RUB,Industrials,Россия,Московская биржа,1,1000,1000,RUB,1094.2,1092.3,1080.8,1079.1,108.08,13.4,14.3,17.4,30,12,Variable,False,2026-06-18T00:00:00Z,2040-04-05T00:00:00+03:00,2029-04-06T00:00:00Z,16.1,,14.83,2.24,2,-0.2,-0.0002,True,False,False,False,False,True,0,False,False,False,1056.8
RU000A10C8T4,RU000A10C8T4,СИБУР Холдинг 001Р-07,RUB,Energy,,Московская биржа,1,1000,1000,RUB,1024.4,1022.1,1017.1,1014.7,101.71,7.3,11.47,13.95,30,12,Fixed,False,2026-06-29T00:00:00Z,2029-02-11T00:00:00+03:00,2029-02-11T00:00:00+03:00,13.72,14.02,14.02,2.22,2,0.9,0.0009,True,False,False,False,False,True,0,False,False,False,1012.7
RU000A101M04,RU000A101M04,РЖД БО 001Р-20R,RUB,Industrials,Россия,Московская биржа,1,1000,1000,RUB,973.1,972.1,960,956.9,96,12.1,36.65,7.35,182,2,Fixed,False,2026-10-16T00:00:00Z,2027-03-15T00:00:00+03:00,2027-03-15T00:00:00+03:00,7.66,13.58,13.58,0.73,2,2.8,0.0029,True,False,False,False,False,True,0,False,False,False,861
RU000A105QX1,RU000A105QX1,Газпром капитал БЗО26-1-Е,RUB,Energy,Россия,Московская биржа,1,82974.3,1000,EUR,66986.9778246,66391.6372221,64778.03601,64451.7810624,78.07,2208.775866,5718.59,6.892,365,1,Floating,True,2027-01-26T00:00:00Z,,2028-01-26T00:00:00Z,8.83,,8.83,9.51,2,0.0,0,True,False,False,False,True,True,0,False,False,False,51858.9375
RU000A10DHT7,RU000A10DHT7,ДельтаЛизинг 001Р-03,RUB,Financial,Россия,Московская биржа,1,1000,1000,RUB,1044.4,1042.7,1030,1031.9,103,13.6,14.1,17.15,30,12,Fixed,False,2026-06-17T00:00:00Z,2028-11-03T00:00:00+03:00,2028-11-03T00:00:00+03:00,16.65,15.76,15.76,1.22,2,-0.6,-0.0006,True,False,False,False,False,True,0,False,False,False,1000.9
RU000A10BW70,RU000A10BW70,Томская область 34074,RUB,Municipal,Россия,Московская биржа,1,1000,1000,RUB,1078.6,1076.6,1063.6,1067.5,106.36,13,15,18.25,30,12,Fixed,False,2026-06-22T00:00:00Z,2028-03-13T00:00:00+03:00,2028-03-13T00:00:00+03:00,17.16,14.86,14.86,1.43,2,-2.1,-0.002,True,False,False,False,False,True,0,False,False,False,1027
RU000A109TJ6,RU000A109TJ6,Банк ПСБ 003P-09,RUB,Financial,Россия,Московская биржа,1,1000,1000,RUB,1010.9,1009.6,1003.4,1003.2,100.34,7.5,13.59,16,31,12,Floating,True,2026-06-30T00:00:00Z,2027-10-15T00:00:00+03:00,2027-10-15T00:00:00+03:00,15.95,14.81,14.81,1.21,2,0.1,0.0001,True,False,False,False,False,True,0,False,False,False,990.2
RU000A10DDR0,RU000A10DDR0,Яндекс 001Р-03,RUB,IT,Россия,Московская биржа,1,1000,1000,RUB,1006,1005.3,1006.3,1004.9,100.63,0,13.11,0,30,12,Floating,True,2026-06-16T00:00:00Z,2028-11-02T00:00:00+03:00,2028-11-02T00:00:00+03:00,15.85,14.37,14.37,2.04,2,-1.3,-0.0013,True,False,False,False,False,True,0,False,False,False,1002.4
RU000A109098,RU000A109098,Группа Позитив 001Р-01,RUB,IT,Россия,Московская биржа,1,1000,1000,RUB,1005.1,1004.9,1002,1003.1,100.2,3.1,13.32,0,30,12,Floating,True,2026-07-09T00:00:00Z,2027-07-04T00:00:00+03:00,2027-07-04T00:00:00+03:00,16.17,15.5,15.5,0.97,2,0.3,0.0003,True,False,False,False,False,True,0,False,False,False,950.9
RU000A10B0B0,RU000A10B0B0,Группа ЛСР БО 001Р-10,RUB,RealEstate,Россия,Московская биржа,1,1000,1000,RUB,1031.8,1031.2,1019.6,1021.2,101.96,11.8,19.73,24,30,12,Variable,False,2026-06-29T00:00:00Z,2030-02-07T00:00:00+03:00,2026-09-01T00:00:00Z,23.54,,15.51,0.21,2,-2.3,-0.0023,True,False,False,False,False,True,0,False,False,False,1045
RU000A108G70,RU000A108G70,НОВАТЭК 001P-02,RUB,Energy,Россия,Московская биржа,1,7190.77,100,USD,7216.656772,7216.57767353,7183.57923,7164.58840643,99.9,33.077542,112.18,6.25,91,4,Fixed,False,2026-08-19T00:00:00Z,2029-05-16T00:00:00+03:00,2029-05-16T00:00:00+03:00,6.26,6.45,6.45,2.68,2,-9.16823175,-0.0013,True,False,False,False,False,True,0,False,False,False,7243.26981177
RU000A10E8P0,RU000A10E8P0,РЖД БО 001P-51R,RUB,Industrials,Россия,Московская биржа,1,10606.4,1000,CNY,10625.332424,10601.574088,10614.2381296,10568.9700144,100.0739,11.030656,66.29,7.6,30,12,Fixed,False,2026-07-13T00:00:00Z,2029-09-23T00:00:00+03:00,2029-09-23T00:00:00+03:00,7.59,7.85,7.85,2.9,2,12.2928176,0.0012,True,False,False,False,False,True,0,False,False,False,10553.368
RU000A103PX8,RU000A103PX8,Группа ЛСР БО 001Р-07,RUB,RealEstate,Россия,Московская биржа,1,400,400,RUB,394.56,394.16,394.16,393.6,98.54,0.4,8.63,8.65,91,4,Fixed,False,2026-06-15T00:00:00Z,2026-09-11T00:00:00+03:00,2026-09-11T00:00:00+03:00,8.78,15.86,15.86,0.24,2,0.16,0.0004,True,False,False,False,False,True,0,False,False,False,362.64
RU000A1033Z8,RU000A1033Z8,Москва 74,RUB,Municipal,Россия,Московская биржа,1,1000,1000,RUB,900.7,899.7,894,895.2,89.4,5.3,36.8,7.38,182,2,Fixed,False,2026-11-19T00:00:00Z,2028-05-18T00:00:00+03:00,2028-05-18T00:00:00+03:00,8.26,14.31,14.31,1.81,2,0.0,0,True,False,False,False,False,True,0,False,False,False,812.3
RU000A10D9K0,RU000A10D9K0,Авто Финанс Банк БО-001Р-16,RUB,Financial,Россия,Московская биржа,1,1000,1000,RUB,1053.9,1051.1,1041,1036.9,104.1,10,13.68,16.65,30,12,Fixed,False,2026-06-24T00:00:00Z,2028-02-14T00:00:00+03:00,2028-02-14T00:00:00+03:00,15.99,14.79,14.79,1.46,2,3.1,0.003,True,False,False,False,False,True,0,False,False,False,1018.3
RU000A10CU89,RU000A10CU89,Селектел 001P-06R,RUB,IT,Россия,Московская биржа,1,1000,1000,RUB,1034.2,1033.6,1024.6,1022.6,102.46,9.7,12.66,15.4,30,12,Fixed,False,2026-06-23T00:00:00Z,2028-03-14T00:00:00+03:00,2028-03-14T00:00:00+03:00,15.03,14.72,14.72,1.53,2,1.6,0.0016,True,False,False,False,False,True,0,False,False,False,996.9
RU000A10BK09,RU000A10BK09,Газпром нефть БО 003P-14R,RUB,Energy,Россия,Московская биржа,1,1000,1000,RUB,1016.5,1015.3,1008.5,1009,100.85,6.8,13.56,0,30,12,Floating,True,2026-07-01T00:00:00Z,2027-04-27T00:00:00+03:00,2027-04-27T00:00:00+03:00,16.36,15.13,15.13,0.81,2,0.4,0.0004,True,False,False,False,False,True,0,False,False,False,1003
RU000A107TT9,RU000A107TT9,ГТЛК БО 002P-03,RUB,Financial,Россия,Московская биржа,1,1000,1000,RUB,994.4,993.8,981.9,981.9,98.19,12.4,41.88,16.8,91,4,Floating,True,2026-08-19T00:00:00Z,2039-02-02T00:00:00+03:00,2027-05-24T00:00:00Z,17.11,,18.75,0.88,2,0.0,0,True,False,False,False,False,True,0,False,False,False,937.5
RU000A107W55,RU000A107W55,Банк ВТБ Б-1-351,RUB,Financial,Россия,Московская биржа,1,1000,1000,RUB,1007.9,1005.9,1001.8,1000.7,100.18,6.1,12.12,14.75,30,12,Floating,True,2026-07-01T00:00:00Z,2027-03-02T00:00:00+03:00,2027-03-02T00:00:00+03:00,14.72,15.48,15.48,0.67,2,-0.1,-0.0001,True,False,False,False,False,True,0,False,False,False,985.4
RU000A109PP1,RU000A109PP1,АБЗ-1 002Р-01,RUB,Industrials,Россия,Московская биржа,1,1000,1000,RUB,1007.9,1006.6,998.9,997.4,99.89,7.6,15.21,0,30,12,Floating,True,2026-07-01T00:00:00Z,2027-09-24T00:00:00+03:00,2027-09-24T00:00:00+03:00,18.52,18.76,18.76,0.61,2,0.0,0,True,False,False,False,False,True,0,False,False,False,927.5
RU000A10CSD0,RU000A10CSD0,РУСАЛ БО-001Р-15,RUB,Materials,Россия,Московская биржа,1,10606.4,1000,CNY,10727.6417584,10597.7769968,10727.2493216,10573.7535008,101.1394,0,63.21,7.25,30,12,Fixed,False,2026-06-16T00:00:00Z,2027-03-13T00:00:00+03:00,2027-03-13T00:00:00+03:00,7.17,5.83,5.83,0.72,2,29.6236752,0.0028,True,False,False,False,False,True,0,False,False,False,10409.1315664
RU000A10A4S7,RU000A10A4S7,ФосАгро БО-02-01,RUB,Materials,Россия,Московская биржа,1,1000,1000,RUB,1011.7,1010.5,1011.2,1011.3,101.12,0.5,13.56,0,30,12,Floating,True,2026-06-15T00:00:00Z,2029-10-27T00:00:00+03:00,2026-11-17T00:00:00Z,16.32,,13.76,0.41,2,-0.2,-0.0002,True,False,False,False,False,True,0,False,False,False,1006.9
RU000A1094F2,RU000A1094F2,Группа Черкизово БО-001Р-07,RUB,Consumer,Россия,Московская биржа,1,1000,1000,RUB,1012.9,1011.1,1001.7,1000.4,100.17,11.3,13.03,0,30,12,Floating,True,2026-06-22T00:00:00Z,2027-07-15T00:00:00+03:00,2027-07-15T00:00:00+03:00,15.82,15.11,15.11,0.99,2,0.2,0.0002,True,False,False,False,False,True,0,False,False,False,976.3
RU000A107WL0,RU000A107WL0,ИКС 5 Финанс 003P-04,RUB,Financial,Россия,Московская биржа,1,1000,1000,RUB,1004.4,1003.1,1000.1,1001.4,100.01,3,38.89,15.6,91,4,Floating,True,2026-09-08T00:00:00Z,2034-02-28T00:00:00+03:00,2026-09-11T00:00:00Z,15.6,,16.47,0.24,2,0.2,0.0002,True,False,False,False,False,True,0,False,False,False,999
RU000A105JH9,RU000A105JH9,Газпром капитал ЗО27-2-Д,RUB,Energy,Россия,Московская биржа,1,71907.7,1000,USD,73112.3696981,70304.7335516,70022.280106,70016.52749,97.378,1000.955184,1078.62,3,182,2,Fixed,False,2026-06-29T00:00:00Z,2027-06-29T00:00:00+03:00,2027-06-29T00:00:00+03:00,3.08,5.63,5.63,1.01,2,0.0,0,True,False,False,False,False,True,0,False,False,False,67701.09955
RU000A10AYF7,RU000A10AYF7,Новые Технологии 001Р-04,RUB,Materials,Россия,Московская биржа,1,1000,1000,RUB,1065.9,1065.7,1049.2,1046.4,104.92,16.6,60.46,24.25,91,4,Fixed,False,2026-08-21T00:00:00Z,2027-02-19T00:00:00+03:00,2027-02-19T00:00:00+03:00,23.11,17.45,17.45,0.64,2,2.2,0.0021,True,False,False,False,False,True,0,False,False,False,1045.8
RU000A10D1W2,RU000A10D1W2,МегаФон БО-002Р-10,RUB,Telecom,Россия,Московская биржа,1,1000,1000,RUB,1003.1,1001.1,998.9,998.9,99.89,4.3,12.86,0,30,12,Floating,True,2026-07-06T00:00:00Z,2027-10-29T00:00:00+03:00,2027-10-29T00:00:00+03:00,15.67,14.85,14.85,1.25,2,-0.1,-0.0001,True,False,False,False,False,True,0,False,False,False,997.6
RU000A103QK3,RU000A103QK3,Мэйл.Ру Финанс 001P-01,RUB,IT,Россия,Московская биржа,1,1000,1000,RUB,1004.6,1003,983.1,983,98.31,19.7,39.39,7.9,182,2,Fixed,False,2026-09-15T00:00:00Z,2026-09-15T00:00:00+03:00,2026-09-15T00:00:00+03:00,8.04,15.46,15.46,0.25,2,-2.4,-0.0024,True,False,False,False,False,True,0,False,False,False,874.1
RU000A10C5K9,RU000A10C5K9,Селигдар 001Р-05,RUB,Materials,,Московская биржа,1,1000,1000,RUB,1032.2,1032.1,1017,1016,101.7,15.1,15.62,0,30,12,Floating,True,2026-06-17T00:00:00Z,2027-07-12T00:00:00+03:00,2027-07-12T00:00:00+03:00,18.68,16.94,16.94,0.97,2,1.5,0.0015,True,False,False,False,False,True,0,False,False,False,1038
RU000A10AXW4,RU000A10AXW4,СИБУР Холдинг 001Р-03 USD,RUB,Energy,Россия,Московская биржа,1,7190.77,100,USD,7697.70490346,7681.180514,7678.50554756,7667.28075559,106.7828,3.595385,56.81,9.6,30,12,Fixed,False,2026-06-15T00:00:00Z,2028-08-02T00:00:00+03:00,2028-08-02T00:00:00+03:00,8.99,6.39,6.39,1.94,2,-12.49036749,-0.0016,True,False,False,False,False,True,0,False,False,False,7957.8094359
RU000A10BT34,RU000A10BT34,Россети БО 001P-17R,RUB,Utilities,Россия,Московская биржа,1,1000,1000,RUB,1036.6,1035.5,1034.8,1030,103.48,1.8,13.15,16,30,12,Fixed,False,2026-06-15T00:00:00Z,2027-06-07T00:00:00+03:00,2027-06-07T00:00:00+03:00,15.46,12.9,12.9,0.91,2,2.8,0.0027,True,False,False,False,False,True,0,False,False,False,1015.6
RU000A109ZQ8,RU000A109ZQ8,Россети БО 001P-14R,RUB,Utilities,Россия,Московская биржа,1,1000,1000,RUB,1010.5,1008.6,999,1002.3,99.9,9.5,12.9,0,30,12,Floating,True,2026-06-24T00:00:00Z,2026-10-22T00:00:00+03:00,2026-10-22T00:00:00+03:00,15.72,16.33,16.33,0.34,2,-2.6,-0.0026,True,False,False,False,False,True,0,False,False,False,993.3
RU000A109KX6,RU000A109KX6,ВИС ФИНАНС БО-П06,RUB,Financial,Россия,Московская биржа,1,1000,1000,RUB,1017,1012.3,975.9,975.8,97.59,41.1,45.02,0,91,4,Floating,True,2026-06-24T00:00:00Z,2027-09-22T00:00:00+03:00,2027-09-22T00:00:00+03:00,18.5,19.47,19.47,1.12,2,1.9,0.002,True,False,False,False,False,True,0,False,False,False,887
RU000A10ASB8,RU000A10ASB8,Россети БО 001P-15R,RUB,Utilities,Россия,Московская биржа,1,1000,1000,RUB,1020.9,1020.4,1008.5,1008.1,100.85,12.4,17.67,21.5,30,12,Fixed,False,2026-06-25T00:00:00Z,2026-07-25T00:00:00+03:00,2026-07-25T00:00:00+03:00,21.32,14.28,14.28,0.1,2,0.4,0.0004,True,False,False,False,False,True,0,False,False,False,1065.1
SU29023RMFS7,RU000A105L19,ОФЗ 29023,RUB,Government,Россия,Московская биржа,1,1000,1000,RUB,972.75,972.45,967.72,966.44,96.772,5.05,,0,91,4,Floating,True,2026-09-02T00:00:00Z,2034-08-23T00:00:00+03:00,2034-08-23T00:00:00+03:00,15.13,,15.13,,2,0.35,0.0004,True,False,False,False,False,True,0,False,False,False,971.93
RU000A109L72,RU000A109L72,Республика Саха (Якутия) 35016,RUB,Municipal,Россия,Московская биржа,1,800,800,RUB,800.4,799.36,796.88,797.6,99.61,3.44,10.74,15.8,31,12,Floating,True,2026-07-07T00:00:00Z,2029-10-28T00:00:00+03:00,2029-10-28T00:00:00+03:00,15.86,14.92,14.92,1.9,2,1.12,0.0014,True,False,False,False,False,True,0,False,False,False,791.44
RU000A0JX1S1,RU000A0JX1S1,РЖД 41,RUB,Industrials,Россия,Московская биржа,1,1000,1000,RUB,1053.3,1053.2,1045.4,1046.3,104.54,7.9,119.67,24,182,2,Variable,False,2026-12-03T00:00:00Z,2031-11-27T00:00:00+03:00,2026-12-07T00:00:00Z,22.96,,14.28,0.48,2,-0.7,-0.0007,True,False,False,False,False,True,0,False,False,False,1097.4
RU000A1082X0,RU000A1082X0,Группа ЛСР БО 001Р-09,RUB,RealEstate,Россия,Московская биржа,1,1000,1000,RUB,1003.8,1001.6,1001.5,1000.7,100.15,2.4,12.12,14.75,30,12,Fixed,False,2026-07-10T00:00:00Z,2027-03-07T00:00:00+03:00,2027-03-07T00:00:00+03:00,14.73,15.53,15.53,0.69,2,0.2,0.0002,True,False,False,False,False,True,0,False,False,False,928
RU000A10AHA3,RU000A10AHA3,ИКС 5 Финанс 003P-07,RUB,Financial,Россия,Московская биржа,1,1000,1000,RUB,1009.9,1009.7,1000.2,999.9,100.02,9.8,10.89,13.25,30,12,Variable,False,2026-06-19T00:00:00Z,2034-12-04T00:00:00+03:00,2027-07-19T00:00:00Z,13.25,,14.06,1.01,2,1.9,0.0019,True,False,False,False,False,True,0,False,False,False,1014.4
RU000A10FAN0,RU000A10FAN0,АЛРОСА 002P-02,RUB,Materials,Россия,Московская биржа,1,1000,1000,RUB,1005.6,1003.4,997.6,998.9,99.76,5.7,13.03,0,30,12,Floating,True,2026-07-03T00:00:00Z,2029-05-18T00:00:00+03:00,2029-05-18T00:00:00+03:00,15.89,14.7,14.7,2.4,2,-2.4,-0.0024,True,False,False,False,False,True,0,False,False,False,997.6
SIBN6P4,RU000A10CLE3,Газпром Нефть 006Р-04,RUB,Energy,Россия,СПБ Биржа,1,10606.4,1000,CNY,10780.34496,10657.31072,10666.85648,10666.85648,100.57,46.66816,63.21,,28,12,Fixed,False,2026-06-24T00:00:00Z,2027-02-19T00:00:00+03:00,2027-02-19T00:00:00+03:00,7.21,6.61,6.61,,2,0.0,0,True,False,False,False,False,True,0,False,False,False,10561.85312
SU29013RMFS8,RU000A101KT1,ОФЗ 29013,RUB,Government,Россия,Московская биржа,1,1000,1000,RUB,1012.92,1012.9,980.09,979.61,98.009,32.83,,0,91,4,Floating,True,2026-06-24T00:00:00Z,2030-09-18T00:00:00+03:00,2030-09-18T00:00:00+03:00,15.84,,15.84,,2,1.86,0.0019,True,False,False,False,False,True,0,False,False,False,967.88
RU000A101RT6,RU000A101RT6,Республика Казахстан 05,RUB,Government,Казахстан,Московская биржа,1,1000,1000,RUB,1035.5,1035.4,999.3,998.1,99.93,36.1,37.3,7.48,182,2,Fixed,False,2026-06-22T00:00:00Z,2026-06-22T00:00:00+03:00,2026-06-22T00:00:00+03:00,7.49,12,12,0.02,2,-0.1,-0.0001,True,False,False,False,False,True,0,False,False,False,895.8
RU000A108DE3,RU000A108DE3,ГТЛК БО 001P-21,RUB,Financial,Россия,Московская биржа,1,1000,1000,RUB,993.5,991.8,972.1,972.8,97.21,21.6,42.76,17.15,91,4,Floating,True,2026-07-31T00:00:00Z,2029-04-27T00:00:00+03:00,2027-11-03T00:00:00Z,17.64,,18.18,1.24,2,0.0,0,True,False,False,False,False,True,0,False,False,False,935.1
RU000A106SP1,RU000A106SP1,ХК Новотранс 001P-04,RUB,Industrials,Россия,Московская биржа,1,500,500,RUB,502.3,501.55,498,498.15,99.6,3.5,15.27,12.25,91,4,Fixed,False,2026-08-25T00:00:00Z,2026-08-25T00:00:00+03:00,2026-08-25T00:00:00+03:00,12.3,15.15,15.15,0.19,2,-0.75,-0.0015,True,False,False,False,False,True,0,False,False,False,470.2
RU000A10DWQ2,RU000A10DWQ2,Томская область 34076,RUB,Municipal,Россия,Московская биржа,1,1000,1000,RUB,1092,1088.9,1054.4,1054.5,105.44,37.7,39.45,16,90,4,Fixed,False,2026-06-22T00:00:00Z,2030-11-26T00:00:00+03:00,2030-11-26T00:00:00+03:00,15.17,14.95,14.95,2.92,2,0.6,0.0006,True,False,False,False,False,True,0,False,False,False,1022.6
RU000A104Y15,RU000A104Y15,НоваБев Групп 002P БО-П05,RUB,Consumer,Россия,Московская биржа,1,1000,1000,RUB,1025.6,1022.6,977.7,977.2,97.77,47.9,54.1,10.85,182,2,Fixed,False,2026-07-07T00:00:00Z,2027-07-06T00:00:00+03:00,2027-07-06T00:00:00+03:00,11.1,14.96,14.96,0.63,2,-0.6,-0.0006,True,False,False,False,False,True,0,False,False,False,906.2
RU000A104V75,RU000A104V75,Почта России БО-002P-01,RUB,Other,Россия,Московская биржа,1,1000,1000,RUB,965.3,963.1,958.7,958.2,95.87,4.1,56.84,11.4,182,2,Variable,False,2026-12-02T00:00:00Z,2032-05-26T00:00:00+03:00,2027-06-07T00:00:00Z,11.89,,16.78,0.95,2,-1.1,-0.0011,True,False,False,False,False,True,0,False,False,False,907.4
RU000A10DEN7,RU000A10DEN7,Томская область 34075,RUB,Municipal,Россия,Московская биржа,1,1000,1000,RUB,1043.1,1041.6,1031.7,1030,103.17,11.5,13.32,16.2,30,12,Fixed,False,2026-06-22T00:00:00Z,2028-12-06T00:00:00+03:00,2028-12-06T00:00:00+03:00,15.7,15.41,15.41,1.76,2,1.5,0.0015,True,False,False,False,False,True,0,False,False,False,1004.2
RU000A1083U4,RU000A1083U4,МТС 002P-04,RUB,Telecom,Россия,Московская биржа,1,1000,1000,RUB,1031.2,1029.8,995.6,994.5,99.56,35.6,,0,91,4,Floating,True,2026-06-25T00:00:00Z,2027-09-23T00:00:00+03:00,2027-09-23T00:00:00+03:00,16.99,15.19,15.19,1.14,2,0.0,0,True,False,False,False,False,True,0,False,False,False,953.2
RU000A102QP4,RU000A102QP4,РЖД БО 001Р-21R,RUB,Industrials,Россия,Московская биржа,1,1000,1000,RUB,948.8,947,947.9,939.6,94.79,0.8,34.16,6.85,182,2,Fixed,False,2026-06-15T00:00:00Z,2027-06-11T00:00:00+03:00,2027-06-11T00:00:00+03:00,7.23,13.03,13.03,0.97,2,2.1,0.0022,True,False,False,False,False,True,0,False,False,False,855.6
RU000A10DNX7,RU000A10DNX7,СФО Сплит Финанс ПВ-2,RUB,Financial,Россия,Московская биржа,1,1000,1000,RUB,1030.6,1028.7,1020.4,1020.9,102.04,8.1,14.69,17.3,31,12,Fixed,False,2026-06-30T00:00:00Z,2030-01-30T00:00:00+03:00,2030-01-30T00:00:00+03:00,16.95,16.2,16.2,0.93,2,-2.1,-0.0021,True,False,False,False,False,True,0,False,False,False,1008.9
RU000A10DZW3,RU000A10DZW3,РЖД БО 001P-50R,RUB,Industrials,Россия,Московская биржа,1,1000,1000,RUB,1047.2,1045,1037.9,1037,103.79,9.3,12.62,15.35,30,12,Variable,False,2026-06-24T00:00:00Z,2035-12-04T00:00:00+03:00,2029-11-08T00:00:00Z,14.79,,14.88,2.66,2,0.1,0.0001,True,False,False,False,False,True,0,False,False,False,1007
RU000A10C6W2,RU000A10C6W2,Абрау-Дюрсо 002P-01,RUB,Consumer,Россия,Московская биржа,1,1000,1000,RUB,1021.7,1019.6,1009.7,1014.3,100.97,9.8,12.74,15.5,30,12,Fixed,False,2026-06-23T00:00:00Z,2027-01-19T00:00:00+03:00,2027-01-19T00:00:00+03:00,15.35,14.7,14.7,0.57,2,-2,-0.002,True,False,False,False,False,True,0,False,False,False,1021
RU000A10CC99,RU000A10CC99,МБЭС 002P-04,RUB,Financial,Россия,Московская биржа,1,1000,1000,RUB,1012.7,1012.6,1010.2,1010.9,101.02,2.4,12.04,14.65,30,12,Variable,False,2026-07-10T00:00:00Z,2035-06-23T00:00:00+03:00,2028-08-02T00:00:00Z,14.5,,15.04,1.84,2,1.5,0.0015,True,False,False,False,False,True,0,False,False,False,1000
SU29028RMFS6,RU000A10D4Z9,ОФЗ 29028,RUB,Government,Россия,Московская биржа,1,1000,1000,RUB,972.95,971.09,949.37,949.96,94.937,21.72,,0,91,4,Floating,True,2026-07-22T00:00:00Z,2039-10-22T00:00:00+03:00,2039-10-22T00:00:00+03:00,16.33,,16.33,,2,-1.62,-0.0017,True,False,False,False,False,True,0,False,False,False,942.97
RU000A10D4D6,RU000A10D4D6,Минфин Амурской области 31002,RUB,Municipal,Россия,Московская биржа,1,1000,1000,RUB,1068.7,1067,1041.2,1040.9,104.12,27.5,41.76,16.75,91,4,Fixed,False,2026-07-17T00:00:00Z,2027-10-17T00:00:00+03:00,2027-10-17T00:00:00+03:00,16.09,14,14,1.2,2,1.5,0.0014,True,False,False,False,False,True,0,False,False,False,1019.9
RU000A10F8T1,RU000A10F8T1,Ростелеком 003P-01,RUB,Telecom,Россия,Московская биржа,1,1000,1000,RUB,752.6,749.8,750.6,749.7,75.06,2,9.6,3.85,91,4,Fixed,False,2026-08-27T00:00:00Z,2029-08-23T00:00:00+03:00,2029-08-23T00:00:00+03:00,5.13,14.33,14.33,2.98,2,1.4,0.0019,True,False,False,False,False,True,0,False,False,False,750.6
RU000A1043K9,RU000A1043K9,Нижегородская область 35016,RUB,Municipal,Россия,Московская биржа,1,700,700,RUB,682.92,682.36,677.39,675.71,96.77,4.97,16.14,9.25,91,4,Fixed,False,2026-08-18T00:00:00Z,2027-05-26T00:00:00+03:00,2027-05-26T00:00:00+03:00,9.56,14.33,14.33,0.76,2,-0.63,-0.0009,True,False,False,False,False,True,0,False,False,False,647.57
RU000A10BQR6,RU000A10BQR6,СФО СБ Секьюритизация 2 А,RUB,Financial,,Московская биржа,1,452.34,452.34,RUB,473.554746,472.423896,467.131518,466.860114,103.27,5.292378,7.91,20.3,31,12,Fixed,False,2026-06-26T00:00:00Z,2034-05-26T00:00:00+03:00,2034-05-26T00:00:00+03:00,19.66,14.92,14.92,0.52,2,-1.085616,-0.0023,True,False,False,False,False,True,0,False,False,False,465.729264
RU000A10DLP7,RU000A10DLP7,Депфин Югры 34002,RUB,Municipal,Россия,Московская биржа,1,1000,1000,RUB,1023.6,1020.7,1014.6,1015.3,101.46,6.5,36.9,14.8,91,4,Fixed,False,2026-08-31T00:00:00Z,2028-11-26T00:00:00+03:00,2028-11-26T00:00:00+03:00,14.59,14.43,14.43,1.37,2,-2.5,-0.0025,True,False,False,False,False,True,0,False,False,False,1006.8
RU000A10BP79,RU000A10BP79,МТС 002P-11,RUB,Telecom,Россия,Московская биржа,1,1000,1000,RUB,1036.1,1033.7,1020.6,1023.9,102.06,13,15.62,19,30,12,Variable,False,2026-06-22T00:00:00Z,2030-05-01T00:00:00+03:00,2026-11-23T00:00:00Z,18.62,,15.09,0.42,2,-1.2,-0.0012,True,False,False,False,False,True,0,False,False,False,1028.7
RU000A10E7G1,RU000A10E7G1,НоваБев Групп 003Р-02,RUB,Consumer,Россия,Московская биржа,1,1000,1000,RUB,1043.4,1041.2,1038.8,1035,103.88,4.6,12.53,15.25,30,12,Fixed,False,2026-07-06T00:00:00Z,2029-01-20T00:00:00+03:00,2029-01-20T00:00:00+03:00,14.68,14.16,14.16,1.99,2,-0.7,-0.0007,True,False,False,False,False,True,0,False,False,False,1013
RU000A10BSL5,RU000A10BSL5,Ростелеком 001P-17R,RUB,Telecom,,Московская биржа,1,1000,1000,RUB,1048.8,1046.3,1041.7,1039.5,104.17,4.5,13.56,16.5,30,12,Fixed,False,2026-07-06T00:00:00Z,2027-09-29T00:00:00+03:00,2027-09-29T00:00:00+03:00,15.84,13.76,13.76,1.17,2,-4,-0.0038,True,False,False,False,False,True,0,False,False,False,1009.2
RU000A106G56,RU000A106G56,ФосАгро ЗО28-Д,RUB,Materials,Россия,Московская биржа,1,71907.7,1000,USD,67446.9777382,66453.0695088,65947.3426547,66259.2063496,91.7111,467.40005,934.8,2.6,184,2,Fixed,False,2026-09-16T00:00:00Z,2028-09-16T00:00:00+03:00,2028-09-16T00:00:00+03:00,2.83,6.72,6.72,2.19,2,0.0,0,True,False,False,False,False,True,0,False,False,False,64767.1215746
RU000A10BTA6,RU000A10BTA6,РЖД БО 001P-43R,RUB,Industrials,Россия,Московская биржа,1,1000,1000,RUB,1051.4,1049.5,1050.3,1046.3,105.03,1.3,13.07,15.9,30,12,Variable,False,2026-06-15T00:00:00Z,2035-04-27T00:00:00+03:00,2029-05-31T00:00:00Z,15.14,,14.73,2.39,2,1.5,0.0014,True,False,False,False,False,True,0,False,False,False,1040.9
RU000A10BJ85,RU000A10BJ85,МТС Банк 001P-05,RUB,Telecom,Россия,Московская биржа,1,1000,1000,RUB,1277,1276.1,1006.1,1005.9,100.61,270.9,295.89,24,450,1,Fixed,False,2026-07-24T00:00:00Z,2026-07-24T00:00:00+03:00,2026-07-24T00:00:00+03:00,23.85,15.15,15.15,0.1,2,0.2,0.0002,True,False,False,False,False,True,0,False,False,False,1025.9
RU000A108G05,RU000A108G05,ЕвразХолдинг Финанс 003P-01,RUB,Materials,Россия,Московская биржа,1,1000,1000,RUB,1003.5,1002.5,999.9,1000.5,99.99,2.6,12.99,0,30,12,Floating,True,2026-07-10T00:00:00Z,2026-11-07T00:00:00+03:00,2026-11-07T00:00:00+03:00,15.8,16.08,16.08,0.38,2,-1,-0.001,True,False,False,False,False,True,0,False,False,False,987.9
RU000A103EZ7,RU000A103EZ7,Ростелеком 002P-06R,RUB,Telecom,Россия,Московская биржа,1,1000,1000,RUB,1028.9,1026.6,997,996.4,99.7,31.9,38.39,7.7,182,2,Fixed,False,2026-07-17T00:00:00Z,2026-07-17T00:00:00+03:00,2026-07-17T00:00:00+03:00,7.72,11.48,11.48,0.08,2,-0.1,-0.0001,True,False,False,False,False,True,0,False,False,False,900.8
RU000A107EC7,RU000A107EC7,Россети Ленэнерго 001P-01,RUB,Utilities,Россия,Московская биржа,1,1000,1000,RUB,1004.9,1004.6,999.9,1000.2,99.99,4.7,12.86,15.65,30,12,Floating,True,2026-07-06T00:00:00Z,2027-11-27T00:00:00+03:00,2027-11-27T00:00:00+03:00,15.65,14.65,14.65,1.31,2,-0.4,-0.0004,True,False,False,False,False,True,0,False,False,False,983.1
RU000A106PW3,RU000A106PW3,Новые Технологии БO-02,RUB,Materials,Россия,Московская биржа,1,1000,1000,RUB,1033.2,1031.6,989.6,988.6,98.96,43.7,63.08,12.65,182,2,Variable,False,2026-08-11T00:00:00Z,2028-08-08T00:00:00+03:00,2026-08-13T00:00:00Z,12.78,,20.14,0.16,2,0.6,0.0006,True,False,False,False,False,True,0,False,False,False,898.5
RU000A10EYW4,RU000A10EYW4,ПГК 003Р-05,RUB,Industrials,Россия,Московская биржа,1,1000,1000,RUB,1010.4,1009.2,1001.7,1002,100.17,8.9,13.97,0,30,12,Floating,True,2026-06-29T00:00:00Z,2028-10-14T00:00:00+03:00,2028-10-14T00:00:00+03:00,16.97,15.82,15.82,1.96,2,-0.2,-0.0002,True,False,False,False,False,True,0,False,False,False,1000.5
RU000A10EMG2,RU000A10EMG2,НоваБев Групп 003Р-03,RUB,Consumer,Россия,Московская биржа,1,1000,1000,RUB,1029.4,1026.6,1015.5,1018.1,101.55,11.1,11.92,14.5,30,12,Fixed,False,2026-06-18T00:00:00Z,2029-03-04T00:00:00+03:00,2029-03-04T00:00:00+03:00,14.28,14.66,14.66,2.07,2,-2.5,-0.0025,True,False,False,False,False,True,0,False,False,False,1002.5
RU000A10ECK5,RU000A10ECK5,СИБУР Холдинг 001Р-09,RUB,Energy,Россия,Московская биржа,1,7190.77,100,USD,7401.07125942,7382.10919893,7362.96017842,7287.49304727,102.3946,38.111081,44.58,7.5,30,12,Fixed,False,2026-06-22T00:00:00Z,2029-03-06T00:00:00+03:00,2029-03-06T00:00:00+03:00,7.32,6.79,6.79,2.46,2,25.80767353,0.0035,True,False,False,False,False,True,0,False,False,False,7318.046629
RU000A10B8M0,RU000A10B8M0,Сэтл Групп БО 002P-04,RUB,RealEstate,Россия,Московская биржа,1,1000,1000,RUB,1033.2,1030.4,1023,1025,102.3,9.8,19.64,23.9,30,12,Variable,False,2026-07-01T00:00:00Z,2030-03-12T00:00:00+03:00,2026-10-02T00:00:00Z,23.36,,17.09,0.28,2,-2.5,-0.0024,True,False,False,False,False,True,0,False,False,False,1043.3
RU000A10F8N4,RU000A10F8N4,МТС 003Р-02,RUB,Telecom,Россия,Московская биржа,1,1000,1000,RUB,1005.6,1004.6,997,995.7,99.7,8.3,13.15,0,30,12,Floating,True,2026-06-29T00:00:00Z,2038-03-26T00:00:00+03:00,2029-05-16T00:00:00Z,16.05,,15.47,5.75,2,-0.8,-0.0008,True,False,False,False,False,True,0,False,False,False,997
SU52005RMFS4,RU000A105XV1,ОФЗ 52005,RUB,Government,Россия,Московская биржа,1,1280.84,1280.84,RUB,982.8397656,980.995356,980.4702116,979.8297916,76.549,2.369554,,2.5,182,2,Fixed,False,2026-11-18T00:00:00Z,2033-05-11T00:00:00+03:00,2033-05-11T00:00:00+03:00,3.27,6.93,6.93,6.27,2,3.4198428,0.0035,True,False,False,False,False,True,0,False,False,True,855.6139284
RU000A10BBD8,RU000A10BBD8,ЯТЭК 001Р-06,RUB,Energy,Россия,Московская биржа,1,1000,1000,RUB,1017.4,1015,1009.4,1011.4,100.94,5.7,15.41,0,30,12,Floating,True,2026-07-06T00:00:00Z,2027-04-01T00:00:00+03:00,2027-04-01T00:00:00+03:00,18.58,17.57,17.57,0.74,2,-0.2,-0.0002,True,False,False,False,False,True,0,False,False,False,1013.4
RU000A10CT33,RU000A10CT33,Атомэнергопром 001Р-08,RUB,Energy,Россия,Московская биржа,1,1000,1000,RUB,1066.2,1063.7,1032.3,1031,103.23,33.8,36.65,14.7,91,4,Fixed,False,2026-06-23T00:00:00Z,2030-09-17T00:00:00+03:00,2030-09-17T00:00:00+03:00,14.24,14.4,14.4,3.15,2,0.0,0,True,False,False,False,False,True,0,False,False,False,984.9
SU29019RMFS5,RU000A102A49,ОФЗ 29019,RUB,Government,Россия,Московская биржа,1,1000,1000,RUB,1013.47,1012.8,991.2,992.05,99.12,21.48,,0,91,4,Floating,True,2026-07-22T00:00:00Z,2029-07-18T00:00:00+03:00,2029-07-18T00:00:00+03:00,15.35,,15.35,,2,-0.26,-0.0003,True,False,False,False,False,True,0,False,False,False,976.07
RU000A1084B2,RU000A1084B2,Сэтл Групп БО 002P-03,RUB,RealEstate,Россия,Московская биржа,1,1000,1000,RUB,1020.6,1018.6,1007.5,1008.4,100.75,13.5,13.97,17,30,12,Variable,False,2026-06-17T00:00:00Z,2027-03-14T00:00:00+03:00,2027-03-14T00:00:00+03:00,16.87,17.13,17.13,0.69,2,-2.3,-0.0023,True,False,False,False,False,True,0,False,False,False,950
RU000A10CSQ2,RU000A10CSQ2,НоваБев Групп 003Р-01,RUB,Consumer,Россия,Московская биржа,1,1000,1000,RUB,1030.7,1030.5,1020,1020.1,102,10.7,11.92,14.5,30,12,Fixed,False,2026-06-19T00:00:00Z,2028-09-06T00:00:00+03:00,2028-09-06T00:00:00+03:00,14.22,14.19,14.19,1.72,2,-3.9,-0.0038,True,False,False,False,False,True,0,False,False,False,980.5
RU000A10E291,RU000A10E291,ГК Азот 001Р-01,RUB,Other,Россия,Московская биржа,1,1000,1000,RUB,1046.6,1044.9,1035.8,1038.8,103.58,9.1,14.3,17.4,30,12,Variable,False,2026-06-29T00:00:00Z,2030-12-03T00:00:00+03:00,2027-12-21T00:00:00Z,16.8,,15.79,1.33,2,-1.5,-0.0014,True,False,False,False,False,True,0,False,False,False,1018.2
RU000A10BY45,RU000A10BY45,Новые Технологии 001Р-07,RUB,Materials,,Московская биржа,1,1000,1000,RUB,1053.7,1051,1043.3,1041.3,104.33,10.5,16.64,20.25,30,12,Fixed,False,2026-06-29T00:00:00Z,2027-06-22T00:00:00+03:00,2027-06-22T00:00:00+03:00,19.41,16.78,16.78,0.92,2,0.3,0.0003,True,False,False,False,False,True,0,False,False,False,1017.6
RU000A1082W2,RU000A1082W2,Новые Технологии БO-03,RUB,Materials,Россия,Московская биржа,1,1000,1000,RUB,1015.3,1012.5,1013.1,1012,101.31,3,14.88,18.1,30,12,Variable,False,2026-07-10T00:00:00Z,2027-03-07T00:00:00+03:00,2027-03-07T00:00:00+03:00,17.87,17.43,17.43,0.68,2,-1.1,-0.0011,True,False,False,False,False,True,0,False,False,False,960.9
RU000A10EML2,RU000A10EML2,ВТБ Лизинг 001Р-МБ-05,RUB,Financial,Россия,Московская биржа,1,1000,1000,RUB,1024.3,1022.1,1012.8,1010,101.28,11.9,12.74,15.5,30,12,Fixed,False,2026-06-18T00:00:00Z,2029-03-04T00:00:00+03:00,2029-03-04T00:00:00+03:00,15.3,15.39,15.39,1.16,2,-0.1,-0.0001,True,False,False,False,False,True,0,False,False,False,1012
RU000A10B3Z3,RU000A10B3Z3,ЕвразХолдинг Финанс 003P-03,RUB,Materials,Россия,Московская биржа,1,7190.77,100,USD,7338.95738816,7320.15352461,7310.79114207,7313.01309,101.6691,9.348001,56.09,9.5,30,12,Fixed,False,2026-07-13T00:00:00Z,2027-03-08T00:00:00+03:00,2027-03-08T00:00:00+03:00,9.34,7.36,7.36,,2,-18.8398174,-0.0026,True,False,False,False,False,True,0,False,False,False,7431.61045961
RU000A1069N8,RU000A1069N8,ГМК Норникель БО-09,RUB,Materials,Россия,Московская биржа,1,1000,1000,RUB,1013.3,1010.9,1001.8,1000,100.18,11.5,,0,91,4,Floating,True,2026-08-19T00:00:00Z,2028-05-17T00:00:00+03:00,2028-05-17T00:00:00+03:00,16.07,14.13,14.13,1.7,2,-0.6,-0.0006,True,False,False,False,False,True,0,False,False,False,974.4
RU000A106672,RU000A106672,Газпром капитал БО-001Р-05,RUB,Energy,Россия,Московская биржа,1,1000,1000,RUB,985.5,983.7,969.4,969.9,96.94,14.5,24.43,9.8,91,4,Variable,False,2026-07-23T00:00:00Z,2028-04-20T00:00:00+03:00,2027-04-27T00:00:00Z,10.11,,14.32,0.82,2,-1.1,-0.0011,True,False,False,False,False,True,0,False,False,False,893
RU000A10DBA0,RU000A10DBA0,СФО ГПБ-СПК А2,RUB,Other,Россия,Московская биржа,1,789.91,789.91,RUB,801.75865,801.126722,794.017532,793.385604,100.52,7.504145,10.84,16.5,31,12,Fixed,False,2026-06-26T00:00:00Z,2033-11-26T00:00:00+03:00,2033-11-26T00:00:00+03:00,16.41,16.88,16.88,0.65,2,0.0,0,True,False,False,False,False,True,0,False,False,False,815.266111
RU000A10F728,RU000A10F728,Газпром капитал БО-003Р-22,RUB,Energy,Россия,Московская биржа,1,10606.4,1000,CNY,10773.026544,10759.238224,10711.986712,10633.764512,100.9955,61.623184,68.41,7.85,30,12,Fixed,False,2026-06-19T00:00:00Z,2030-04-29T00:00:00+03:00,2030-04-29T00:00:00+03:00,7.77,7.82,7.82,3.33,2,20.735512,0.0019,True,False,False,False,False,True,0,False,False,False,10711.986712
RU000A1099A2,RU000A1099A2,НоваБев Групп 002P БО-П07,RUB,Consumer,Россия,Московская биржа,1,1000,1000,RUB,1002.9,1001.2,1000.9,1000.1,100.09,2.2,13.07,15.9,30,12,Floating,True,2026-07-13T00:00:00Z,2027-08-05T00:00:00+03:00,2027-08-05T00:00:00+03:00,15.89,15.16,15.16,1.05,2,0.4,0.0004,True,False,False,False,False,True,0,False,False,False,998.6
RU000A107CG2,RU000A107CG2,Россети БО 001P-11R,RUB,Utilities,Россия,Московская биржа,1,1000,1000,RUB,1005.4,1003.7,998.4,998.6,99.84,7.2,12.78,0,30,12,Floating,True,2026-06-29T00:00:00Z,2029-12-10T00:00:00+03:00,2029-12-10T00:00:00+03:00,15.57,14.39,14.39,2.78,2,2.1,0.0021,True,False,False,False,False,True,0,False,False,False,961.2
RU000A1090K0,RU000A1090K0,Магнит БО-004Р-06,RUB,Consumer,Россия,Московская биржа,1,1000,1000,RUB,1003.7,1001.7,1000.1,1001.1,100.01,1.7,12.74,15.5,30,12,Floating,True,2026-06-15T00:00:00Z,2026-07-12T00:00:00+03:00,2026-07-12T00:00:00+03:00,15.5,16.47,16.47,0.07,2,0.0,0,True,False,False,False,False,True,0,False,False,False,1001.2
RU000A10C0X3,RU000A10C0X3,Эн+ Гидро 001РС-07,RUB,Energy,,Московская биржа,1,10606.4,1000,CNY,10753.2562144,10615.5533232,10630.0098464,10618.915552,100.2226,30.334304,75.84,8.7,30,12,Variable,False,2026-07-06T00:00:00Z,2027-06-29T00:00:00+03:00,2026-07-08T00:00:00Z,8.68,,5.11,0.06,2,0.0,0,True,False,False,False,False,True,0,False,False,False,10612.9123296
RU000A102CT6,RU000A102CT6,Свердловская область 35009,RUB,Municipal,Россия,Московская биржа,1,400,400,RUB,377.76,377.12,375.44,374.16,93.86,2.32,6.23,6.25,91,4,Fixed,False,2026-08-12T00:00:00Z,2027-11-17T00:00:00+03:00,2027-11-17T00:00:00+03:00,6.66,14.35,14.35,0.86,2,0.56,0.0015,False,True,False,False,False,True,0,False,False,False,349.52
RU000A10D7Z2,RU000A10D7Z2,МСП Факторинг 001Р-01,RUB,Financial,Россия,Московская биржа,1,1000,1000,RUB,1018,1016.6,1006.6,1004,100.66,12,14.38,0,30,12,Floating,True,2026-06-22T00:00:00Z,2027-10-14T00:00:00+03:00,2027-10-14T00:00:00+03:00,17.39,16.29,16.29,1.19,2,2.2,0.0022,True,False,False,False,False,True,0,False,False,False,1008.7
RU000A10CMQ5,RU000A10CMQ5,Новые Технологии 001Р-08,RUB,Materials,Россия,Московская биржа,1,1000,1000,RUB,1029.5,1027.5,1020.1,1021.6,102.01,7.5,13.97,17,30,12,Fixed,False,2026-06-30T00:00:00Z,2027-08-24T00:00:00+03:00,2027-08-24T00:00:00+03:00,16.67,16.23,16.23,1.08,2,-3.1,-0.003,True,False,False,False,False,True,0,False,False,False,1008.5
RU000A107F49,RU000A107F49,Банк ГПБ БО 005Р-02Р,RUB,Financial,Россия,Московская биржа,1,1000,1000,RUB,1000,998.3,989.4,988.2,98.94,10.7,12.32,14.5,31,12,Floating,True,2026-06-22T00:00:00Z,2027-06-20T00:00:00+03:00,2027-06-20T00:00:00+03:00,14.66,14.95,14.95,0.94,2,0.7,0.0007,True,False,False,False,False,True,0,False,False,False,958.7
RU000A109U97,RU000A109U97,ДОМ.РФ 002P-05,RUB,Financial,Россия,Московская биржа,1,1000,1000,RUB,1013.2,1012.1,1002.1,1002,100.21,11.2,12.95,15.75,30,12,Floating,True,2026-06-22T00:00:00Z,2026-10-18T00:00:00+03:00,2026-10-18T00:00:00+03:00,15.72,15.2,15.2,0.33,2,-0.6,-0.0006,True,False,False,False,False,True,0,False,False,False,1001.5
RU000A1087F6,RU000A1087F6,Ульяновская область 34008,RUB,Municipal,Россия,Московская биржа,1,1000,1000,RUB,1054.5,1052.1,1025.9,1022,102.59,29.8,39.89,16,91,4,Fixed,False,2026-07-09T00:00:00Z,2029-04-05T00:00:00+03:00,2029-04-05T00:00:00+03:00,15.6,15.1,15.1,1.54,2,2.9,0.0028,True,False,False,False,False,True,0,False,False,False,965.3
RU000A103G42,RU000A103G42,Сбербанк 001Р-SBER29,RUB,Financial,Россия,Московская биржа,1,1000,1000,RUB,1024.7,1024.1,996.8,997.7,99.68,27.9,37.05,7.43,182,2,Fixed,False,2026-07-31T00:00:00Z,2026-07-31T00:00:00+03:00,2026-07-31T00:00:00+03:00,7.45,10.21,10.21,0.12,2,-0.3,-0.0003,True,False,False,False,False,True,0,False,False,False,914.7
RU000A10B263,RU000A10B263,АБЗ-1 002P-02,RUB,Industrials,Россия,Московская биржа,1,1000,1000,RUB,1027,1024.5,1020.8,1020.5,102.08,6.3,17.26,0,30,12,Floating,True,2026-07-06T00:00:00Z,2028-02-25T00:00:00+03:00,2028-02-25T00:00:00+03:00,20.57,18.67,18.67,0.97,2,0.9,0.0009,True,False,False,False,False,True,0,False,False,False,1001
SU52003RMFS9,RU000A102069,ОФЗ 52003,RUB,Government,Россия,Московская биржа,1,1588.11,1588.11,RUB,1330.1374116,1327.5964356,1314.2563116,1314.1451439,82.756,15.8811,,2.5,182,2,Fixed,False,2026-07-22T00:00:00Z,2030-07-17T00:00:00+03:00,2030-07-17T00:00:00+03:00,3.02,7.61,7.61,3.84,2,1.6992777,0.0013,True,False,False,False,False,True,0,False,False,True,1145.8054839
RU000A10DHX9,RU000A10DHX9,Инарктика 002Р-04,RUB,Consumer,Россия,Московская биржа,1,1000,1000,RUB,1050.3,1048.2,1035.8,1037,103.58,12.5,12.95,15.75,30,12,Fixed,False,2026-06-17T00:00:00Z,2028-11-03T00:00:00+03:00,2028-11-03T00:00:00+03:00,15.21,14.92,14.92,1.99,2,-3.8,-0.0037,True,False,False,False,False,True,0,False,False,False,1025
RU000A105CM4,RU000A105CM4,ХК Новотранс 001P-03,RUB,Industrials,Россия,Московская биржа,1,750,750,RUB,742.95,741.525,729.675,730.725,97.29,11.775,21.88,11.7,91,4,Fixed,False,2026-07-28T00:00:00Z,2027-10-26T00:00:00+03:00,2027-10-26T00:00:00+03:00,12.03,16.66,16.66,0.69,2,-0.225,-0.0003,True,False,False,False,False,True,0,False,False,False,690.9
RU000A10CMR3,RU000A10CMR3,СИБУР Холдинг 001Р-08,RUB,Energy,Россия,Московская биржа,1,7190.77,100,USD,7301.09798411,7277.00171384,7259.89487201,7255.42940384,100.9613,20.853233,39.55,6.65,30,12,Fixed,False,2026-06-30T00:00:00Z,2030-08-08T00:00:00+03:00,2030-08-08T00:00:00+03:00,6.59,6.62,6.62,3.63,2,-40.17483199,-0.0055,True,False,False,False,False,True,0,False,False,False,7208.73973423
RU000A1083W0,RU000A1083W0,МТС 002P-05,RUB,Telecom,Россия,Московская биржа,1,1000,1000,RUB,1032.1,1031,996,995.4,99.6,36.1,39.95,0,91,4,Floating,True,2026-06-25T00:00:00Z,2027-09-23T00:00:00+03:00,2027-09-23T00:00:00+03:00,16.09,15.22,15.22,1.14,2,-0.2,-0.0002,True,False,False,False,False,True,0,False,False,False,957
RU000A10DSD8,RU000A10DSD8,Кредитный поток 4.2,RUB,Financial,Россия,Московская биржа,1,1000,1000,RUB,1052.3,1049.2,1045.9,1044.2,104.59,6.4,14.79,18,30,12,Fixed,False,2026-07-03T00:00:00Z,2031-01-03T00:00:00+03:00,2031-01-03T00:00:00+03:00,17.21,16.88,16.88,1.98,2,4.5,0.0043,True,False,False,False,False,True,0,False,False,False,1044
RU000A1075E4,RU000A1075E4,МТС 002P-01,RUB,Telecom,Россия,Московская биржа,1,1000,1000,RUB,1012.8,1011.5,992,991.3,99.2,20.8,,0,91,4,Floating,True,2026-07-28T00:00:00Z,2027-10-26T00:00:00+03:00,2027-10-26T00:00:00+03:00,16.5,15.23,15.23,1.24,2,-0.4,-0.0004,True,False,False,False,False,True,0,False,False,False,947.5
RU000A108C74,RU000A108C74,РЕСО-Лизинг БО-П-25,RUB,Financial,Россия,Московская биржа,1,1000,1000,RUB,1004.9,1004.8,1004.5,1004.7,100.45,0.4,12.74,15.5,30,12,Variable,False,2026-06-15T00:00:00Z,2034-03-05T00:00:00+03:00,2027-04-14T00:00:00Z,15.43,,15.99,0.78,2,2,0.002,True,False,False,False,False,True,0,False,False,False,960
RU000A101RZ3,RU000A101RZ3,Республика Казахстан 11,RUB,Government,Казахстан,Московская биржа,1,1000,1000,RUB,789.3,787.5,771.9,773,77.19,17.3,34.9,7,182,2,Fixed,False,2026-09-16T00:00:00Z,2030-09-11T00:00:00+03:00,2030-09-11T00:00:00+03:00,9.07,14.87,14.87,3.58,2,2.6,0.0034,True,False,False,False,False,True,0,False,False,False,678.4
RU000A107HR8,RU000A107HR8,Авто Финанс Банк БО-001Р-11,RUB,Financial,Россия,Московская биржа,1,1000,1000,RUB,1044.5,1042.4,1002,1003.8,100.2,40.4,44.88,18,91,4,Floating,True,2026-06-25T00:00:00Z,2026-12-24T00:00:00+03:00,2026-12-24T00:00:00+03:00,17.96,16.23,16.23,0.49,2,-2.9,-0.0029,True,False,False,False,False,True,0,False,False,False,963.7
RU000A107B19,RU000A107B19,Новосибирская область 35023,RUB,Municipal,Россия,Московская биржа,1,1000,1000,RUB,1002.1,1002,981.4,977.4,98.14,20.6,31.79,12.75,91,4,Fixed,False,2026-07-20T00:00:00Z,2030-11-22T00:00:00+03:00,2030-11-22T00:00:00+03:00,12.99,14.26,14.26,2.34,2,1.6,0.0016,True,False,False,False,False,True,0,False,False,False,926.8
RU000A10CTX6,RU000A10CTX6,ВЭБ.РФ ПБО-002Р-54В,RUB,Financial,Россия,Московская биржа,1,71907.7,1000,USD,74387.4370345,72837.7541918,73993.0233,72957.2647892,102.9,324.303727,422.82,7.15,30,12,Fixed,False,2026-06-23T00:00:00Z,2030-08-31T00:00:00+03:00,2030-08-31T00:00:00+03:00,6.95,6.56,6.56,3.64,2,-59.1800371,-0.0008,True,False,False,False,False,True,0,False,False,False,70972.8999
RU000A10B420,RU000A10B420,Группа Черкизово БО-001Р-08,RUB,Consumer,Россия,Московская биржа,1,1000,1000,RUB,1006.5,1004.7,1004.6,1002.8,100.46,1.8,13.73,0,30,12,Floating,True,2026-06-15T00:00:00Z,2026-09-10T00:00:00+03:00,2026-09-10T00:00:00+03:00,16.62,15.01,15.01,0.23,2,0.5,0.0005,True,False,False,False,False,True,0,False,False,False,1009.7
RU000A1099S4,RU000A1099S4,Новосибирская область 34024,RUB,Municipal,Россия,Московская биржа,1,1000,1000,RUB,1061.9,1060,1030.8,1035.9,103.08,29.1,44.88,18,91,4,Fixed,False,2026-07-20T00:00:00Z,2029-08-17T00:00:00+03:00,2029-08-17T00:00:00+03:00,17.46,14.94,14.94,1.47,2,-3.9,-0.0038,True,False,False,False,False,True,0,False,False,False,1016.4
RU000A109XR1,RU000A109XR1,Акрон БО-001P-05,RUB,Materials,Россия,Московская биржа,1,900,900,RUB,914.94,914.67,904.95,907.11,100.55,9.99,12.02,0,30,12,Floating,True,2026-06-22T00:00:00Z,2027-10-14T00:00:00+03:00,2027-10-14T00:00:00+03:00,16.16,14.97,14.97,0.84,2,-1.8,-0.002,True,False,False,False,False,True,0,False,False,False,902.16
RU000A107D33,RU000A107D33,ВИС ФИНАНС БО-П05,RUB,Financial,Россия,Московская биржа,1,1000,1000,RUB,1008.2,1005.5,1002.8,1006.6,100.28,2.6,47.37,19,91,4,Floating,True,2026-09-10T00:00:00Z,2027-12-09T00:00:00+03:00,2027-12-09T00:00:00+03:00,18.95,18.03,18.03,1.33,2,-0.2,-0.0002,True,False,False,False,False,True,0,False,False,False,997.3
RU000A1054W1,RU000A1054W1,Полюс ПБО-02,CNY,Materials,Россия,Московская биржа,1,1000,1000,CNY,982.059,981.661,970.4,970.648,97.04,11.66,18.95,3.8,182,2,Fixed,False,2026-08-25T00:00:00Z,2027-08-24T00:00:00+03:00,2027-08-24T00:00:00+03:00,3.92,6.52,6.52,1.16,2,-0.576,-0.0006,True,False,False,False,False,True,0,False,False,False,969.81
RU000A101Z17,RU000A101Z17,Свердловская область 35008,RUB,Municipal,Россия,Московская биржа,1,600,600,RUB,580.26,579.36,574.8,574.2,95.8,5.4,9.12,6.1,91,4,Fixed,False,2026-07-23T00:00:00Z,2027-07-29T00:00:00+03:00,2027-07-29T00:00:00+03:00,6.37,14.29,14.29,0.57,2,-1.14,-0.002,True,False,False,False,False,True,0,False,False,False,542.76
RU000A109UD7,RU000A109UD7,Атомэнергопром 001Р-03,RUB,Energy,Россия,Московская биржа,1,1000,1000,RUB,1005,1002.6,1001.4,1002.8,100.14,0.4,12.95,0,30,12,Floating,True,2026-06-15T00:00:00Z,2027-10-08T00:00:00+03:00,2027-10-08T00:00:00+03:00,15.73,14.8,14.8,1.2,2,-3.4,-0.0034,True,False,False,False,False,True,0,False,False,False,990.4
RU000A100HY9,RU000A100HY9,РЖД БО 001Р-16R,RUB,Industrials,Россия,Московская биржа,1,1000,1000,RUB,1036.9,1035.7,999.4,999.5,99.94,37.4,39.39,7.9,182,2,Fixed,False,2026-06-25T00:00:00Z,2026-06-25T00:00:00+03:00,2026-06-25T00:00:00+03:00,7.9,10.48,10.48,0.02,2,-0.1,-0.0001,True,False,False,False,False,True,0,False,False,False,917.7
RU000A105KU0,RU000A105KU0,Газпром капитал ЗО29-1-Д,RUB,Energy,Россия,Московская биржа,1,71907.7,1000,USD,66300.2656463,65939.2889923,65481.308851,65209.3539296,91.063,819.028703,1060.64,2.95,181,2,Fixed,False,2026-07-27T00:00:00Z,2029-01-27T00:00:00+03:00,2029-01-27T00:00:00+03:00,3.24,6.74,6.74,2.5,2,0.0,0,True,False,False,False,False,True,0,False,False,False,62204.474962
RU000A109RR3,RU000A109RR3,Ульяновская область 34009,RUB,Municipal,Россия,Московская биржа,1,1000,1000,RUB,1204.8,1204.6,1181.4,1182,118.14,23.4,56.1,22.5,91,4,Fixed,False,2026-08-10T00:00:00Z,2029-10-04T00:00:00+03:00,2029-10-04T00:00:00+03:00,19.05,14.56,14.56,2,2,0.0,0,True,False,False,False,False,True,0,False,False,False,1150
RU000A10AT27,RU000A10AT27,ИКС 5 Финанс 003P-10,RUB,Consumer,Россия,Московская биржа,1,1000,1000,RUB,1062.4,1060.9,1049.8,1047,104.98,12.6,16.4,19.95,30,12,Variable,False,2026-06-23T00:00:00Z,2035-02-06T00:00:00+03:00,2027-02-24T00:00:00Z,19,,13.15,0.65,2,1.8,0.0017,True,False,False,False,False,True,0,False,False,False,1070.1
RU000A10DSM9,RU000A10DSM9,ПГК 003Р-03,RUB,Industrials,Россия,Московская биржа,1,1000,1000,RUB,1006.8,1006.7,1003.9,1003.9,100.39,2.8,13.97,0,30,12,Floating,True,2026-07-10T00:00:00Z,2030-11-16T00:00:00+03:00,2027-12-07T00:00:00Z,16.93,,15.33,1.33,2,-0.1,-0.0001,True,False,False,False,False,True,0,False,False,False,995.7
RU000A1070L0,RU000A1070L0,ЯТЭК 001Р-03,RUB,Energy,Россия,Московская биржа,1,1000,1000,RUB,1029,1026.5,1000.8,1000.9,100.08,28.2,38.27,15.35,91,4,Variable,False,2026-07-10T00:00:00Z,2026-10-09T00:00:00+03:00,2026-10-09T00:00:00+03:00,15.34,15.91,15.91,0.31,2,0.4,0.0004,True,False,False,False,False,True,0,False,False,False,973.8
RU000A102CR0,RU000A102CR0,Московская область 35015,RUB,Municipal,Россия,Московская биржа,1,300,300,RUB,293.13,292.65,290.94,291.09,96.98,1.71,4.45,5.95,91,4,Fixed,False,2026-08-11T00:00:00Z,2026-11-10T00:00:00+03:00,2026-11-10T00:00:00+03:00,6.14,14.5,14.5,0.4,2,-0.42,-0.0014,True,False,False,False,False,True,0,False,False,False,261.18
RU000A10AUX8,RU000A10AUX8,НОВАТЭК 001Р-03,RUB,Energy,,Московская биржа,1,7190.77,100,USD,7611.54509732,7602.80831177,7586.25515923,7566.16414785,105.4999,16.538771,55.37,9.4,30,12,Fixed,False,2026-07-07T00:00:00Z,2028-02-27T00:00:00+03:00,2028-02-27T00:00:00+03:00,8.91,6.13,6.13,1.58,2,-14.65478926,-0.0019,True,False,False,False,False,True,0,False,False,False,7821.81040289
RU000A10FAK6,RU000A10FAK6,ОФЗ 36 CNY,RUB,Government,Россия,Московская биржа,1,106064.0,10000,CNY,107467.22672,107360.10208,107177.672,106607.04768,101.05,289.55472,4045.81,7.65,182,2,Fixed,False,2026-12-02T00:00:00Z,2036-05-21T00:00:00+03:00,2036-05-21T00:00:00+03:00,7.57,7.64,7.64,7.13,2,106.064,0.001,True,False,False,False,False,True,0,False,False,False,107177.672
RU000A105QW3,RU000A105QW3,Газпром капитал БЗО26-1-Д,RUB,Energy,Россия,Московская биржа,1,71907.7,1000,USD,66609.1811255,66404.1722728,64364.58227,64225.9442244,89.51,2262.216242,2908.67,8.09,181,2,Floating,True,2026-07-27T00:00:00Z,,2026-07-26T00:00:00Z,9.04,,9.04,9.76,2,0.0,0,True,False,False,False,True,True,0,False,False,False,54779.28586
RU000A10B4K3,RU000A10B4K3,ГМК Норникель БО-001Р-08,RUB,Materials,Россия,Московская биржа,1,7190.77,100,USD,7392.26975694,7380.61351877,7389.5947905,7365.505711,102.765,2.876308,46.02,7.75,30,12,Variable,False,2026-06-15T00:00:00Z,2030-02-23T00:00:00+03:00,2028-04-11T00:00:00Z,7.54,,6.36,,2,-9.71473027,-0.0013,True,False,False,False,False,True,0,False,False,False,7313.01309
RU000A10DC15,RU000A10DC15,АВТОБАН-Финанс БО-П07,RUB,Financial,Россия,Московская биржа,1,1000,1000,RUB,1014.4,1013,1000.5,1000.5,100.05,13.8,14.79,18,30,12,Floating,True,2026-06-18T00:00:00Z,2031-10-20T00:00:00+03:00,2027-12-15T00:00:00Z,17.99,,17.21,1.32,2,0.5,0.0005,True,False,False,False,False,True,0,False,False,False,996.5
RU000A10AA28,RU000A10AA28,Акрон БО-001P-06,RUB,Materials,Россия,Московская биржа,1,1000,1000,RUB,1029.8,1028,1022.8,1023.6,102.28,6.8,14.59,0,30,12,Floating,True,2026-07-02T00:00:00Z,2027-07-27T00:00:00+03:00,2027-07-27T00:00:00+03:00,17.35,13.37,13.37,0.58,2,0.6,0.0006,True,False,False,False,False,True,0,False,False,False,1037.6
RU000A0ZYKJ1,RU000A0ZYKJ1,Санкт-Петербург 35002,RUB,Municipal,Россия,Московская биржа,1,250,250,RUB,244.275,243.975,243.7,243.15,97.48,0.575,9.54,7.65,182,2,Fixed,False,2026-12-04T00:00:00Z,2026-12-04T00:00:00+03:00,2026-12-04T00:00:00+03:00,7.85,13.81,13.81,0.47,2,0.025,0.0001,True,False,False,False,False,True,0,False,False,False,232.075
RU000A10ELF6,RU000A10ELF6,МТС 002Р-17,RUB,Telecom,Россия,Московская биржа,1,1000,1000,RUB,1002,1000,1002.1,1000.1,100.21,0,13.27,0,30,12,Floating,True,2026-06-16T00:00:00Z,2036-01-25T00:00:00+03:00,2028-03-13T00:00:00Z,16.12,,14.97,1.55,2,2,0.002,True,False,False,False,False,True,0,False,False,False,999
RU000A102A15,RU000A102A15,Санкт-Петербург 35003,RUB,Municipal,Россия,Московская биржа,1,500,500,RUB,483.2,482.8,477.6,476.95,95.52,5.2,15.08,6.05,182,2,Fixed,False,2026-10-13T00:00:00Z,2027-04-13T00:00:00+03:00,2027-04-13T00:00:00+03:00,6.33,14.26,14.26,0.61,2,-1.1,-0.0023,True,False,False,False,False,True,0,False,False,False,444.35
RU000A10AAU6,RU000A10AAU6,Амурская область 24001,RUB,Municipal,Россия,Московская биржа,1,1000,1000,RUB,1037.2,1035.4,1024.4,1024,102.44,12.8,16.56,19.5,31,12,Floating,True,2026-06-23T00:00:00Z,2026-12-12T00:00:00+03:00,2026-12-12T00:00:00+03:00,19.04,14.21,14.21,0.47,2,0.0,0,True,False,False,False,False,True,0,False,False,False,1048.3
RU000A10CCN3,RU000A10CCN3,О'КЕЙ БО 001Р-08,RUB,Consumer,Россия,Московская биржа,1,1000,1000,RUB,1016.3,1013.6,1013,1012.6,101.3,3.2,13.89,16.9,30,12,Variable,False,2026-07-09T00:00:00Z,2028-07-28T00:00:00+03:00,2027-02-09T00:00:00Z,16.68,,15.84,0.62,2,1.8,0.0018,True,False,False,False,False,True,0,False,False,False,1015
SU52002RMFS1,RU000A0ZYZ26,ОФЗ 52002,RUB,Government,Россия,Московская биржа,1,1746.74,1746.74,RUB,1588.572693,1585.8477786,1572.8170982,1569.9349772,90.043,15.7905296,,2.5,182,2,Fixed,False,2026-08-05T00:00:00Z,2028-02-02T00:00:00+03:00,2028-02-02T00:00:00+03:00,2.78,9.41,9.41,1.59,2,2.8471862,0.0018,True,False,False,False,False,True,0,False,False,True,1415.4183568
RU000A1089K2,RU000A1089K2,РУСАЛ БО-001P-07,CNY,Materials,Россия,Московская биржа,1,1000,1000,CNY,1017.499,1014.534,1000.104,1002.998,100.0104,14.5,19.7,7.9,91,4,Fixed,False,2026-07-10T00:00:00Z,2026-10-09T00:00:00+03:00,2026-10-09T00:00:00+03:00,7.9,8.09,8.09,0.31,2,0.0,0,True,False,False,False,False,True,0,False,False,False,1017
RU000A10DQB6,RU000A10DQB6,ОФЗ 29 СNY,RUB,Government,Россия,Московская биржа,1,106064.0,10000,CNY,110412.624,110295.9536,108451.50064,108156.64272,102.251,1813.6944,3173.22,6,182,2,Fixed,False,2026-09-02T00:00:00Z,2029-02-28T00:00:00+03:00,2029-02-28T00:00:00+03:00,5.87,5.16,5.16,2.5,2,-264.09936,-0.0024,True,False,False,False,False,True,0,False,False,False,107018.576
RU000A10FAP5,RU000A10FAP5,ВЭБ.РФ ПБО-002Р-59ПО,RUB,Financial,Россия,Московская биржа,1,1000,1000,RUB,1001,998.5,998.5,1000,99.85,0,36.82,0,95,4,Variable,False,2026-09-14T00:00:00Z,2028-06-17T00:00:00+03:00,2028-06-17T00:00:00+03:00,14.17,,14.17,,2,-2.4,-0.0024,True,False,False,False,False,True,0,False,False,False,998.5
RU000A105RZ4,RU000A105RZ4,Газпром капитал ЗО27-1-Е,RUB,Energy,Россия,Московская биржа,1,82974.3,1000,EUR,82052.3725527,81265.5272658,81718.6499181,81078.1712964,98.4867,405.744327,1244.61,1.5,365,1,Fixed,False,2027-02-17T00:00:00Z,2027-02-17T00:00:00+03:00,2027-02-17T00:00:00+03:00,1.52,3.81,3.81,0.67,2,0.0,0,True,False,False,False,False,True,0,False,False,False,75961.8929841
RU000A10BV22,RU000A10BV22,Республика Башкортостан 34015,RUB,Municipal,,Московская биржа,1,1000,1000,RUB,1037,1036.9,1025,1021.3,102.5,12,13.36,16.25,30,12,Fixed,False,2026-06-19T00:00:00Z,2027-06-22T00:00:00+03:00,2027-06-22T00:00:00+03:00,15.85,13.77,13.77,0.75,2,1.7,0.0017,True,False,False,False,False,True,0,False,False,False,1015
RU000A101RV2,RU000A101RV2,Республика Казахстан 07,RUB,Government,Казахстан,Московская биржа,1,1000,1000,RUB,928.4,928.3,912.1,915,91.21,16.2,32.66,6.55,182,2,Fixed,False,2026-09-16T00:00:00Z,2027-09-15T00:00:00+03:00,2027-09-15T00:00:00+03:00,7.18,14.99,14.99,1.2,2,-1.2,-0.0013,True,False,False,False,False,True,0,False,False,False,796.1
RU000A10CP52,RU000A10CP52,Газпром капитал БО-003Р-19,RUB,Energy,Россия,Московская биржа,1,10606.4,1000,CNY,10725.722,10630.2856128,10707.054736,10606.6227344,100.949,18.5612,55.79,6.4,30,12,Fixed,False,2026-07-06T00:00:00Z,2027-08-30T00:00:00+03:00,2027-08-30T00:00:00+03:00,6.34,5.73,5.73,1.16,2,0.0,0,True,False,False,False,False,True,0,False,False,False,10500.2405424
RU000A101U61,RU000A101U61,Ульяновская область 35002,RUB,Municipal,Россия,Московская биржа,1,500,500,RUB,496.55,496.35,481.5,482.2,96.3,15.55,16.45,6.6,182,2,Fixed,False,2026-06-26T00:00:00Z,2027-06-25T00:00:00+03:00,2027-06-25T00:00:00+03:00,6.85,14.84,14.84,0.49,2,-0.2,-0.0004,True,False,False,False,False,True,0,False,False,False,444.95
RU000A105A95,RU000A105A95,Газпром капитал ЗО34-1-Д,RUB,Energy,Россия,Московская биржа,1,71907.7,1000,USD,77568.4898671,77356.146429,76750.6116873,76387.54971,106.7349,826.93855,3101.38,8.625,183,2,Fixed,False,2026-10-28T00:00:00Z,2034-04-28T00:00:00+03:00,2034-04-28T00:00:00+03:00,8.08,7.5,7.5,5.88,2,-108.0053654,-0.0014,True,False,False,False,False,True,0,False,False,False,76147.9532536
RU000A10F827,RU000A10F827,Мегафон БО-002P-13,RUB,Telecom,Россия,Московская биржа,1,1000,1000,RUB,1009.5,1007.9,1002,999.7,100.2,7.3,10.93,13.3,30,12,Fixed,False,2026-06-26T00:00:00Z,2028-01-17T00:00:00+03:00,2028-01-17T00:00:00+03:00,13.27,13.98,13.98,1.43,2,2.1,0.0021,True,False,False,False,False,True,0,False,False,False,1002
RU000A108L24,RU000A108L24,МКБ ЗО-2021,RUB,Financial,Россия,Московская биржа,1,71907.7,1000,USD,,49498.0248335,48401.4324085,46991.68195,67.3105,1096.592425,1370.56,7.625,91,4,Variable,False,2026-07-06T00:00:00Z,,2027-04-04T00:00:00Z,11.33,,11.33,8.4,2,0.0,0,False,True,False,False,True,True,0,True,False,False,39961.985198
SU52004RMFS7,RU000A103MX5,ОФЗ 52004,RUB,Government,Россия,Московская биржа,1,1493.03,1493.03,RUB,1160.5471493,1159.039189,1152.0667389,1152.5743691,77.163,8.4953407,,2.5,182,2,Fixed,False,2026-09-23T00:00:00Z,2032-03-17T00:00:00+03:00,2032-03-17T00:00:00+03:00,3.24,7.59,7.59,5.29,2,0.0447909,3.888024883359253e-05,True,False,False,False,False,True,0,False,False,True,1031.5045664
RU000A10B008,RU000A10B008,Южуралзолото Группа Компаний USD 001P-04,RUB,Materials,,Московская биржа,1,7190.77,100,USD,7398.98593612,7374.52293658,7360.12701504,7352.55513423,102.3552,39.549235,62.56,10.6,30,12,Fixed,False,2026-06-29T00:00:00Z,2027-02-22T00:00:00+03:00,2027-02-22T00:00:00+03:00,10.36,7.3,7.3,0.66,2,-36.86707779,-0.005,True,False,False,False,False,True,0,False,False,False,7559.13876556
RU000A10CQ85,RU000A10CQ85,МТС 001P-29,RUB,Telecom,Россия,Московская биржа,1,1000,1000,RUB,1008.2,1006.3,1005.5,1005,100.55,2.7,11.51,14,30,12,Variable,False,2026-07-09T00:00:00Z,2030-08-17T00:00:00+03:00,2027-03-11T00:00:00Z,13.92,,14.05,0.7,2,0.2,0.0002,True,False,False,False,False,True,0,False,False,False,995.2
RU000A109KY4,RU000A109KY4,Авто Финанс Банк БО-001Р-13,RUB,Financial,Россия,Московская биржа,1,1000,1000,RUB,1048.7,1048.1,1005.2,1005.5,100.52,42.9,44.38,17.8,91,4,Floating,True,2026-06-19T00:00:00Z,2027-09-17T00:00:00+03:00,2027-09-17T00:00:00+03:00,17.71,15.23,15.23,1.12,2,-0.1,-0.0001,True,False,False,False,False,True,0,False,False,False,941.2
RU000A107W06,RU000A107W06,ХК Новотранс 001P-05,RUB,Industrials,Россия,Московская биржа,1,1000,1000,RUB,1000.3,1000,995.6,995.5,99.56,4.7,35.53,14.25,91,4,Fixed,False,2026-09-03T00:00:00Z,2027-03-04T00:00:00+03:00,2027-03-04T00:00:00+03:00,14.31,15.9,15.9,0.57,2,0.3,0.0003,True,False,False,False,False,True,0,False,False,False,954.9
RU000A10DJA3,RU000A10DJA3,Нижегородская область 34017,RUB,Municipal,Россия,Московская биржа,1,1000,1000,RUB,1018.8,1018,1008.2,1004,100.82,12.8,13.68,16.65,30,12,Floating,True,2026-06-18T00:00:00Z,2028-12-04T00:00:00+03:00,2028-12-04T00:00:00+03:00,16.51,14.99,14.99,1.66,2,3.2,0.0032,True,False,False,False,False,True,0,False,False,False,1007
RU000A109528,RU000A109528,Россети БО 001P-13R,RUB,Utilities,Россия,Московская биржа,1,1000,1000,RUB,1010.1,1009.6,1000.3,1001.1,100.03,9.8,12.74,0,30,12,Floating,True,2026-06-23T00:00:00Z,2027-07-18T00:00:00+03:00,2027-07-18T00:00:00+03:00,15.5,14.86,14.86,1,2,-1.7,-0.0017,True,False,False,False,False,True,0,False,False,False,984.2
RU000A10F6F4,RU000A10F6F4,Автодор ГК БО-004Р-08,RUB,Industrials,Россия,Московская биржа,1,1000,1000,RUB,1008.3,1001.6,1007.5,1003.4,100.75,0.8,12.25,14.9,30,12,Variable,False,2026-06-15T00:00:00Z,2028-12-30T00:00:00+03:00,2027-05-13T00:00:00Z,14.79,,14.82,0.75,2,2,0.002,True,False,False,False,False,True,0,False,False,False,1007.5
RU000A1077V4,RU000A1077V4,Росэксимбанк 002P-04,RUB,Financial,Россия,Московская биржа,1,1000,1000,RUB,1018.4,1016.1,1003.8,1003.1,100.38,14.9,41.14,16.5,91,4,Floating,True,2026-08-13T00:00:00Z,2033-11-03T00:00:00+03:00,2026-11-17T00:00:00Z,16.44,,15.68,0.41,2,0.4,0.0004,True,False,False,False,False,True,0,False,False,False,981
RU000A10F7J4,RU000A10F7J4,Республика Саха (Якутия) 34006,RUB,Municipal,Россия,Московская биржа,1,1000,1000,RUB,1011.5,1010.2,1002.1,1002,100.21,9.4,11.26,13.7,30,12,Fixed,False,2026-06-22T00:00:00Z,2029-05-06T00:00:00+03:00,2029-05-06T00:00:00+03:00,13.67,14.48,14.48,2,2,1.6,0.0016,True,False,False,False,False,True,0,False,False,False,1002.1
RU000A10A8E8,RU000A10A8E8,ОВОЗ РФ 12840113V,RUB,Government,Россия,Московская биржа,1000,2.876308,0.04,USD,3.090106849948,3.058530740724,3.031461806136,3.00574186,105.3942,0.045537708256,0.11,7.5,183,2,Fixed,False,2026-09-30T00:00:00Z,2030-03-31T00:00:00+03:00,2030-03-31T00:00:00+03:00,7.12,4.7,4.7,1.9,2,-0.011672057864,-0.0038,False,True,False,False,False,True,0,False,False,False,3.058243109924
RU000A1057S2,RU000A1057S2,Роснефть 002P-12 CNY,CNY,Energy,Россия,Московская биржа,1,1000,1000,CNY,1020.216,1016.621,1004.006,1002.012,100.4006,16.21,32.41,6.5,182,2,Variable,False,2026-09-15T00:00:00Z,2032-09-07T00:00:00+03:00,2026-09-18T00:00:00Z,6.47,,4.94,0.26,2,0.001,9.96010976040956e-07,True,False,False,False,False,True,0,False,False,False,1026.5
RU000A108L81,RU000A108L81,Полюс ПБО-04,RUB,Materials,Россия,Московская биржа,1,7190.77,100,USD,7289.27635823,7254.1925914,7262.67050923,7300.98293179,100.9999,26.605849,36.67,6.2,30,12,Fixed,False,2026-06-24T00:00:00Z,2029-05-09T00:00:00+03:00,2029-05-09T00:00:00+03:00,6.14,5.99,5.99,2.65,2,-18.78948201,-0.0026,True,False,False,False,False,True,0,False,False,False,7236.75497415
RU000A10DSG1,RU000A10DSG1,Новосибирская область 34028,RUB,Municipal,Россия,Московская биржа,1,1000,1000,RUB,1011.9,1010.3,1007.4,1006.3,100.74,4.5,13.48,16.4,30,12,Floating,True,2026-07-06T00:00:00Z,2028-12-26T00:00:00+03:00,2028-12-26T00:00:00+03:00,16.28,14.82,14.82,1.71,2,1.4,0.0014,True,False,False,False,False,True,0,False,False,False,1003.9
RU000A1033B9,RU000A1033B9,Республика Саха (Якутия) 35015,RUB,Municipal,Россия,Московская биржа,1,600,600,RUB,563.22,563.16,558.84,558.66,93.14,4.32,10.85,7.25,91,4,Fixed,False,2026-08-10T00:00:00Z,2028-05-08T00:00:00+03:00,2028-05-08T00:00:00+03:00,7.78,14.74,14.74,1.06,2,-0.36,-0.0006,True,False,False,False,False,True,0,False,False,False,517.08
RU000A10C9Y2,RU000A10C9Y2,НОВАТЭК 001Р-05,RUB,Energy,Россия,Московская биржа,1,71907.7,1000,USD,73050.1695376,72977.686576,72843.0753616,72554.8693,101.3008,207.094176,413.47,7,30,12,Fixed,False,2026-07-01T00:00:00Z,2030-01-11T00:00:00+03:00,2030-01-11T00:00:00+03:00,6.91,6.79,6.79,3.17,2,3.4515696,4.73858790080556e-05,True,False,False,False,False,True,0,False,False,False,73272.4362383
RU000A1062M5,RU000A1062M5,Селигдар GOLD01,RUB,Materials,Россия,Московская биржа,1,9642.75,9642.75,RUB,,8839.508925,8731.510125,8476.941525,90.55,107.9988,,5.5,91,4,Fixed,False,2026-07-03T00:00:00Z,2028-03-31T00:00:00+03:00,2028-03-31T00:00:00+03:00,6.07,11.9,11.9,1.69,2,0.0,0,True,False,False,False,False,True,0,False,False,True,8107.6242
RU000A10DBD4,RU000A10DBD4,Минфин Ульяновской области 34011,RUB,Municipal,Россия,Московская биржа,1,1000,1000,RUB,1080.8,1076,1041.2,1043.8,104.12,36.9,43.63,17.5,91,4,Fixed,False,2026-06-30T00:00:00Z,2028-09-26T00:00:00+03:00,2028-09-26T00:00:00+03:00,16.81,15.38,15.38,1.39,2,-1.8,-0.0017,True,False,False,False,False,True,0,False,False,False,1016.9
RU000A10B8P3,RU000A10B8P3,Инарктика 002Р-03,RUB,Consumer,Россия,Московская биржа,1,1000,1000,RUB,1017.1,1011.9,1010.5,1009,101.05,7.4,14.71,0,30,12,Floating,True,2026-07-01T00:00:00Z,2028-03-22T00:00:00+03:00,2028-03-22T00:00:00+03:00,17.71,16.3,16.3,1.54,2,4.8,0.0048,True,False,False,False,False,True,0,False,False,False,1005
RU000A105RH2,RU000A105RH2,Газпром капитал ЗО37-1-Д,RUB,Energy,Россия,Московская биржа,1,71907.7,1000,USD,73228.7882644,72966.1094363,71461.87226,70652.191558,99.38,1746.638033,2620.32,7.288,181,2,Fixed,False,2026-08-17T00:00:00Z,2037-08-16T00:00:00+03:00,2037-08-16T00:00:00+03:00,7.33,7.39,7.39,7.64,2,-106.6391191,-0.0015,True,False,False,False,False,True,0,False,False,False,70285.8218265
RU000A10DG60,RU000A10DG60,Новосибирская область 34027,RUB,Municipal,Россия,Московская биржа,1,1000,1000,RUB,1048.2,1048.1,1023.8,1019.5,102.38,24.4,37.65,15.1,91,4,Fixed,False,2026-07-20T00:00:00Z,2029-10-13T00:00:00+03:00,2029-10-13T00:00:00+03:00,14.75,14.67,14.67,2.04,2,-0.2,-0.0002,True,False,False,False,False,True,0,False,False,False,1009.1
RU000A10BTJ7,RU000A10BTJ7,Ульяновская область 34010,RUB,Municipal,,Московская биржа,1,1000,1000,RUB,1069.2,1067.6,1037.1,1037.8,103.71,30.4,46.12,18.5,91,4,Fixed,False,2026-07-17T00:00:00Z,2028-07-14T00:00:00+03:00,2028-07-14T00:00:00+03:00,17.84,15.39,15.39,0.95,2,-1.7,-0.0016,True,False,False,False,False,True,0,False,False,False,1013.5
BYM000001941,BYM000001941,Республика Беларусь 336 28.02.2030,RUB,Government,Беларусь,Московская биржа,1,71907.7,1000,USD,75089.1123711,74396.0659585,73489.6694,74031.9972734,102.2,1319.1467565,2211.16,6.2,181,2,Fixed,False,2026-08-28T00:00:00Z,2030-02-28T00:00:00+03:00,2030-02-28T00:00:00+03:00,6.07,5.61,5.61,,2,143.8873077,0.002,False,True,False,False,False,True,0,False,False,False,66493.8411747
RU000A10B0C8,RU000A10B0C8,Металлоинвест 001P-12,RUB,Industrials,Россия,Московская биржа,1,10606.4,1000,CNY,11102.2704128,10826.270672,11059.2190352,10853.52912,104.2693,53.350192,88.88,10.2,30,12,Fixed,False,2026-06-29T00:00:00Z,2027-02-23T00:00:00+03:00,2027-02-23T00:00:00+03:00,9.78,3.99,3.99,0.67,2,0.0,0,True,False,False,False,False,True,0,False,False,False,11160.2343888
RU000A10DJV9,RU000A10DJV9,Совкомфлот 001Р-02,RUB,Industrials,Россия,Московская биржа,1,71907.7,1000,USD,75111.2599427,73854.0976236,74747.9103346,73776.6530307,103.9498,401.244966,446.55,7.55,30,12,Fixed,False,2026-06-19T00:00:00Z,2029-10-31T00:00:00+03:00,2029-10-31T00:00:00+03:00,7.26,6.44,6.44,2.99,2,0.0,0,True,False,False,False,False,True,0,False,False,False,73322.9873514
RU000A105SG2,RU000A105SG2,Газпром капитал ЗО30-1-Д,RUB,Energy,Россия,Московская биржа,1,71907.7,1000,USD,63969.5932739,63754.8768817,63034.28982,62991.0013846,87.66,720.515154,1168.5,3.25,181,2,Fixed,False,2026-08-25T00:00:00Z,2030-02-25T00:00:00+03:00,2030-02-25T00:00:00+03:00,3.71,7.12,7.12,3.46,2,-172.1470338,-0.0027,True,False,False,False,False,True,0,False,False,False,60476.0295771
RU000A1059P4,RU000A1059P4,Лукойл ЗО-27,RUB,Energy,Россия,Московская биржа,1,71907.7,1000,USD,72179.7268291,70941.979589,71903.5293534,71479.4896465,99.9942,279.720953,1006.71,2.8,183,2,Fixed,False,2026-10-26T00:00:00Z,2027-04-26T00:00:00+03:00,2027-04-26T00:00:00+03:00,2.8,,2.79,0.85,2,0.0,0,True,False,False,False,False,True,0,False,False,False,68105.0770086
RU000A106FT0,RU000A106FT0,Республика Башкортостан 34013,RUB,Municipal,Россия,Московская биржа,1,600,600,RUB,611.64,610.86,599.76,599.34,99.96,11.82,13.99,9.35,91,4,Fixed,False,2026-06-30T00:00:00Z,2026-06-30T00:00:00+03:00,2026-06-30T00:00:00+03:00,9.35,10.75,10.75,0.04,2,-0.06,-0.0001,True,False,False,False,False,True,0,False,False,False,560.16
RU000A1099E4,RU000A1099E4,Мособлэнерго 001Р-01,RUB,Utilities,Россия,Московская биржа,1,1000,1000,RUB,1003.4,1003.2,1001,999.9,100.1,2.2,13.07,0,30,12,Floating,True,2026-07-13T00:00:00Z,2029-07-25T00:00:00+03:00,2027-08-10T00:00:00Z,15.88,,15.2,1.06,2,1,0.001,True,False,False,False,False,True,0,False,False,False,975.3
RU000A108TV3,RU000A108TV3,АЛРОСА З027-Д,RUB,Materials,Россия,Московская биржа,1,71907.7,1000,USD,72067.9822633,70860.2924418,71009.5009193,69994.95518,98.7509,1059.200421,1114.57,3.1,182,2,Fixed,False,2026-06-25T00:00:00Z,2027-06-25T00:00:00+03:00,2027-06-25T00:00:00+03:00,3.14,4.35,4.35,1,2,0.0,0,False,True,False,False,False,True,0,False,False,False,67269.7971654
SU29018RMFS7,RU000A102A31,ОФЗ 29018,RUB,Government,Россия,Московская биржа,1,1000,1000,RUB,980.78,979.1,975.73,974.43,97.573,5.05,,0,91,4,Floating,True,2026-09-02T00:00:00Z,2031-11-26T00:00:00+03:00,2031-11-26T00:00:00+03:00,15,,15,,2,0.73,0.0007,True,False,False,False,False,True,0,False,False,False,971.17
RU000A105BY1,RU000A105BY1,Газпром капитал ЗО28-1-Е,RUB,Energy,Россия,Московская биржа,1,82974.3,1000,EUR,77206.4245098,75470.0213337,75216.2859243,75213.9626439,90.6501,886.995267,1535.02,1.85,365,1,Fixed,False,2026-11-17T00:00:00Z,2028-11-17T00:00:00+03:00,2028-11-17T00:00:00+03:00,2.04,6.1,6.1,2.37,2,0.0,0,True,False,False,False,False,True,0,False,False,False,70943.0265
RU000A10AFW1,RU000A10AFW1,Россети Московский регион БО1Р08,RUB,Utilities,Россия,Московская биржа,1,1000,1000,RUB,1026.1,1026,1012.3,1013.2,101.23,13.8,14.3,0,30,12,Floating,True,2026-06-17T00:00:00Z,2026-12-14T00:00:00+03:00,2026-12-14T00:00:00+03:00,17.19,14.86,14.86,0.47,2,-0.5,-0.0005,True,False,False,False,False,True,0,False,False,False,1023.7
RU000A10EWA4,RU000A10EWA4,СФО ВТБ РКС Олимп A4,RUB,Financial,Россия,Московская биржа,1,1000,1000,RUB,1033.1,1031.3,1014.3,1017.8,101.43,17,24.21,15.5,57,12,Fixed,False,2026-07-03T00:00:00Z,2034-01-03T00:00:00+03:00,2034-01-03T00:00:00+03:00,15.28,15.38,15.38,1.29,2,0.8,0.0008,True,False,False,False,False,True,0,False,False,False,1004.8
RU000A1059Q2,RU000A1059Q2,Лукойл ЗО-30,RUB,Energy,Россия,Московская биржа,1,71907.7,1000,USD,68100.1153773,65854.0064601,67090.0998231,66119.13015,93.3003,309.922187,1393.57,3.875,184,2,Fixed,False,2026-11-06T00:00:00Z,2030-05-06T00:00:00+03:00,2030-05-06T00:00:00+03:00,4.15,,5.82,3.62,2,0.0,0,True,False,False,False,False,True,0,False,False,False,63058.2350841
RU000A10B7J8,RU000A10B7J8,ФосАгро БО-02-03,RUB,Materials,Россия,Московская биржа,1,71907.7,1000,USD,74911.3565367,73713.0147162,73225.3366948,73405.0340371,101.8324,310.641264,442.95,7.5,30,12,Fixed,False,2026-06-25T00:00:00Z,2027-09-18T00:00:00+03:00,2027-09-18T00:00:00+03:00,7.37,6.14,6.14,1.2,2,-120.5173052,-0.0016,True,False,False,False,False,True,0,False,False,False,74042.0643514
RU000A10DYP0,RU000A10DYP0,ИКС 5 Финанс 003P-15,RUB,Consumer,Россия,Московская биржа,1,1000,1000,RUB,1038.1,1035.9,1028.4,1053.5,102.84,9.1,11.92,14.5,30,12,Variable,False,2026-06-23T00:00:00Z,2035-12-03T00:00:00+03:00,2027-06-23T00:00:00Z,14.1,,12.17,0.95,2,-21.4,-0.0204,True,False,False,False,False,True,0,False,False,False,1001.5
RU000A1094G0,RU000A1094G0,РУСАЛ БО-001P-08,RUB,Materials,Россия,Московская биржа,1,7190.77,100,USD,7634.30388437,7523.50850021,7433.3865798,7492.3508938,103.374,89.165548,166.11,9.25,91,4,Fixed,False,2026-07-28T00:00:00Z,2027-08-01T00:00:00+03:00,2027-08-01T00:00:00+03:00,8.95,6.28,6.28,1.92,2,0.0,0,False,True,False,False,False,True,0,False,False,False,7643.61593152
RU000A108RP9,RU000A108RP9,Авто Финанс Банк БО-001Р-12,RUB,Financial,Россия,Московская биржа,1,1000,1000,RUB,1046.7,1046.2,1003.5,1001,100.35,42.7,44.13,17.7,91,4,Floating,True,2026-06-19T00:00:00Z,2027-06-18T00:00:00+03:00,2027-06-18T00:00:00+03:00,17.64,15.46,15.46,0.91,2,-0.6,-0.0006,True,False,False,False,False,True,0,False,False,False,947.2
RU000A10D4P0,RU000A10D4P0,Южуралзолото ГК 001P-05,RUB,Materials,Россия,Московская биржа,1,7190.77,100,USD,7530.15996246,7432.71064742,7478.03407073,7431.47383498,103.9949,51.773544,53.21,9,30,12,Fixed,False,2026-06-17T00:00:00Z,2027-10-10T00:00:00+03:00,2027-10-10T00:00:00+03:00,8.65,6,6,1.24,2,36.30619773,0.0049,False,True,False,False,False,True,0,False,False,False,7235.352774
RU000A10AXK9,RU000A10AXK9,ФосАгро БО-02-02,RUB,Materials,Россия,Московская биржа,1,10606.4,1000,CNY,10785.11784,10640.9344384,10776.0917936,10749.5651872,101.5999,9.01544,90.68,10.4,30,12,Fixed,False,2026-06-15T00:00:00Z,2026-08-12T00:00:00+03:00,2026-08-12T00:00:00+03:00,10.24,0.16,0.16,0.16,2,26.5053936,0.0025,True,False,False,False,False,True,0,False,False,False,11294.75536
SU29022RMFS9,RU000A105G16,ОФЗ 29022,RUB,Government,Россия,Московская биржа,1,1000,1000,RUB,991.29,988.71,972.65,969.98,97.265,18.7,,0,91,4,Floating,True,2026-07-29T00:00:00Z,2033-07-20T00:00:00+03:00,2033-07-20T00:00:00+03:00,15.52,,15.52,,2,-0.31,-0.0003,True,False,False,False,False,True,0,False,False,False,970.75
RU000A10B347,RU000A10B347,Акрон БО-001P-07,RUB,Materials,,Московская биржа,1,10606.4,1000,CNY,10898.2669152,10754.200184,10870.6478496,10790.42104,102.4914,27.470576,91.53,10.5,30,12,Fixed,False,2026-07-07T00:00:00Z,2027-03-04T00:00:00+03:00,2027-03-04T00:00:00+03:00,10.24,4.9,4.9,0.44,2,-29.0509296,-0.0027,True,False,False,False,False,True,0,False,False,False,11155.81152
RU000A107B43,RU000A107B43,ГТЛК ЗО27-Д,RUB,Financial,Россия,Московская биржа,1,71907.7,1000,USD,71727.93075,71284.1883333,70836.27527,70929.8271877,98.51,891.65548,1671.85,4.65,184,2,Fixed,False,2026-09-10T00:00:00Z,2027-03-10T00:00:00+03:00,2027-03-10T00:00:00+03:00,4.72,6.88,6.88,0.72,2,0.0,0,True,False,False,False,False,True,0,False,False,False,68082.2822677
RU000A106YE3,RU000A106YE3,Магаданская область ГО2023,RUB,Municipal,Россия,Московская биржа,1,1000,1000,RUB,1026.5,1024.9,995.2,993.3,99.52,31.3,34.28,13.75,91,4,Fixed,False,2026-06-24T00:00:00Z,2028-09-20T00:00:00+03:00,2028-09-20T00:00:00+03:00,13.82,14.92,14.92,1.19,2,0.0,0,True,False,False,False,False,True,0,False,False,False,944.1
RU000A10DPM5,RU000A10DPM5,Магнит БО-005Р-05,RUB,Consumer,Россия,Московская биржа,1,1000,1000,RUB,1007.6,1005,1001.3,1001.8,100.13,6.5,13.07,0,30,12,Floating,True,2026-07-01T00:00:00Z,2028-01-22T00:00:00+03:00,2028-01-22T00:00:00+03:00,15.88,14.77,14.77,1.43,2,0.9,0.0009,True,False,False,False,False,True,0,False,False,False,994.5
RU000A10CSG3,RU000A10CSG3,Металлоинвест 002P-02,RUB,Industrials,Россия,Московская биржа,1,7190.77,100,USD,7077.93243716,6876.47582484,6875.98685248,6987.1273936,95.6224,0,37.39,6.3,30,12,Fixed,False,2026-06-16T00:00:00Z,2030-08-24T00:00:00+03:00,2030-08-24T00:00:00+03:00,6.59,7.82,7.82,3.68,2,-235.27480363,-0.0331,False,True,False,False,False,True,0,False,False,False,6867.18535
RU000A1089G0,RU000A1089G0,Гидромашсервис 001Р-02,RUB,Consumer,Россия,Московская биржа,1,1000,1000,RUB,1009.8,1007.3,1000.4,1001.8,100.04,6.3,12.53,15.25,30,12,Variable,False,2026-07-01T00:00:00Z,2034-03-21T00:00:00+03:00,2027-03-31T00:00:00Z,15.24,,16.29,0.75,2,-2.9,-0.0029,True,False,False,False,False,True,0,False,False,False,959.1
RU000A108ZT4,RU000A108ZT4,Росэксимбанк 002P-05,RUB,Financial,Россия,Московская биржа,1,1000,1000,RUB,1034.2,1030.1,1001.3,1005.5,100.13,28.1,41.13,0,91,4,Floating,True,2026-07-15T00:00:00Z,2034-07-05T00:00:00+03:00,2027-07-19T00:00:00Z,16.48,,15.58,1,2,-0.7,-0.0007,True,False,False,False,False,True,0,False,False,False,964.9
RU000A105146,RU000A105146,ПИК-Корпорация 001Р-05,RUB,RealEstate,Россия,Московская биржа,1,71907.7,1000,USD,71794.0139263,71347.2513862,71536.5843603,71109.6683454,99.4839,310.641264,2039.3,5.625,184,2,Fixed,False,2026-11-19T00:00:00Z,2026-11-19T00:00:00+03:00,2026-11-19T00:00:00+03:00,5.65,6.97,6.97,0.43,2,-11.5771397,-0.0002,True,False,False,False,False,True,0,False,False,False,69009.81969
SU29017RMFS9,RU000A1028D5,ОФЗ 29017,RUB,Government,Россия,Московская биржа,1,1000,1000,RUB,978.04,976.14,972.99,972.78,97.299,5.05,,0,91,4,Floating,True,2026-09-02T00:00:00Z,2032-08-25T00:00:00+03:00,2032-08-25T00:00:00+03:00,15.05,,15.05,,2,0.15,0.0002,True,False,False,False,False,True,0,False,False,False,967.7
RU000A10F108,RU000A10F108,Акрон БО-002Р-03,RUB,Materials,Россия,Московская биржа,1,10606.4,1000,CNY,10783.0920176,10760.9776736,10758.8245744,10656.3879632,101.4371,38.819424,68.41,7.85,30,12,Fixed,False,2026-06-29T00:00:00Z,2029-10-11T00:00:00+03:00,2029-10-11T00:00:00+03:00,7.74,7.58,7.58,2.75,2,-125.5479568,-0.0115,True,False,False,False,False,True,0,False,False,False,10609.5501008
RU000A106XD7,RU000A106XD7,Селигдар GOLD02,RUB,Materials,Россия,Московская биржа,1,9642.75,9642.75,RUB,,9419.0382,9320.68215,9048.7566,96.66,98.35605,,5.5,91,4,Fixed,False,2026-07-09T00:00:00Z,2030-01-03T00:00:00+03:00,2030-01-03T00:00:00+03:00,5.69,6.72,6.72,3.21,2,68.463525,0.0074,True,False,False,False,False,True,0,False,False,True,8285.0508
BYM000001925,BYM000001925,Республика Беларусь 335 24.02.2031,RUB,Government,Беларусь,Московская биржа,1,71907.7,1000,USD,76723.358669,74775.2352606,73356.5682473,75137.793884,102.0149,1407.3055967,2274.44,6.378,181,2,Fixed,False,2026-08-24T00:00:00Z,2031-02-24T00:00:00+03:00,2031-02-24T00:00:00+03:00,6.25,5.96,5.96,,2,-1070.705653,-0.0144,True,False,False,False,False,True,0,False,False,False,67585.9753223
RU000A106ZU6,RU000A106ZU6,РусГидро БО-П12,RUB,Utilities,Россия,Московская биржа,1,1000,1000,RUB,1023.3,1021.1,992.7,990.7,99.27,30.6,40.39,16.2,91,4,Floating,True,2026-07-08T00:00:00Z,2028-10-04T00:00:00+03:00,2028-10-04T00:00:00+03:00,16.32,14.55,14.55,1.95,2,2.4,0.0024,True,False,False,False,False,True,0,False,False,False,975.1
RU000A108FX8,RU000A108FX8,ЭН+ Гидро 001РС-05,CNY,Utilities,Россия,Московская биржа,1,1000,1000,CNY,1009.209,1006.814,1003,1002.899,100.3,6.21,20.19,8.1,91,4,Fixed,False,2026-08-18T00:00:00Z,2026-11-17T00:00:00+03:00,2026-11-17T00:00:00+03:00,8.08,7.57,7.57,0.42,2,2.397,0.0024,True,False,False,False,False,True,0,False,False,False,1005.999
RU000A10DQA8,RU000A10DQA8,ОФЗ 33 CNY,RUB,Government,Россия,Московская биржа,1,106064.0,10000,CNY,107245.55296,107087.5176,107175.55072,106802.20544,101.048,121.9736,3702.06,7,182,2,Fixed,False,2026-12-09T00:00:00Z,2033-06-01T00:00:00+03:00,2033-06-01T00:00:00+03:00,6.93,6.92,6.92,5.63,2,465.62096,0.0044,True,False,False,False,False,True,0,False,False,False,108397.408
RU000A10BPP2,RU000A10BPP2,Газпром капитал БО-003Р-14,RUB,Energy,,Московская биржа,1,71907.7,1000,USD,73742.2811501,72830.4196064,73345.854,73005.730579,102,328.618189,428.57,7.25,30,12,Fixed,False,2026-06-23T00:00:00Z,2029-05-08T00:00:00+03:00,2029-05-08T00:00:00+03:00,7.11,6.69,6.69,2.61,2,-288.4936924,-0.0039,True,False,False,False,False,True,0,False,False,False,72906.3541376
RU000A10FBH0,RU000A10FBH0,Ростелеком 001P-26R,RUB,Telecom,Россия,Московская биржа,1,1000,1000,RUB,1015.1,1015,1009.9,1009.9,100.99,5.1,12.74,0,30,12,Floating,True,2026-07-06T00:00:00Z,2029-11-15T00:00:00+03:00,2026-12-04T00:00:00Z,15.35,,13.22,0.45,2,0.0,0,True,False,False,False,False,True,0,False,False,False,1009.9
RU000A105A04,RU000A105A04,Металлоинвест 028,RUB,Industrials,Россия,Московская биржа,1,71907.7,1000,USD,66446.9573543,65873.2777237,67952.4169615,66187.3705573,94.4995,363.852962,1213.44,3.375,183,2,Fixed,False,2026-10-22T00:00:00Z,2028-10-22T00:00:00+03:00,2028-10-22T00:00:00+03:00,3.57,5.99,5.99,2.27,2,1912.74482,0.029,True,False,False,False,False,True,0,False,False,False,65044.5414812
RU000A10B4V0,RU000A10B4V0,Группа Черкизово БО-002Р-01,RUB,Consumer,Россия,Московская биржа,1,10606.4,1000,CNY,11088.8427104,10973.3390144,10900.0063648,10967.0176,102.7682,91.002912,94.18,10.8,30,12,Fixed,False,2026-06-17T00:00:00Z,2027-03-14T00:00:00+03:00,2027-03-14T00:00:00+03:00,10.51,7.2,7.2,0.71,2,-109.4368352,-0.0099,True,False,False,False,False,True,0,False,False,False,11272.269792
RU000A107RH8,RU000A107RH8,РУСАЛ БО-001P-06 CNY,CNY,Materials,Россия,Московская биржа,1,1000,1000,CNY,1010.19,1007.591,1002.2,1000.999,100.22,8.09,17.95,7.2,91,4,Fixed,False,2026-08-05T00:00:00Z,2026-08-05T00:00:00+03:00,2026-08-05T00:00:00+03:00,7.18,5.67,5.67,0.14,2,3.478,0.0035,True,False,False,False,False,True,0,False,False,False,1004.47
RU000A108RQ7,RU000A108RQ7,Селигдар GOLD03,RUB,Materials,Россия,Московская биржа,1,9642.75,9642.75,RUB,9440.25225,9441.216525,9312.003675,9042.006675,96.57,128.248575,,5.5,91,4,Fixed,False,2026-06-19T00:00:00Z,2029-09-14T00:00:00+03:00,2029-09-14T00:00:00+03:00,5.7,6.85,6.85,2.95,2,0.0,0,True,False,False,False,False,True,0,False,False,True,8145.230925
RU000A10D806,RU000A10D806,ЕвразХолдинг Финанс 003P-05,RUB,Materials,Россия,Московская биржа,1,7190.77,100,USD,7536.40155082,7389.26401508,7495.42854336,7372.4088502,104.2368,40.987389,48.9,8.25,30,12,Fixed,False,2026-06-22T00:00:00Z,2028-11-07T00:00:00+03:00,2028-11-07T00:00:00+03:00,7.91,6.55,6.55,2.18,2,71.188623,0.0096,True,False,False,False,False,True,0,False,False,False,7325.0216759
RU000A10A7Y8,RU000A10A7Y8,ОВОЗ РФ 12840115V,RUB,Government,Россия,Московская биржа,1,14381540.0,200000,USD,12757130.67546,12341518.551,12260262.85,12260262.85,85.25,158916.017,366729.27,5.1,184,2,Fixed,False,2026-09-28T00:00:00Z,2035-03-28T00:00:00+03:00,2035-03-28T00:00:00+03:00,5.98,7.55,7.55,6.94,2,0.0,0,True,False,False,False,False,True,0,False,False,False,12188355.15
RU000A1059N9,RU000A1059N9,Лукойл ЗО-26,RUB,Energy,Россия,Московская биржа,1,71907.7,1000,USD,73759.5389981,72595.2814274,72908.0080147,72112.3493142,101.3911,417.783737,1707.81,4.75,184,2,Fixed,False,2026-11-02T00:00:00Z,2026-11-02T00:00:00+03:00,2026-11-02T00:00:00+03:00,4.68,1.03,1.03,0.38,2,0.0,0,True,False,False,False,False,True,0,False,False,False,71038.335907
RU000A10D301,RU000A10D301,Эн+ Гидро 001РС-08,RUB,Energy,Россия,Московская биржа,1,10606.4,1000,CNY,10939.7803648,10578.9930624,10943.9592864,10638.2085936,103.1826,13.576192,67.99,7.8,30,12,Fixed,False,2026-07-10T00:00:00Z,2027-04-06T00:00:00+03:00,2027-04-06T00:00:00+03:00,7.56,3.85,3.85,0.78,2,232.7680544,0.0217,False,True,False,False,False,True,0,False,False,False,10479.1125936
RU000A105XA5,RU000A105XA5,Газпром капитал ЗО27-1-ФР,RUB,Energy,Россия,Московская биржа,1,449423.0,5000,CHF,442452.44927,426776.57503,428729.767388,428729.767388,95.3956,6652.359246,6921.11,1.54,365,1,Fixed,False,2026-06-30T00:00:00Z,2027-06-30T00:00:00+03:00,2027-06-30T00:00:00+03:00,1.61,6.09,6.09,1.02,2,0.0,0,True,False,False,False,False,True,0,False,False,False,406535.911379
RU000A10CRD2,RU000A10CRD2,ГМК Норникель БО-001Р-15,RUB,Materials,Россия,Московская биржа,1,10606.4,1000,CNY,11036.171328,10793.07264,11083.5182976,11083.5182976,104.4984,6.575968,65.34,7.5,30,12,Variable,False,2026-06-15T00:00:00Z,2030-08-21T00:00:00+03:00,2027-05-17T00:00:00Z,7.18,,2.63,0.89,2,0.0,0,False,True,False,False,False,True,0,False,False,False,10659.4107872
RU000A108PZ2,RU000A108PZ2,Газпром нефть БО 003P-12R,CNY,Energy,Россия,Московская биржа,1,1000,1000,CNY,1019.188,1014.215,1019,1018.989,101.9,0.21,19.32,7.75,91,4,Fixed,False,2026-06-15T00:00:00Z,2026-12-14T00:00:00+03:00,2026-12-14T00:00:00+03:00,7.61,3.92,3.92,0.49,2,1.449,0.0014,True,False,False,False,False,True,0,False,False,False,1036.904
RU000A107VV1,RU000A107VV1,МКБ ЗО-2026-02,RUB,Financial,Россия,Московская биржа,1,71907.7,1000,USD,71487.039955,70911.9221704,70829.0125923,70397.5663923,98.4999,657.955455,1393.57,3.875,184,2,Fixed,False,2026-09-21T00:00:00Z,2026-09-21T00:00:00+03:00,2026-09-21T00:00:00+03:00,3.93,9.75,9.75,0.27,2,0.0,0,False,True,False,False,False,True,0,False,False,False,62919.2375
BYM000001818,BYM000001818,Республика Беларусь 331 29.06.2027,RUB,Government,Беларусь,Московская биржа,1,71907.7,1000,USD,75784.6036455,74813.5620647,72274.5011777,72698.9723308,100.5101,2538.7013485,2733.93,7.625,182,2,Fixed,False,2026-06-29T00:00:00Z,2027-06-29T00:00:00+03:00,2027-06-29T00:00:00+03:00,7.59,7.23,7.23,,2,-424.6149685,-0.0058,False,True,False,False,False,True,0,False,False,False,69256.6788241
RU000A1056U0,RU000A1056U0,Газпром капитал ЗО27-1-Д,RUB,Energy,Россия,Московская биржа,1,71907.7,1000,USD,72727.0882415,71878.7211969,71203.00454,71905.8303998,99.02,820.466857,1779.72,4.95,184,2,Fixed,False,2026-09-23T00:00:00Z,2027-03-23T00:00:00+03:00,2027-03-23T00:00:00+03:00,5,6.29,6.29,0.76,2,-704.69546,-0.0098,True,False,False,False,False,True,0,False,False,False,69750.469
RU000A10A869,RU000A10A869,ОВОЗ РФ 12840111V,RUB,Government,,Московская биржа,1,71907.7,1000,USD,88498.244544,88368.810684,84117.62746,83934.1190096,116.98,4380.617084,4584.12,12.75,182,2,Fixed,False,2026-06-24T00:00:00Z,2028-06-24T00:00:00+03:00,2028-06-24T00:00:00+03:00,10.9,3.97,3.97,1.77,2,237.29541,0.0028,True,False,False,False,False,True,0,False,False,False,86094.9453946
RU000A10C3M0,RU000A10C3M0,Атомэнергопром 001Р-06,RUB,Energy,Россия,Московская биржа,1,71907.7,1000,USD,73887.8942426,73478.883245,73036.5070746,72842.5001,101.5698,851.387168,1290.74,7.2,91,4,Fixed,False,2026-07-17T00:00:00Z,2029-07-13T00:00:00+03:00,2029-07-13T00:00:00+03:00,7.09,6.8,6.8,2.76,2,41.2750198,0.0006,True,False,False,False,False,True,0,False,False,False,74424.4695
RU000A10DWW0,RU000A10DWW0,Самарская область 34016,RUB,Municipal,Россия,Московская биржа,1,1000,1000,RUB,1056.4,1055.1,1018.7,1019,101.87,36.4,37.65,15.1,91,4,Fixed,False,2026-06-19T00:00:00Z,2028-12-15T00:00:00+03:00,2028-12-15T00:00:00+03:00,14.82,14.27,14.27,1.22,2,-3.2,-0.0031,True,False,False,False,False,True,0,False,False,False,1005.5
RU000A10BU23,RU000A10BU23,ГМК Норникель БО-001Р-11-CNY,RUB,Materials,,Московская биржа,1,10606.4,1000,CNY,10745.1953504,10598.7952112,10742.1513136,10691.1557424,101.2799,2.015216,60.99,7,30,12,Variable,False,2026-06-15T00:00:00Z,2030-05-25T00:00:00+03:00,2026-11-19T00:00:00Z,6.91,,4.04,0.42,2,-1.0394272,-0.0001,True,False,False,False,False,True,0,False,False,False,10728.3736
RU000A108LX6,RU000A108LX6,МКБ ЗО-2017,RUB,Financial,Россия,Московская биржа,1,71907.7,1000,USD,52634.279169,50556.5780852,51054.467,51054.5389077,71,645.012069,1613.61,8.974,92,4,Variable,False,2026-08-10T00:00:00Z,,2027-11-10T00:00:00Z,12.64,,12.64,7.87,2,0.0,0,False,True,False,False,True,True,0,True,False,False,40987.389
RU000A10A8A6,RU000A10A8A6,ОВОЗ РФ 12840112V,RUB,Government,,Московская биржа,1,14381540.0,200000,USD,14602009.0082,13964921.16774,14194579.98,14194579.98,98.7,148561.3082,314596.19,4.375,184,2,Fixed,False,2026-09-21T00:00:00Z,2029-03-21T00:00:00+03:00,2029-03-21T00:00:00+03:00,4.43,4.94,4.94,2.61,2,0.0,0,True,False,False,False,False,True,0,False,False,False,13561792.22
RU000A10A893,RU000A10A893,ОВОЗ РФ 12978116V,RUB,Government,Россия,Московская биржа,1,8297430.0,100000,EUR,5611975.07793,5479232.79279,5502772.6017,5504058.70335,66.319,12047.86836,219881.9,2.65,365,1,Fixed,False,2027-05-27T00:00:00Z,2036-05-27T00:00:00+03:00,2036-05-27T00:00:00+03:00,4,7.59,7.59,8.55,2,0.0,0,True,False,False,False,False,True,0,False,False,False,5559269.80257
RU000A108P79,RU000A108P79,Полюс ЗО28-Д,RUB,Materials,Россия,Московская биржа,1,71907.7,1000,USD,,69865.52132,69462.8382,67449.4226,96.6,402.68312,1168.5,3.25,183,2,Fixed,False,2026-10-14T00:00:00Z,2028-10-14T00:00:00+03:00,2028-10-14T00:00:00+03:00,3.36,4.79,4.79,2.25,2,964.4260724,0.0141,False,True,False,False,False,True,0,False,False,False,65095.0206866
RU000A105JT4,RU000A105JT4,Газпром капитал ЗО31-1-Д,RUB,Energy,Россия,Московская биржа,1,71907.7,1000,USD,62361.0899326,61933.3110253,61830.4111066,60764.3075464,85.9858,1062.795806,1258.38,3.5,181,2,Fixed,False,2026-07-14T00:00:00Z,2031-07-14T00:00:00+03:00,2031-07-14T00:00:00+03:00,4.07,6.82,6.82,4.58,2,1064.7373139,0.0175,True,False,False,False,False,True,0,False,False,False,59395.8321077
RU000A10A877,RU000A10A877,ОВОЗ РФ 12840118V,RUB,Government,Россия,Московская биржа,1,14381540.0,200000,USD,12936022.65152,12296044.12152,12366686.246,12366686.246,85.99,211236.05952,422457.74,5.875,184,2,Fixed,False,2026-09-16T00:00:00Z,2043-09-16T00:00:00+03:00,2043-09-16T00:00:00+03:00,6.83,7.44,7.44,10.38,2,0.0,0,True,False,False,False,False,True,0,False,False,False,12281835.16
RU000A10A836,RU000A10A836,ОВОЗ РФ 12978114V,RUB,Government,,Московская биржа,1,8297430.0,100000,EUR,6376906.8522,6103141.44678,6140098.2,6106900.18257,74,87479.80449,153502.46,1.85,365,1,Fixed,False,2026-11-20T00:00:00Z,2032-11-20T00:00:00+03:00,2032-11-20T00:00:00+03:00,2.5,7,7,5.98,2,0.0,0,True,False,False,False,False,True,0,False,False,False,5849688.15
RU000A0JXTS9,RU000A0JXTS9,Russia 2027,RUB,Government,Россия,Московская биржа,1,14381540.0,200000,USD,14960023.06496,14104321.43496,14237724.6,14237724.6,99,293728.57296,305607.73,4.25,182,2,Fixed,False,2026-06-23T00:00:00Z,2027-06-23T00:00:00+03:00,2027-06-23T00:00:00+03:00,4.29,5.2,5.2,1.89,2,0.0,0,True,False,False,False,False,True,0,False,False,False,13950093.8
XS0088543193,XS0088543193,Russia 2028,RUB,Government,Россия,Московская биржа,1,71907.7,1000,USD,88755.8179254,88440.7902917,84060.1732077,83887.1632815,116.9001,4380.4013609,4584.12,12.75,180,2,Fixed,False,2026-06-24T00:00:00Z,2028-06-24T00:00:00+03:00,2028-06-24T00:00:00+03:00,10.91,3.95,3.95,2.5,2,-179.76925,-0.0021,True,False,False,False,False,True,0,False,False,False,85915.31996
RU000A10E9Y0,RU000A10E9Y0,Газпром капитал БО-003Р-18,RUB,Energy,Россия,Московская биржа,1,71907.7,1000,USD,74818.7394191,74115.6978362,74774.2285528,74064.7152769,103.9864,44.582774,442.95,7.5,30,12,Fixed,False,2026-06-15T00:00:00Z,2031-02-17T00:00:00+03:00,2031-02-17T00:00:00+03:00,7.21,6.7,6.7,3.98,2,-0.1438154,-1.923324736071763e-06,True,False,False,False,False,True,0,False,False,False,71340.6358778
RU000A10A851,RU000A10A851,ОВОЗ РФ 12840109V,RUB,Government,Россия,Московская биржа,1,14381540.0,200000,USD,14957146.75696,14291281.45496,14237710.21846,14237710.21846,98.9999,293728.57296,305607.73,4.25,182,2,Fixed,False,2026-06-23T00:00:00Z,2027-06-23T00:00:00+03:00,2027-06-23T00:00:00+03:00,4.29,5.32,5.32,0.99,2,0.0,0,True,False,False,False,False,True,0,False,False,False,14305821.1919
RU000A10CZ68,RU000A10CZ68,ФосАгро БО-02-04,RUB,Materials,Россия,Московская биржа,1,71907.7,1000,USD,74780.412615,74004.4566243,74545.993513,73633.3409846,103.669,234.419102,413.47,7,30,12,Fixed,False,2026-06-29T00:00:00Z,2028-10-12T00:00:00+03:00,2028-10-12T00:00:00+03:00,6.75,5.45,5.45,2.15,2,36.7448347,0.0005,True,False,False,False,False,True,0,False,False,False,71907.5561846
RU000A10A844,RU000A10A844,ОВОЗ РФ 12840119V,RUB,Government,Россия,Московская биржа,1,14381540.0,200000,USD,11708356.87096,11180856.3653,11016259.64,11018143.62174,76.6,362831.87266,377515.43,5.25,182,2,Fixed,False,2026-06-23T00:00:00Z,2047-06-23T00:00:00+03:00,2047-06-23T00:00:00+03:00,6.85,7.61,7.61,11.43,2,0.0,0,True,False,False,False,False,True,0,False,False,False,11030641.18
RU000A1034K8,RU000A1034K8,Russia 2036 EUR,RUB,Government,Россия,Московская биржа,1,8297430.0,100000,EUR,6484043.26836,5463459.37836,5600765.25,5600765.25,67.5,12047.86836,219881.9,2.65,365,1,Fixed,False,2027-05-27T00:00:00Z,2036-05-27T00:00:00+03:00,2036-05-27T00:00:00+03:00,3.93,7.36,7.36,9.24,2,0.0,0,True,False,False,False,False,True,0,False,False,False,5360139.78
RU000A10BGH8,RU000A10BGH8,Акрон БО-001Р-08,RUB,Materials,Россия,Московская биржа,1,71907.7,1000,USD,75150.5934546,73390.5086817,74783.9360923,73405.6812064,103.9999,438.63697,469.56,7.95,30,12,Fixed,False,2026-06-18T00:00:00Z,2027-11-10T00:00:00+03:00,2027-11-10T00:00:00+03:00,7.64,4.82,4.82,1.21,2,1438.2978154,0.0196,True,False,False,False,False,True,0,False,False,False,73343.1215074
RU000A10A802,RU000A10A802,ОВОЗ РФ 12840117V,RUB,Government,Россия,Московская биржа,1,14381540.0,200000,USD,12600371.88946,11977679.97054,12123638.22,12123638.22,84.3,161792.325,404480.81,5.625,183,2,Fixed,False,2026-10-05T00:00:00Z,2042-04-04T00:00:00+03:00,2042-04-04T00:00:00+03:00,6.67,7.44,7.44,10.12,2,0.0,0,True,False,False,False,False,True,0,False,False,False,12080493.6
RU000A0ZYYN4,RU000A0ZYYN4,Russia 2029,RUB,Government,Россия,Московская биржа,1,14381540.0,200000,USD,,13959154.1702,14237724.6,14237724.6,99,148561.3082,314596.19,4.375,184,2,Fixed,False,2026-09-21T00:00:00Z,2029-03-21T00:00:00+03:00,2029-03-21T00:00:00+03:00,4.42,4.74,4.74,3.59,2,0.0,0,True,False,False,False,False,True,0,False,False,False,13518647.6
RU000A107XA1,RU000A107XA1,ВЭБ.РФ ПБО-002Р-41,RUB,Financial,Россия,Московская биржа,1,1000,1000,RUB,1012.8,1010.3,987.6,988.5,98.76,23.2,,0,91,4,Floating,True,2026-07-23T00:00:00Z,2028-07-20T00:00:00+03:00,2028-07-20T00:00:00Z,16.8,,15.09,1.81,1,0.1,0.0001,True,False,False,False,False,True,1,False,False,False,965.5
RU000A10DS74,RU000A10DS74,Сбербанк 001Р-SBER51,RUB,Financial,Россия,Московская биржа,1,1000,1000,RUB,1028,1027.1,1027.2,1027.5,102.72,0.8,12.21,14.85,30,12,Fixed,False,2026-06-15T00:00:00Z,2028-06-03T00:00:00+03:00,2028-06-03T00:00:00+03:00,14.46,14.12,14.12,1.72,1,-0.6,-0.0006,True,False,False,False,False,True,1,False,False,False,1007
RU000A10EEE4,RU000A10EEE4,Балтийский лизинг БО-П24,RUB,Financial,Россия,Московская биржа,1,1000,1000,RUB,1002.8,1002.6,999.8,999.9,99.98,3,14.79,18,30,12,Fixed,False,2026-07-10T00:00:00Z,2029-05-25T00:00:00+03:00,2029-05-25T00:00:00+03:00,18,19.57,19.57,1.62,1,-0.9,-0.0009,True,False,False,False,False,True,1,False,False,False,999.8
RU000A10FC96,RU000A10FC96,Борец Капитал 001Р-07,RUB,Energy,Россия,Московская биржа,1,1000,1000,RUB,1004.7,1004.6,1000.8,1001,100.08,3.9,14.59,17.75,30,12,Fixed,False,2026-07-08T00:00:00Z,2029-05-23T00:00:00+03:00,2029-05-23T00:00:00+03:00,17.74,19.23,19.23,2.3,1,-1,-0.001,True,False,False,False,False,True,1,False,False,False,1000.8
RU000A10CJ92,RU000A10CJ92,ПР-Лизинг БО 002Р-03,RUB,Other,Россия,Московская биржа,1,1000,1000,RUB,992.8,991.1,979.6,984.9,97.96,13.2,16.44,20,30,12,Variable,False,2026-06-22T00:00:00Z,2035-07-05T00:00:00+03:00,2026-06-30T00:00:00Z,20.42,,24.33,1.05,1,0.6,0.0006,True,False,False,False,False,True,1,False,False,False,990
RU000A10EYZ7,RU000A10EYZ7,МегаФон БО-002Р-12,RUB,Telecom,Россия,Московская биржа,1,1000,1000,RUB,1007.2,1004.9,996.2,999.9,99.62,8.2,12.95,0,30,12,Floating,True,2026-06-29T00:00:00Z,2028-10-14T00:00:00+03:00,2028-10-14T00:00:00+03:00,15.81,14.71,14.71,1.99,1,-1.6,-0.0016,True,False,False,False,False,True,1,False,False,False,999.5
RU000A1082Y8,RU000A1082Y8,Синара Транспортные Машины 1P4,RUB,Industrials,Россия,Московская биржа,1,1000,1000,RUB,1031.8,1030.6,1021,1017.1,102.1,10.8,14.67,17.85,30,12,Variable,False,2026-06-24T00:00:00Z,2029-03-10T00:00:00+03:00,2029-03-10T00:00:00+03:00,17.48,18.25,18.25,2.17,1,-0.4,-0.0004,True,False,False,False,False,True,1,False,False,False,962.5
RU000A10BW96,RU000A10BW96,ГК Самолет БО-П18,RUB,RealEstate,Россия,Московская биржа,1,1000,1000,RUB,1034.4,1032.2,1018.6,1008.9,101.86,15.8,19.73,24,30,12,Fixed,False,2026-06-22T00:00:00Z,2029-06-06T00:00:00+03:00,2029-06-06T00:00:00+03:00,23.56,25.75,25.75,2.13,1,2,0.002,True,False,False,False,False,True,1,False,False,False,1071.5
RU000A107RZ0,RU000A107RZ0,ГК Самолет БО-П13,RUB,RealEstate,Россия,Московская биржа,1,1000,1000,RUB,970.6,970.4,960,952.7,96,10.4,17.26,21,30,12,Variable,False,2026-06-29T00:00:00Z,2027-01-24T00:00:00+03:00,2027-01-24T00:00:00+03:00,21.88,32.18,32.18,0.57,1,-1,-0.001,True,False,False,False,False,True,1,False,False,False,893
RU000A10EWL1,RU000A10EWL1,Почта России 003P-05,RUB,Other,Россия,Московская биржа,1,1000,1000,RUB,1023.7,1022.7,1011,1012,101.1,12.7,14.1,17.15,30,12,Variable,False,2026-06-19T00:00:00Z,2036-03-28T00:00:00+03:00,2029-04-09T00:00:00Z,16.96,,18,2.23,1,-1.7,-0.0017,True,False,False,False,False,True,1,True,False,False,1016.4
RU000A10BPF3,RU000A10BPF3,ТГК-14 001Р-07,RUB,Utilities,Россия,Московская биржа,1,1000,1000,RUB,1057.6,1055.7,1046.4,1038.8,104.64,11.2,53.6,21.5,91,4,Fixed,False,2026-08-27T00:00:00Z,2030-05-23T00:00:00+03:00,2030-05-23T00:00:00+03:00,20.55,21.28,21.28,2.75,1,1.4,0.0013,True,False,False,False,False,True,1,False,False,False,887.9
RU000A10EF52,RU000A10EF52,Сбербанк 001Р-SBER52,RUB,Financial,Россия,Московская биржа,1,1000,1000,RUB,1021.1,1020.1,1019.1,1017.2,101.91,2,11.67,14.2,30,12,Fixed,False,2026-07-13T00:00:00Z,2028-08-29T00:00:00+03:00,2028-08-29T00:00:00+03:00,13.93,14.02,14.02,1.91,1,-0.4,-0.0004,True,False,False,False,False,True,1,False,False,False,1005.4
RU000A10BJX9,RU000A10BJX9,Балтийский лизинг БО-П16,RUB,Financial,Россия,Московская биржа,1,890,890,RUB,936.191,934.322,924.265,922.218,103.85,11.926,16.28,22.25,30,12,Fixed,False,2026-06-24T00:00:00Z,2028-05-15T00:00:00+03:00,2028-05-15T00:00:00+03:00,21.43,19.71,19.71,0.92,1,0.534,0.0006,True,False,False,False,False,True,1,False,False,False,919.993
RU000A104JQ3,RU000A104JQ3,ГК Самолет БО-П11,RUB,RealEstate,Россия,Московская биржа,1,1000,1000,RUB,1037.4,1035.1,947.6,942.8,94.76,89.8,129.64,26,182,2,Variable,False,2026-08-11T00:00:00Z,2028-02-08T00:00:00+03:00,2027-02-12T00:00:00Z,27.44,,38.28,0.6,1,-0.9,-0.0009,True,False,False,False,False,True,1,False,False,False,993.5
RU000A10ES32,RU000A10ES32,ОДК 001P-01,RUB,Other,Россия,Московская биржа,1,1000,1000,RUB,1026.6,1024.1,1019.2,1019.2,101.92,4.7,13.97,17,30,12,Fixed,False,2026-07-06T00:00:00Z,2029-03-22T00:00:00+03:00,2029-03-22T00:00:00+03:00,16.68,17.38,17.38,2.22,1,-2.8,-0.0027,True,False,False,False,False,True,1,False,False,False,1007.3
RU000A10EST2,RU000A10EST2,Эталон-Финанс 002Р-05,RUB,RealEstate,Россия,Московская биржа,1,1000,1000,RUB,996.6,996.2,992.4,991.4,99.24,3.8,16.44,20,30,12,Fixed,False,2026-07-09T00:00:00Z,2029-03-25T00:00:00+03:00,2029-03-25T00:00:00+03:00,20.15,22.4,22.4,2.02,1,-1.2,-0.0012,True,False,False,False,False,True,1,False,False,False,995.6
RU000A10CBA2,RU000A10CBA2,Сбербанк 001Р-SBERD9,RUB,Financial,Россия,Московская биржа,1,1000,1000,RUB,571.9,569.2,571.9,561.6,57.19,0,,0,,0,Zero,False,,2030-09-29T00:00:00+03:00,2030-09-29T00:00:00+03:00,,13.91,13.91,4.29,1,0.0,0,True,False,False,False,False,True,1,False,False,False,530.2
RU000A10F7V9,RU000A10F7V9,Полипласт П02-БО-16,RUB,Materials,Россия,Московская биржа,1,1000,1000,RUB,1023.5,1022.6,1013,1014,101.3,10.5,14.34,17.45,30,12,Fixed,False,2026-06-24T00:00:00Z,2029-05-09T00:00:00+03:00,2029-05-09T00:00:00+03:00,17.23,18.25,18.25,2.28,1,-1.8,-0.0018,True,False,False,False,False,True,1,False,False,False,1013
RU000A10F470,RU000A10F470,ТрансКонтейнер П02-03,RUB,Industrials,Россия,Московская биржа,1,1000,1000,RUB,1023.6,1023,1018.5,1014.4,101.85,5,13.56,16.5,30,12,Fixed,False,2026-07-06T00:00:00Z,2029-04-20T00:00:00+03:00,2029-04-20T00:00:00+03:00,16.2,16.87,16.87,2.28,1,0.1,0.0001,True,False,False,False,False,True,1,False,False,False,1000.6
RU000A10F850,RU000A10F850,РОЛЬФ 001Р-09,RUB,Consumer,Россия,Московская биржа,1,1000,1000,RUB,1008.4,1007.3,997.2,992.3,99.72,11.2,16.03,19.5,30,12,Fixed,False,2026-06-25T00:00:00Z,2028-05-15T00:00:00+03:00,2028-05-15T00:00:00+03:00,19.55,21.56,21.56,1.59,1,-0.6,-0.0006,True,False,False,False,False,True,1,False,False,False,997.2
RU000A109908,RU000A109908,МВ Финанс 001Р-05,RUB,Consumer,Россия,Московская биржа,1,1000,1000,RUB,988.6,987.6,983,984,98.3,4.6,15.41,0,30,12,Floating,True,2026-07-07T00:00:00Z,2026-08-06T00:00:00+03:00,2026-08-06T00:00:00+03:00,19.07,35.4,35.4,0.14,1,0.3,0.0003,True,False,False,False,False,True,1,False,False,False,888.2
RU000A104B46,RU000A104B46,Банк ГПБ БО 001Р-21Р,RUB,Financial,Россия,Московская биржа,1,1000,1000,RUB,1131.1,1130.2,1055.9,1056,105.59,76.1,81.03,16.25,182,2,Variable,False,2026-06-29T00:00:00Z,2031-12-27T00:00:00+03:00,2029-07-02T00:00:00Z,15.39,,14.42,2.37,1,0.0,0,True,False,False,False,False,True,1,False,False,False,997.7
RU000A10ERE6,RU000A10ERE6,АВТОБАН-Финанс БО-П08,RUB,Financial,Россия,Московская биржа,1,1000,1000,RUB,1014.5,1013.9,1007.4,1007,100.74,6.5,13.89,16.9,30,12,Variable,False,2026-07-02T00:00:00Z,2032-03-02T00:00:00+03:00,2028-12-21T00:00:00Z,16.78,,17.85,2.06,1,-0.1,-0.0001,True,False,False,False,False,True,1,False,False,False,999.1
RU000A10BL99,RU000A10BL99,Сбербанк 001Р-SBERD6,RUB,Financial,,Московская биржа,1,1000,1000,RUB,590.7,590,590.7,587.8,59.07,0,,0,,0,Zero,False,,2030-05-23T00:00:00+03:00,2030-05-23T00:00:00+03:00,,14.31,14.31,3.94,1,-0.3,-0.0005,True,False,False,False,False,True,1,False,False,False,504.9
RU000A10EW51,RU000A10EW51,АБЗ-1 002P-06,RUB,Industrials,Россия,Московская биржа,1,1000,1000,RUB,1005.1,1004.3,1004.3,1002.5,100.43,0,14.38,17.5,30,12,Fixed,False,2026-06-16T00:00:00Z,2029-04-01T00:00:00+03:00,2029-04-01T00:00:00+03:00,17.43,18.69,18.69,1.82,1,-0.2,-0.0002,True,False,False,False,False,True,1,False,False,False,1003.6
RU000A10EXW6,RU000A10EXW6,Селигдар 001Р-11,RUB,Materials,Россия,Московская биржа,1,1000,1000,RUB,1009.2,1008.4,998.8,999.6,99.88,10.4,12.95,15.75,30,12,Fixed,False,2026-06-22T00:00:00Z,2029-04-07T00:00:00+03:00,2029-04-07T00:00:00+03:00,15.77,17.01,17.01,2.03,1,-0.1,-0.0001,True,False,False,False,False,True,1,False,False,False,998.9
RU000A109874,RU000A109874,ГК Самолет БО-П15,RUB,RealEstate,Россия,Московская биржа,1,1000,1000,RUB,988,987.9,982.1,978.4,98.21,5.9,16.03,19.5,30,12,Variable,False,2026-07-06T00:00:00Z,2027-07-30T00:00:00+03:00,2026-08-07T00:00:00Z,19.86,,37.82,0.14,1,0.1,0.0001,True,False,False,False,False,True,1,False,False,False,964.1
RU000A10CC32,RU000A10CC32,Балтийский лизинг БО-П19,RUB,Financial,Россия,Московская биржа,1,1000,1000,RUB,987.7,986.8,984.4,983.5,98.44,3.3,13.97,17,30,12,Fixed,False,2026-07-09T00:00:00Z,2028-08-28T00:00:00+03:00,2028-08-28T00:00:00+03:00,17.27,20.15,20.15,1.06,1,-3,-0.003,True,False,False,False,False,True,1,False,False,False,996.7
RU000A10DA74,RU000A10DA74,Эталон-Финанс 002Р-04,RUB,RealEstate,Россия,Московская биржа,1,1000,1000,RUB,1007.1,1005.1,992.2,990.2,99.22,14.8,16.44,20,30,12,Fixed,False,2026-06-19T00:00:00Z,2027-11-11T00:00:00+03:00,2027-11-11T00:00:00+03:00,20.16,22.72,22.72,1.22,1,0.0,0,True,False,False,False,False,True,1,False,False,False,999.8
RU000A10EG44,RU000A10EG44,ИЛОН 001Р-01,RUB,Other,Россия,Московская биржа,1,1000,1000,RUB,1044.4,1042.2,1032.3,1031,103.23,5.8,14.55,17.7,30,12,Fixed,False,2026-07-06T00:00:00Z,2028-02-24T00:00:00+03:00,2028-02-24T00:00:00+03:00,17.15,16.67,16.67,1.47,1,0.3,0.0003,True,False,False,False,False,True,1,False,False,False,1021.9
RU000A10EAC6,RU000A10EAC6,КАМАЗ БО-П20,RUB,Industrials,Россия,Московская биржа,1,1000,1000,RUB,1006.3,1005.5,1006.3,1003.8,100.63,0,13.11,15.95,30,12,Fixed,False,2026-06-16T00:00:00Z,2028-02-06T00:00:00+03:00,2028-02-06T00:00:00+03:00,15.85,16.67,16.67,1.46,1,0.6,0.0006,True,False,False,False,False,True,1,False,False,False,1004.8
RU000A10EPX0,RU000A10EPX0,РусГидро БО-002Р-12,RUB,Utilities,Россия,Московская биржа,1,1000,1000,RUB,1012.8,1010.6,1003.3,1001.4,100.33,9.2,13.15,0,30,12,Floating,True,2026-06-25T00:00:00Z,2029-03-11T00:00:00+03:00,2029-03-11T00:00:00+03:00,15.95,14.61,14.61,2.26,1,-0.5,-0.0005,True,False,False,False,False,True,1,False,False,False,999
RU000A10E655,RU000A10E655,Глоракс 001Р-05,RUB,RealEstate,Россия,Московская биржа,1,1000,1000,RUB,1074.7,1072.3,1061.4,1065,106.14,10.7,16.85,20.5,30,12,Fixed,False,2026-06-29T00:00:00Z,2029-07-11T00:00:00+03:00,2029-07-11T00:00:00+03:00,19.31,19.43,19.43,2.31,1,0.4,0.0004,True,False,False,False,False,True,1,False,False,False,1014
RU000A10EA16,RU000A10EA16,Почта России 003P-03,RUB,Other,Россия,Московская биржа,1,1000,1000,RUB,1025.5,1023.6,1022,1023.1,102.2,1.5,14.59,17.75,30,12,Variable,False,2026-06-15T00:00:00Z,2036-01-22T00:00:00+03:00,2029-01-31T00:00:00Z,17.37,,18.06,2.13,1,-2.6,-0.0025,True,False,False,False,False,True,1,True,False,False,1009.8
RU000A10BPN7,RU000A10BPN7,Полипласт П02-БО-05,RUB,Materials,Россия,Московская биржа,1,1000,1000,RUB,1089.6,1089.1,1073.5,1069.5,107.35,16.1,20.96,25.5,30,12,Fixed,False,2026-06-23T00:00:00Z,2027-05-19T00:00:00+03:00,2027-05-19T00:00:00+03:00,23.75,18.21,18.21,0.82,1,2,0.0019,True,False,False,False,False,True,1,False,False,False,1034
RU000A10B461,RU000A10B461,Новосибирскавтодор БО-03,RUB,Other,Россия,Московская биржа,1,1000,1000,RUB,1044.1,1041.8,1040.8,1040.9,104.08,2.1,21.37,26,30,12,Fixed,False,2026-06-15T00:00:00Z,2028-03-04T00:00:00+03:00,2028-03-04T00:00:00+03:00,24.98,,25.71,1.41,1,-4.6,-0.0044,True,False,False,False,False,True,1,False,False,False,1040.3
RU000A10C8S6,RU000A10C8S6,Сбербанк 001Р-SBERD8,RUB,Financial,Россия,Московская биржа,1,1000,1000,RUB,574.7,573.4,574.7,571.2,57.47,0,,0,,0,Zero,False,,2030-08-07T00:00:00+03:00,2030-08-07T00:00:00+03:00,,14.3,14.3,4.15,1,0.4,0.0007,True,False,False,False,False,True,1,False,False,False,547.6
RU000A10CZA1,RU000A10CZA1,ГК Самолет БО-П20,RUB,RealEstate,Россия,Московская биржа,1,1000,1000,RUB,1006.8,1005.1,996.1,993.5,99.61,9.3,17.47,21.25,30,12,Fixed,False,2026-06-30T00:00:00Z,2026-09-28T00:00:00+03:00,2026-09-28T00:00:00+03:00,21.33,25.18,25.18,0.28,1,-1.3,-0.0013,True,False,False,False,False,True,1,False,False,False,998.6
RU000A10EMU3,RU000A10EMU3,ГТЛК БО 002P-12,RUB,Financial,Россия,Московская биржа,1,1000,1000,RUB,1018.9,1018.1,1008,1006.4,100.8,11.1,13.36,16.25,30,12,Fixed,False,2026-06-22T00:00:00Z,2030-03-02T00:00:00+03:00,2030-03-02T00:00:00+03:00,16.12,17.11,17.11,2.26,1,-0.8,-0.0008,True,False,False,False,False,True,1,False,False,False,1004.5
RU000A10BZJ4,RU000A10BZJ4,Балтийский лизинг БОП18,RUB,Financial,Россия,Московская биржа,1,1000,1000,RUB,1007.9,1006.4,1007.9,1006.9,100.79,0,15.62,19,30,12,Fixed,False,2026-06-16T00:00:00Z,2028-07-05T00:00:00+03:00,2028-07-05T00:00:00+03:00,18.85,19.73,19.73,0.94,1,0.0,0,True,False,False,False,False,True,1,False,False,False,1029.8
RU000A108P46,RU000A108P46,Балтийский лизинг БО-П11,RUB,Financial,,Московская биржа,1,1000,1000,RUB,962.1,961,961.2,954.6,96.12,0.9,13.81,0,30,12,Floating,True,2026-06-15T00:00:00Z,2027-06-09T00:00:00+03:00,2027-06-09T00:00:00+03:00,17.48,21.68,21.68,0.91,1,0.4,0.0004,True,False,False,False,False,True,1,False,False,False,914.9
RU000A105M91,RU000A105M91,Синара Транспортные Машины 1P3,RUB,Industrials,Россия,Московская биржа,1,1000,1000,RUB,1018.9,1018,1016,1015.9,101.6,2,46.12,18.5,91,4,Variable,False,2026-06-15T00:00:00Z,2027-12-10T00:00:00+03:00,2027-12-10T00:00:00+03:00,18.21,18.4,18.4,1.33,1,-3.6,-0.0035,True,False,False,False,False,True,1,False,False,False,957.3
RU000A10EJQ7,RU000A10EJQ7,Атомэнергопром 001Р-11,RUB,Energy,Россия,Московская биржа,1,1000,1000,RUB,1027.3,1026.4,1025.7,1024,102.57,1.6,36.65,14.7,91,4,Fixed,False,2026-06-15T00:00:00Z,2029-12-07T00:00:00+03:00,2029-12-07T00:00:00+03:00,14.33,14.48,14.48,2.79,1,0.3,0.0003,True,False,False,False,False,True,1,False,False,False,1005
RU000A10BZH8,RU000A10BZH8,Сбербанк 001Р-SBERD7,RUB,Financial,Россия,Московская биржа,1,1000,1000,RUB,580.8,579.2,579,577.2,57.9,0,,0,,0,Zero,False,,2030-07-11T00:00:00+03:00,2030-07-11T00:00:00+03:00,,14.36,14.36,4.07,1,-1.3,-0.0022,True,False,False,False,False,True,1,False,False,False,542.2
RU000A103G00,RU000A103G00,Синара Транспортные Машины 1P2,RUB,Industrials,Россия,Московская биржа,1,1000,1000,RUB,1024,1023.1,989.2,987,98.92,34.8,43.38,8.7,182,2,Fixed,False,2026-07-22T00:00:00Z,2026-07-22T00:00:00+03:00,2026-07-22T00:00:00+03:00,8.79,20.94,20.94,0.1,1,-0.4,-0.0004,True,False,False,False,False,True,1,False,False,False,889.9
RU000A10EJZ8,RU000A10EJZ8,ЭкоНива 001P-01,RUB,Other,Россия,Московская биржа,1,1000,1000,RUB,1040.9,1040.8,1040,1041.2,104,0.9,13.77,16.75,30,12,Fixed,False,2026-06-15T00:00:00Z,2029-02-28T00:00:00+03:00,2029-02-28T00:00:00+03:00,16.11,16.02,16.02,2.21,1,1.3,0.0013,True,False,False,False,False,True,1,False,False,False,1023.7
RU000A10EE87,RU000A10EE87,АФК Система БО 002Р-12,RUB,Financial,Россия,Московская биржа,1,1000,1000,RUB,1014.1,1012,1005,1005.8,100.5,9.1,14.38,17.5,30,12,Variable,False,2026-06-29T00:00:00Z,2031-02-01T00:00:00+03:00,2028-02-21T00:00:00Z,17.41,,18.57,1.46,1,-0.6,-0.0006,True,False,False,False,False,True,1,False,False,False,1001.9
RU000A10B313,RU000A10B313,Брусника 002Р-05,RUB,RealEstate,Россия,Московская биржа,1,1000,1000,RUB,1010.2,1009.7,1007.5,1008.8,100.75,2.7,20.34,24.75,30,12,Variable,False,2026-06-15T00:00:00Z,2028-03-03T00:00:00+03:00,2026-09-14T00:00:00Z,24.57,,23.87,0.24,1,-1.1,-0.0011,True,False,False,False,False,True,1,False,False,False,998
RU000A109NF7,RU000A109NF7,ЯТЭК 001Р-04,RUB,Energy,Россия,Московская биржа,1,1000,1000,RUB,1011,1008.9,998.2,1001,99.82,10.3,13.97,0,30,12,Floating,True,2026-06-24T00:00:00Z,2027-09-17T00:00:00+03:00,2027-09-17T00:00:00+03:00,17.03,16.6,16.6,1.13,1,0.0,0,True,False,False,False,False,True,1,False,False,False,979
RU000A10C8A4,RU000A10C8A4,Полипласт П02-БО-08,RUB,Materials,,Московская биржа,1,1060.64,100,CNY,1101.27417904,1089.87760224,1085.60004112,1086.54507136,102.3533,8.060864,12.2,13.95,30,12,Fixed,False,2026-06-26T00:00:00Z,2027-01-22T00:00:00+03:00,2027-01-22T00:00:00+03:00,13.63,10.43,10.43,0.58,1,-3.0387336,-0.0028,True,False,False,False,False,True,1,False,False,False,1071.49883232
RU000A10B0R6,RU000A10B0R6,Кокс 001P-02,RUB,Materials,Россия,Московская биржа,1,1000,1000,RUB,1019.4,1016.8,1005.1,1007.3,100.51,11.9,20.96,25.5,30,12,Variable,False,2026-06-29T00:00:00Z,2028-02-19T00:00:00+03:00,2026-09-02T00:00:00Z,25.37,,25.62,0.21,1,-2.7,-0.0027,True,False,False,False,False,True,1,False,False,False,1022
RU000A106UW3,RU000A106UW3,Каршеринг Руссия 001P-03,RUB,IT,Россия,Московская биржа,1,1000,1000,RUB,896.9,894.6,888.6,882,88.86,8.3,11.26,13.7,30,12,Fixed,False,2026-06-24T00:00:00Z,2027-08-18T00:00:00+03:00,2027-08-18T00:00:00+03:00,15.42,27.75,27.75,1.07,1,1.6,0.0018,True,False,False,False,False,True,1,False,False,False,887.7
RU000A10CQ93,RU000A10CQ93,КАМАЗ БО-П17,RUB,Industrials,Россия,Московская биржа,1,1000,1000,RUB,978.2,976.6,975.1,975,97.51,3.2,13.68,0,30,12,Floating,True,2026-07-09T00:00:00Z,2027-09-02T00:00:00+03:00,2027-09-02T00:00:00+03:00,17.08,18.71,18.71,1.11,1,1.6,0.0016,True,False,False,False,False,True,1,False,False,False,999.9
RU000A109TG2,RU000A109TG2,Каршеринг Руссия 001P-04,RUB,IT,Россия,Московская биржа,1,1000,1000,RUB,979.1,978.6,976.2,972.8,97.62,2.9,14.38,0,30,12,Floating,True,2026-07-10T00:00:00Z,2026-10-08T00:00:00+03:00,2026-10-08T00:00:00+03:00,17.93,27.78,27.78,0.31,1,-1,-0.001,True,False,False,False,False,True,1,False,False,False,949.4
RU000A109HX2,RU000A109HX2,ВУШ БО 001P-03,RUB,Industrials,Россия,Московская биржа,1,1000,1000,RUB,872.6,867.1,867.8,861.1,86.78,5.6,13.97,0,30,12,Floating,True,2026-07-06T00:00:00Z,2027-08-28T00:00:00+03:00,2027-08-28T00:00:00+03:00,19.59,32.56,32.56,1.08,1,3.2,0.0037,True,False,False,False,False,True,1,False,False,False,940.1
RU000A10D3K3,RU000A10D3K3,Почта России 003P-02,RUB,Other,Россия,Московская биржа,1,1000,1000,RUB,1002.4,1000.4,998.5,999.4,99.85,2.4,14.3,0,30,12,Floating,True,2026-07-13T00:00:00Z,2028-04-01T00:00:00+03:00,2028-04-01T00:00:00+03:00,17.43,16.61,16.61,1.57,1,-1.5,-0.0015,True,False,False,False,False,True,1,True,False,False,1003
RU000A10DUQ6,RU000A10DUQ6,Балтийский лизинг БО-П22,RUB,Financial,Россия,Московская биржа,1,1000,1000,RUB,1046.5,1046.1,1034.6,1034.9,103.46,11.5,16.44,20,30,12,Fixed,False,2026-06-25T00:00:00Z,2028-09-12T00:00:00+03:00,2028-09-12T00:00:00+03:00,19.33,19.25,19.25,1.51,1,-1.7,-0.0016,True,False,False,False,False,True,1,False,False,False,1017.5
RU000A10BS76,RU000A10BS76,ВУШ БО 001P-04,RUB,Industrials,,Московская биржа,1,1000,1000,RUB,978.4,976.9,972,968.8,97.2,5.6,16.64,20.25,30,12,Fixed,False,2026-07-06T00:00:00Z,2028-05-26T00:00:00+03:00,2028-05-26T00:00:00+03:00,20.83,24.39,24.39,1.61,1,3.4,0.0035,True,False,False,False,False,True,1,False,False,False,1010.9
RU000A10BAP4,RU000A10BAP4,Эталон-Финанс 002Р-03,RUB,RealEstate,Россия,Московская биржа,1,1000,1000,RUB,1045.3,1044.1,1036.3,1035.8,103.63,7.7,20.96,25.5,30,12,Fixed,False,2026-07-06T00:00:00Z,2027-04-01T00:00:00+03:00,2027-04-01T00:00:00+03:00,24.61,22.53,22.53,0.72,1,-1.5,-0.0014,True,False,False,False,False,True,1,False,False,False,1070
RU000A10B1Q6,RU000A10B1Q6,Джи-групп 002P-06,RUB,RealEstate,Россия,Московская биржа,1,1000,1000,RUB,1045.3,1043.1,1034.4,1035,103.44,8.8,20.34,24.75,30,12,Fixed,False,2026-07-03T00:00:00Z,2027-02-28T00:00:00+03:00,2027-02-28T00:00:00+03:00,23.93,21.31,21.31,0.65,1,-2.3,-0.0022,True,False,False,False,False,True,1,False,False,False,1061
RU000A10BFX7,RU000A10BFX7,ГК Самолет БО-П16,RUB,RealEstate,Россия,Московская биржа,1,1000,1000,RUB,1035.5,1034.7,1034.7,1029.7,103.47,0,20.96,25.5,30,12,Fixed,False,2026-06-16T00:00:00Z,2028-04-06T00:00:00+03:00,2028-04-06T00:00:00+03:00,24.64,25.76,25.76,1.47,1,-4.8,-0.0046,True,False,False,False,False,True,1,False,False,False,1069.9
RU000A108GN7,RU000A108GN7,АФК Система БО 001Р-30,RUB,Financial,Россия,Московская биржа,1,1000,1000,RUB,918.2,916.5,906.3,907.1,90.63,11.9,41.64,0,91,4,Floating,True,2026-08-20T00:00:00Z,2028-08-17T00:00:00+03:00,2028-08-17T00:00:00+03:00,18.43,21.45,21.45,1.85,1,1.1,0.0012,True,False,False,False,False,True,1,False,False,False,845.7
RU000A10AS28,RU000A10AS28,Биннофарм Групп 001Р-04,RUB,HealthCare,,Московская биржа,1,1000,1000,RUB,1020.5,1019.5,1010.4,1008.5,101.04,10.5,20.96,25.5,30,12,Variable,False,2026-07-01T00:00:00Z,2028-01-22T00:00:00+03:00,2026-08-05T00:00:00Z,25.24,,19.27,0.13,1,1.7,0.0017,True,False,False,False,False,True,1,False,False,False,1053.2
RU000A10F512,RU000A10F512,Каршеринг Руссия 001Р-08,RUB,IT,Россия,Московская биржа,1,1000,1000,RUB,1010.1,1007.1,1004.7,1006.1,100.47,5.4,18.08,22,30,12,Fixed,False,2026-07-07T00:00:00Z,2029-04-22T00:00:00+03:00,2029-04-22T00:00:00+03:00,21.9,24.04,24.04,1.84,1,-4.3,-0.0043,True,False,False,False,False,True,1,False,False,False,997.7
RU000A10ASE2,RU000A10ASE2,РОЛЬФ БО 001Р-07,RUB,Consumer,,Московская биржа,1,1000,1000,RUB,1063,1060.8,1049,1050,104.9,15,21.37,26,30,12,Fixed,False,2026-06-25T00:00:00Z,2027-01-21T00:00:00+03:00,2027-01-21T00:00:00+03:00,24.79,18.79,18.79,0.56,1,0.9,0.0009,True,False,False,False,False,True,1,False,False,False,1022.8
RU000A10ER66,RU000A10ER66,ФосАгро БО-02-06,RUB,Materials,Россия,Московская биржа,1,1000,1000,RUB,1016.7,1015.8,1011,1008.2,101.1,5.7,11.3,13.75,30,12,Fixed,False,2026-07-01T00:00:00Z,2029-04-16T00:00:00+03:00,2029-04-16T00:00:00+03:00,13.6,14.12,14.12,2.35,1,-1.4,-0.0014,True,False,False,False,False,True,1,False,False,False,1000.5
RU000A10A9Z1,RU000A10A9Z1,Магнит БО-004Р-05,RUB,Consumer,Россия,Московская биржа,1,1000,1000,RUB,998.7,997.6,991.5,991.5,99.15,6.1,13.03,15.85,30,12,Floating,True,2026-07-02T00:00:00Z,2029-11-13T00:00:00+03:00,2028-10-24T00:00:00Z,15.99,,15.08,2.01,1,0.0,0,True,False,False,False,False,True,1,False,False,False,1049
RU000A10B3Q2,RU000A10B3Q2,Биннофарм Групп 001Р-05,RUB,HealthCare,Россия,Московская биржа,1,1000,1000,RUB,1013.8,1011.9,1012.5,1010.7,101.25,1.3,19.32,23.5,30,12,Variable,False,2026-06-15T00:00:00Z,2028-03-05T00:00:00+03:00,2026-09-16T00:00:00Z,23.21,,20.03,0.25,1,-0.3,-0.0003,True,False,False,False,False,True,1,False,False,False,1041.9
RU000A103QH9,RU000A103QH9,Эталон-Финанс БО-П03,RUB,RealEstate,Россия,Московская биржа,1,120,120,RUB,117.984,117.72,117.708,118.536,98.09,0,5.22,9.1,91,4,Fixed,False,2026-06-16T00:00:00Z,2026-09-15T00:00:00+03:00,2026-09-15T00:00:00+03:00,9.28,18.21,18.21,0.25,1,-0.684,-0.0058,True,False,False,False,False,True,1,False,False,False,109.98
RU000A10C6F7,RU000A10C6F7,ГТЛК БО 002P-09,RUB,Financial,Россия,Московская биржа,1,1000,1000,RUB,1031.7,1030.7,1019.8,1014.2,101.98,11.9,13.77,16.75,30,12,Fixed,False,2026-06-22T00:00:00Z,2029-07-04T00:00:00+03:00,2029-07-04T00:00:00+03:00,16.42,16.84,16.84,1.81,1,0.4,0.0004,True,False,False,False,False,True,1,False,False,False,1023.5
RU000A106FR4,RU000A106FR4,Автодор БО-005Р-01,RUB,Industrials,Россия,Московская биржа,1,800,800,RUB,838.64,838,799.52,798.88,99.94,39.12,41.13,10.31,182,2,Fixed,False,2026-06-25T00:00:00Z,2026-06-25T00:00:00+03:00,2026-06-25T00:00:00+03:00,10.32,12.94,12.94,0.02,1,0.32,0.0004,True,False,False,False,False,True,1,False,False,False,742
RU000A10F751,RU000A10F751,Ульяновская область 34013,RUB,Municipal,Россия,Московская биржа,1,1000,1000,RUB,1010.2,1009.6,1000,999.9,100,10.2,11.71,14.25,30,12,Fixed,False,2026-06-22T00:00:00Z,2029-05-05T00:00:00+03:00,2029-05-05T00:00:00+03:00,14.25,15.22,15.22,1.87,1,0.1,0.0001,True,False,False,False,False,True,1,False,False,False,1000
RU000A10ETQ6,RU000A10ETQ6,Промсвязьбанк 004P-02,RUB,Financial,Россия,Московская биржа,1,1000,1000,RUB,1016.1,1015.6,1014.9,1010.7,101.49,1.2,11.55,14.05,30,12,Fixed,False,2026-06-15T00:00:00Z,2029-03-29T00:00:00+03:00,2029-03-29T00:00:00+03:00,13.84,14.27,14.27,2.32,1,-0.1,-0.0001,True,False,False,False,False,True,1,False,False,False,999.9
RU000A10ECY6,RU000A10ECY6,Электрорешения 001Р-03,RUB,Other,Россия,Московская биржа,1,1000,1000,RUB,1026.4,1024.2,1012.9,1009.4,101.29,13.5,19.32,23.5,30,12,Fixed,False,2026-06-25T00:00:00Z,2027-08-19T00:00:00+03:00,2027-08-19T00:00:00+03:00,23.2,24.66,24.66,1.02,1,0.6,0.0006,True,False,False,False,False,True,1,False,False,False,995.4
RU000A107UU5,RU000A107UU5,Брусника 002Р-02,RUB,RealEstate,Россия,Московская биржа,1,1000,1000,RUB,1014.8,1014.5,1000.1,1000.8,100.01,14.4,17.84,21,31,12,Variable,False,2026-06-22T00:00:00Z,2027-03-28T00:00:00+03:00,2027-03-28T00:00:00+03:00,21,23.11,23.11,0.37,1,-0.2,-0.0002,True,False,False,False,False,True,1,False,False,False,971.6
RU000A10DPW4,RU000A10DPW4,АФК Система БО 002Р-06,RUB,Financial,Россия,Московская биржа,1,1000,1000,RUB,1038.7,1036.7,1031.9,1025,103.19,6.8,14.59,17.75,30,12,Fixed,False,2026-07-02T00:00:00Z,2028-05-22T00:00:00+03:00,2028-05-22T00:00:00+03:00,17.2,17.03,17.03,1.64,1,0.5,0.0005,True,False,False,False,False,True,1,False,False,False,995.4
RU000A108VW7,RU000A108VW7,РУСАЛ БО-001P-09,RUB,Materials,Россия,Московская биржа,1,1000,1000,RUB,1010.9,1008.9,999.8,999.9,99.98,11,13.73,0,30,12,Floating,True,2026-06-22T00:00:00Z,2027-06-17T00:00:00+03:00,2027-06-17T00:00:00+03:00,16.7,16.41,16.41,0.92,1,0.5,0.0005,True,False,False,False,False,True,1,False,False,False,949.8
RU000A10BY52,RU000A10BY52,Каршеринг Руссия 001P-06,RUB,IT,Россия,Московская биржа,1,1000,1000,RUB,999.7,999.5,988.5,978.7,98.85,11,16.44,20,30,12,Fixed,False,2026-06-26T00:00:00Z,2028-06-15T00:00:00+03:00,2028-06-15T00:00:00+03:00,20.23,22.79,22.79,1.64,1,-2.3,-0.0023,True,False,False,False,False,True,1,False,False,False,1011.1
RU000A10BQF1,RU000A10BQF1,Гидромашсервис 001Р-03,RUB,Consumer,Россия,Московская биржа,1,1000,1000,RUB,1012.5,1010.6,1004.3,1001.7,100.43,8.6,15.21,18.5,30,12,Floating,True,2026-06-29T00:00:00Z,2035-05-13T00:00:00+03:00,2026-12-01T00:00:00Z,18.42,,18,0.44,1,-2.9,-0.0029,True,False,False,False,False,True,1,False,False,False,1018
RU000A106565,RU000A106565,Газпром нефть БО 003P-06R,RUB,Energy,Россия,Московская биржа,1,1000,1000,RUB,1026,1023.4,996.9,999,99.69,26.8,40.64,16.3,91,4,Floating,True,2026-07-17T00:00:00Z,2028-04-14T00:00:00+03:00,2028-04-14T00:00:00+03:00,16.35,14.5,14.5,1.6,1,0.0,0,True,False,False,False,False,True,1,False,False,False,989
RU000A10BM56,RU000A10BM56,АПРИ БО-002Р-10,RUB,RealEstate,,Московская биржа,1,1000,1000,RUB,1017.9,1015.7,1018,1016.5,101.8,0,25.07,30.5,30,12,Variable,False,2026-06-16T00:00:00Z,2030-04-26T00:00:00+03:00,2026-08-28T00:00:00Z,29.96,,23.46,0.2,1,0.0,0,True,False,False,False,False,True,1,False,False,False,1001
RU000A10E6D0,RU000A10E6D0,ВУШ БО 001P-05,RUB,Industrials,Россия,Московская биржа,1,1000,1000,RUB,1015.5,1015.1,1004.2,999.9,100.42,10.9,18.08,22,30,12,Fixed,False,2026-06-29T00:00:00Z,2028-01-19T00:00:00+03:00,2028-01-19T00:00:00+03:00,21.91,23.97,23.97,1.35,1,0.2,0.0002,True,False,False,False,False,True,1,False,False,False,988.7
RU000A1077X0,RU000A1077X0,Интерлизинг 001Р-07,RUB,Financial,Россия,Московская биржа,1,200,200,RUB,201.02,200.64,199.52,199.88,99.76,1.14,2.63,16,30,12,Fixed,False,2026-07-03T00:00:00Z,2026-10-31T00:00:00+03:00,2026-10-31T00:00:00+03:00,16.04,18.58,18.58,0.21,1,-0.06,-0.0003,True,False,False,False,False,True,1,False,False,False,189.74
RU000A10EA08,RU000A10EA08,Софтлайн 002Р-02,RUB,IT,Россия,Московская биржа,1,1000,1000,RUB,1065.6,1065.1,1063.5,1066.9,106.35,1.6,16.03,19.5,30,12,Fixed,False,2026-06-15T00:00:00Z,2028-12-20T00:00:00+03:00,2028-12-20T00:00:00+03:00,18.34,17.7,17.7,2.02,1,1.5,0.0014,True,False,False,False,False,True,1,False,False,False,1000.7
RU000A10ATR2,RU000A10ATR2,Глоракс 001P-03,RUB,RealEstate,,Московская биржа,1,1000,1000,RUB,1084.1,1081.9,1069.7,1069.6,106.97,11.5,23.01,28,30,12,Fixed,False,2026-07-01T00:00:00Z,2027-01-27T00:00:00+03:00,2027-01-27T00:00:00+03:00,26.18,17.27,17.27,0.57,1,2.1,0.002,True,False,False,False,False,True,1,False,False,False,1066.5
RU000A10BFP3,RU000A10BFP3,МВ Финанс 001Р-06,RUB,Consumer,Россия,Московская биржа,1,1000,1000,RUB,1063.1,1060.7,1060,1058.7,106,0.7,21.37,26,30,12,Fixed,False,2026-06-15T00:00:00Z,2027-04-11T00:00:00+03:00,2027-04-11T00:00:00+03:00,24.53,19.64,19.64,0.75,1,-2.5,-0.0024,True,False,False,False,False,True,1,False,False,False,1036.2
RU000A10AS02,RU000A10AS02,ТГК-14 001Р-05,RUB,Utilities,Россия,Московская биржа,1,1000,1000,RUB,1133.2,1129.9,1118.3,1110,111.83,14.9,20.34,24.75,30,12,Fixed,False,2026-06-24T00:00:00Z,2029-01-09T00:00:00+03:00,2029-01-09T00:00:00+03:00,22.13,20.63,20.63,1.94,1,2.6,0.0023,True,False,False,False,False,True,1,False,False,False,1009.7
RU000A106HB4,RU000A106HB4,ВУШ БО 001P-02,RUB,Industrials,Россия,Московская биржа,1,1000,1000,RUB,1017.3,1016.3,992,993,99.2,24.3,29.42,11.8,91,4,Fixed,False,2026-07-02T00:00:00Z,2026-07-02T00:00:00+03:00,2026-07-02T00:00:00+03:00,11.9,34.14,34.14,0.04,1,-1.3,-0.0013,True,False,False,False,False,True,1,False,False,False,924.7
RU000A0JWYJ0,RU000A0JWYJ0,ГК Самолет 01,RUB,RealEstate,Россия,Московская биржа,1,1000,1000,RUB,1033.5,1033.1,1000.7,1000,100.07,32.8,64.82,26,91,4,Variable,False,2026-07-31T00:00:00Z,2026-10-30T00:00:00+03:00,2026-10-30T00:00:00+03:00,25.98,28.23,28.23,0.36,1,0.1,0.0001,True,False,False,False,False,True,1,False,False,False,1079.3
RU000A10DMS9,RU000A10DMS9,Ямало-Ненецкий АО 34005,RUB,Other,Россия,Московская биржа,1,1000,1000,RUB,1002.6,1001.2,1000,1002.5,100,0.4,13.15,16,30,12,Floating,True,2026-06-15T00:00:00Z,2028-12-01T00:00:00+03:00,2028-12-01T00:00:00+03:00,16,14.85,14.85,1.71,1,-0.4,-0.0004,True,False,False,False,False,True,1,False,False,False,1001.6
RU000A10DZK8,RU000A10DZK8,Полипласт П02-БО-13,RUB,Materials,Россия,Московская биржа,1,1000,1000,RUB,1046.7,1046.6,1034.9,1032.1,103.49,11.7,15.99,19.45,30,12,Fixed,False,2026-06-24T00:00:00Z,2027-12-16T00:00:00+03:00,2027-12-16T00:00:00+03:00,18.79,18.17,18.17,1.3,1,-2.9,-0.0028,True,False,False,False,False,True,1,False,False,False,998.6
RU000A100N12,RU000A100N12,АФК Система БО 001P-11,RUB,Financial,Россия,Московская биржа,1,1000,1000,RUB,956.1,954.3,910.2,911.1,91.02,44.2,54.35,10.9,182,2,Variable,False,2026-07-20T00:00:00Z,2029-07-16T00:00:00+03:00,2027-07-22T00:00:00Z,11.98,,21.43,1.02,1,-1.7,-0.0019,True,False,False,False,False,True,1,False,False,False,840.9
RU000A10C741,RU000A10C741,Кокс 001P-04,RUB,Materials,Россия,Московская биржа,1,1000,1000,RUB,995.1,994.9,982.2,981.6,98.22,12.7,17.26,21,30,12,Variable,False,2026-06-24T00:00:00Z,2028-07-13T00:00:00+03:00,2027-01-25T00:00:00Z,21.38,,27.03,0.57,1,-0.2,-0.0002,True,False,False,False,False,True,1,False,False,False,999
RU000A108GL1,RU000A108GL1,АФК Система БО 001Р-29,RUB,Financial,Россия,Московская биржа,1,1000,1000,RUB,913.1,912.6,901.3,899.3,90.13,11.8,,0,91,4,Floating,True,2026-08-20T00:00:00Z,2028-05-18T00:00:00+03:00,2028-05-18T00:00:00+03:00,19.07,22.76,22.76,1.67,1,1.1,0.0012,True,False,False,False,False,True,1,False,False,False,847.8
RU000A10BTC2,RU000A10BTC2,Ростелеком 001P-18R,RUB,Telecom,Россия,Московская биржа,1,1000,1000,RUB,1015,1014.3,1012.9,1011.7,101.29,1.3,13.36,0,30,12,Floating,True,2026-06-15T00:00:00Z,2027-06-08T00:00:00+03:00,2027-06-08T00:00:00+03:00,16.04,14.28,14.28,0.92,1,0.8,0.0008,True,False,False,False,False,True,1,False,False,False,1009.9
RU000A109JZ3,RU000A109JZ3,РУСАЛ БО-001P-10,RUB,Materials,Россия,Московская биржа,1,1000,1000,RUB,1005.3,1003.7,1001.8,1001.8,100.18,3.2,13.77,0,30,12,Floating,True,2026-07-09T00:00:00Z,2027-03-06T00:00:00+03:00,2027-03-06T00:00:00+03:00,16.72,16.51,16.51,0.68,1,0.0,0,True,False,False,False,False,True,1,False,False,False,976.5
RU000A105L27,RU000A105L27,АФК Система БО 001Р-24,RUB,Financial,Россия,Московская биржа,1,1000,1000,RUB,1004.4,1003.4,998,997,99.8,6.4,44.88,18,91,4,Variable,False,2026-09-02T00:00:00Z,2032-11-24T00:00:00+03:00,2026-12-07T00:00:00Z,18.04,,19.75,0.47,1,-0.2,-0.0002,True,False,False,False,False,True,1,False,False,False,938.3
RU000A1098F3,RU000A1098F3,АФК Система БО 001Р-31,RUB,Financial,Россия,Московская биржа,1,1000,1000,RUB,912.1,910.2,894.7,895.7,89.47,15.6,41.64,0,91,4,Floating,True,2026-08-12T00:00:00Z,2028-11-08T00:00:00+03:00,2028-11-08T00:00:00+03:00,18.67,21.81,21.81,2,1,-0.9,-0.001,True,False,False,False,False,True,1,False,False,False,840
RU000A10D616,RU000A10D616,Балтийский лизинг БО-П20,RUB,Financial,Россия,Московская биржа,1,1000,1000,RUB,1027.9,1027.4,1017.5,1015.8,101.75,10.3,15.41,18.75,30,12,Fixed,False,2026-06-26T00:00:00Z,2028-11-13T00:00:00+03:00,2028-11-13T00:00:00+03:00,18.43,18.76,18.76,1.22,1,1,0.001,True,False,False,False,False,True,1,False,False,False,994.4
RU000A109X37,RU000A109X37,Сбербанк 001Р-SBERD3,RUB,Financial,Россия,Московская биржа,1,1000,1000,RUB,635,634.5,634.9,630.6,63.49,0,,0,,0,Zero,False,,2029-11-12T00:00:00+03:00,2029-11-12T00:00:00+03:00,,14.25,14.25,3.41,1,1.8,0.0028,True,False,False,False,False,True,1,False,False,False,536.8
RU000A10AYW2,RU000A10AYW2,Полипласт П02-БО-02,RUB,Materials,Россия,Московская биржа,1,1000,1000,RUB,1027.1,1025.9,1011.8,1013,101.18,14.6,16.85,0,30,12,Floating,True,2026-06-22T00:00:00Z,2030-01-30T00:00:00+03:00,2027-02-18T00:00:00Z,20.26,,19.07,0.63,1,-1.1,-0.0011,True,False,False,False,False,True,1,False,False,False,999.3
RU000A104XR2,RU000A104XR2,Автодор БО-003Р-02,RUB,Industrials,Россия,Московская биржа,1,1000,1000,RUB,1007.5,1006,966,968.9,96.6,39.7,53.1,10.65,182,2,Fixed,False,2026-08-03T00:00:00Z,2027-07-01T00:00:00+03:00,2027-07-01T00:00:00+03:00,11.02,14.77,14.77,0.97,1,-4.4,-0.0045,True,False,False,False,False,True,1,False,False,False,899.6
RU000A10CG79,RU000A10CG79,МСП Банк 003P-02,RUB,Financial,Россия,Московская биржа,1,1000,1000,RUB,1009.8,1008,1009.5,1007.7,100.95,0.5,14.59,0,30,12,Floating,True,2026-06-15T00:00:00Z,2027-08-09T00:00:00+03:00,2027-08-09T00:00:00+03:00,17.58,16.35,16.35,1.05,1,1.7,0.0017,True,False,False,False,False,True,1,False,False,False,1009
RU000A10ESF1,RU000A10ESF1,ФДВ Факторинг 001P-01,RUB,Financial,Россия,Московская биржа,1,1000,1000,RUB,1039,1036.8,1031.6,1033.6,103.16,5,18.9,23,30,12,Variable,False,2026-07-08T00:00:00Z,2029-09-20T00:00:00+03:00,2027-10-15T00:00:00Z,22.3,,22.26,1.16,1,-2.4,-0.0023,True,False,False,False,False,True,1,True,False,False,1018.4
RU000A10BQB0,RU000A10BQB0,ГТЛК БО 002P-08,RUB,Financial,Россия,Московская биржа,1,1000,1000,RUB,1089.4,1087.1,1077.1,1075,107.71,9.6,16.03,19.5,30,12,Fixed,False,2026-06-29T00:00:00Z,2028-05-18T00:00:00+03:00,2028-05-18T00:00:00+03:00,18.1,15.93,15.93,1.62,1,-1.7,-0.0016,True,False,False,False,False,True,1,False,False,False,1038.8
RU000A10AS85,RU000A10AS85,Сбербанк 001Р-SBERD4,RUB,Financial,Россия,Московская биржа,1,1000,1000,RUB,612.2,611.4,612.2,610,61.22,0,,0,,0,Zero,False,,2030-02-11T00:00:00+03:00,2030-02-11T00:00:00+03:00,,14.35,14.35,3.66,1,-0.7,-0.0011,True,False,False,False,False,True,1,False,False,False,520
RU000A105WP5,RU000A105WP5,ВымпелКом 001Р-07,RUB,Telecom,Россия,Московская биржа,1,1000,1000,RUB,919.4,918.4,911.8,909.5,91.18,7.8,24.56,9.85,91,4,Fixed,False,2026-08-17T00:00:00Z,2029-02-12T00:00:00+03:00,2029-02-12T00:00:00Z,10.8,,14.6,2.34,1,0.4,0.0004,True,False,False,False,False,True,1,False,False,False,831.1
RU000A10BFJ6,RU000A10BFJ6,Полипласт П02-БО-04,RUB,Materials,,Московская биржа,1,1000,1000,RUB,1072.3,1070.8,1070.8,1072,107.08,2.8,20.96,25.5,30,12,Fixed,False,2026-06-15T00:00:00Z,2027-04-08T00:00:00+03:00,2027-04-08T00:00:00+03:00,23.81,17.38,17.38,0.74,1,1.7,0.0016,True,False,False,False,False,True,1,False,False,False,1044.5
RU000A10B8X7,RU000A10B8X7,ДАРС-Девелопмент 001Р-03,RUB,RealEstate,Россия,Московская биржа,1,1000,1000,RUB,1022.7,1021.9,1012.7,1011.5,101.27,10,21.37,26,30,12,Fixed,False,2026-07-02T00:00:00Z,2026-09-30T00:00:00+03:00,2026-09-30T00:00:00+03:00,25.67,23.68,23.68,0.28,1,-0.3,-0.0003,True,False,False,False,False,True,1,False,False,False,999
RU000A109551,RU000A109551,Балтийский лизинг БО-П12,RUB,Financial,Россия,Московская биржа,1,1000,1000,RUB,961.1,960.2,954.2,952.4,95.42,6.9,13.81,0,30,12,Floating,True,2026-07-01T00:00:00Z,2027-08-25T00:00:00+03:00,2027-08-25T00:00:00+03:00,17.61,22.89,22.89,0.87,1,-0.5,-0.0005,True,False,False,False,False,True,1,False,False,False,924.7
RU000A109SP5,RU000A109SP5,Эталон-Финанс 002P-02,RUB,RealEstate,Россия,Московская биржа,1,1000,1000,RUB,902.3,901.7,897.4,896.5,89.74,4.3,14.38,0,30,12,Floating,True,2026-07-07T00:00:00Z,2027-09-30T00:00:00+03:00,2027-09-30T00:00:00+03:00,19.5,28.19,28.19,1.16,1,-1.5,-0.0017,True,False,False,False,False,True,1,False,False,False,878
RU000A10ADD6,RU000A10ADD6,НСКАТД БО-02,RUB,Other,Россия,Московская биржа,1,1000,1000,RUB,1064,1063.1,1056.8,1068,105.68,4,23.84,29,30,12,Variable,False,2026-07-13T00:00:00Z,2027-12-03T00:00:00+03:00,2026-12-11T00:00:00Z,27.44,,18.15,0.46,1,-2.7,-0.0025,True,False,False,False,False,True,1,False,False,False,1067
RU000A107SA1,RU000A107SA1,ЛК Роделен БО 002P-02,RUB,Financial,Россия,Московская биржа,1,1000,1000,RUB,939,938.5,932.4,930.5,93.24,6.1,13.15,16,30,12,Fixed,False,2026-07-02T00:00:00Z,2028-01-23T00:00:00+03:00,2028-01-23T00:00:00+03:00,17.16,28.2,28.2,0.74,1,-1.4,-0.0015,True,False,False,False,False,True,1,False,False,False,849
RU000A105TY3,RU000A105TY3,ВымпелКом 001Р-06,RUB,Telecom,Россия,Московская биржа,1,1000,1000,RUB,955.6,954.4,946,948.8,94.6,8.4,26.3,10.55,91,4,Fixed,False,2026-08-17T00:00:00Z,2028-02-14T00:00:00+03:00,2028-02-14T00:00:00Z,11.15,,15.02,1.53,1,-2.8,-0.003,True,False,False,False,False,True,1,False,False,False,875.7
RU000A10ASW4,RU000A10ASW4,КАМАЗ БО-П14,RUB,Industrials,Россия,Московская биржа,1,1000,1000,RUB,1009.1,1008.7,1000.9,1002,100.09,8.3,14.71,0,30,12,Floating,True,2026-06-29T00:00:00Z,2027-01-25T00:00:00+03:00,2027-01-25T00:00:00+03:00,17.88,18.08,18.08,0.58,1,-1.3,-0.0013,True,False,False,False,False,True,1,False,False,False,1015.7
RU000A106631,RU000A106631,АПРИ БО-002Р-02,RUB,RealEstate,Россия,Московская биржа,1,1000,1000,RUB,1014.2,1013.5,978.8,976.9,97.88,35.5,59.84,24,91,4,Variable,False,2026-07-23T00:00:00Z,2027-04-22T00:00:00+03:00,2027-04-22T00:00:00+03:00,24.52,32.22,32.22,0.44,1,-0.4,-0.0004,True,False,False,False,False,True,1,False,False,False,1006
RU000A10C329,RU000A10C329,Промомед ДМ 002P-02,RUB,HealthCare,Россия,Московская биржа,1,1000,1000,RUB,1008.9,1006.5,1006.3,1005,100.63,2.8,14.22,0,30,12,Floating,True,2026-07-10T00:00:00Z,2027-07-05T00:00:00+03:00,2027-07-05T00:00:00+03:00,17.19,16.25,16.25,0.97,1,1,0.001,True,False,False,False,False,True,1,False,False,False,997.5
RU000A10EG28,RU000A10EG28,Медси ГК 001P-04,RUB,HealthCare,Россия,Московская биржа,1,1000,1000,RUB,1023.3,1021.8,1018.3,1019.8,101.83,5.4,13.52,0,30,12,Floating,True,2026-07-06T00:00:00Z,2029-02-18T00:00:00+03:00,2029-02-18T00:00:00+03:00,16.15,14.35,14.35,2.23,1,0.0,0,True,False,False,False,False,True,1,False,False,False,1000
RU000A10B4A4,RU000A10B4A4,Интерлизинг 001Р-11,RUB,Financial,,Московская биржа,1,892,892,RUB,978.7024,977.0968,976.9184,978.3456,109.52,1.784,18.13,24,30,12,Fixed,False,2026-06-15T00:00:00Z,2029-02-27T00:00:00+03:00,2029-02-27T00:00:00+03:00,21.91,17.3,17.3,1.18,1,0.0892,0.0001,True,False,False,False,False,True,1,False,False,False,926.4312
RU000A10EN29,RU000A10EN29,КАМАЗ БО-П22,RUB,Industrials,Россия,Московская биржа,1,1000,1000,RUB,1025.6,1023.8,1013,1016,101.3,10.5,13.15,16,30,12,Fixed,False,2026-06-22T00:00:00Z,2028-03-13T00:00:00+03:00,2028-03-13T00:00:00+03:00,15.79,16.24,16.24,1.52,1,-1.8,-0.0018,True,False,False,False,False,True,1,False,False,False,1000.3
RU000A10BGU1,RU000A10BGU1,Первое клиентское бюро 001Р-07,RUB,Financial,Россия,Московская биржа,1,1000,1000,RUB,1057.1,1054.9,1038.9,1037.9,103.89,18.1,20.14,24.5,30,12,Fixed,False,2026-06-19T00:00:00Z,2028-04-09T00:00:00+03:00,2028-04-09T00:00:00+03:00,23.58,,23.78,1.28,1,0.9,0.0009,True,False,False,False,False,True,1,False,False,False,1055.5
RU000A10BP87,RU000A10BP87,ПИР БО-03-001P,RUB,Industrials,,Московская биржа,1,1000,1000,RUB,1070.7,1069.1,1050.1,1048.3,105.01,20.6,24.66,30,30,12,Fixed,False,2026-06-22T00:00:00Z,2028-05-11T00:00:00+03:00,2028-05-11T00:00:00+03:00,28.57,28.43,28.43,1.05,1,-0.4,-0.0004,True,False,False,False,False,True,1,False,False,False,1003.5
RU000A108405,RU000A108405,Хромос Инжиниринг БО-01,RUB,Other,Россия,Московская биржа,1,1000,1000,RUB,1024,1022.2,1022.2,1025.4,102.22,0,24.25,29.5,30,12,Variable,False,2026-06-16T00:00:00Z,2028-03-07T00:00:00+03:00,2026-09-23T00:00:00Z,28.86,,23.18,0.26,1,-2.3,-0.0022,True,False,False,False,False,True,1,False,False,False,1023.8
RU000A10CKY3,RU000A10CKY3,Группа ЛСР БО 001Р-11,RUB,RealEstate,Россия,Московская биржа,1,1000,1000,RUB,1020.1,1019.2,1008.5,1010,100.85,10.1,13.15,16,30,12,Fixed,False,2026-06-23T00:00:00Z,2028-08-11T00:00:00+03:00,2028-08-11T00:00:00+03:00,15.87,16.57,16.57,1.48,1,-1.5,-0.0015,True,False,False,False,False,True,1,False,False,False,1001.5
RU000A10AXP8,RU000A10AXP8,ВсеИнструменты.ру 001Р-04,RUB,Consumer,Россия,Московская биржа,1,1000,1000,RUB,1014.4,1014.1,1012.1,1015.1,101.21,2,19.73,24,30,12,Fixed,False,2026-06-15T00:00:00Z,2026-08-12T00:00:00+03:00,2026-08-12T00:00:00+03:00,23.71,17.35,17.35,0.15,1,-1,-0.001,True,False,False,False,False,True,1,False,False,False,1054.1
RU000A10DA66,RU000A10DA66,Газпром нефть 005P-02R,RUB,Energy,Россия,Московская биржа,1,1000,1000,RUB,1010.4,1009.4,1000.2,1000.8,100.02,9.2,13.15,0,30,12,Floating,True,2026-06-25T00:00:00Z,2029-04-10T00:00:00+03:00,2029-04-10T00:00:00+03:00,16,14.76,14.76,2.32,1,-1.1,-0.0011,True,False,False,False,False,True,1,False,False,False,999.5
RU000A10CCG7,RU000A10CCG7,Каршеринг Руссия 001P-07,RUB,IT,Россия,Московская биржа,1,1000,1000,RUB,958.2,957.9,953.9,949.5,95.39,4,15,18.25,30,12,Fixed,False,2026-07-08T00:00:00Z,2027-08-02T00:00:00+03:00,2027-08-02T00:00:00+03:00,19.13,25.49,25.49,1.02,1,3.6,0.0038,True,False,False,False,False,True,1,False,False,False,1012
RU000A10AUG3,RU000A10AUG3,АПРИ БО-002Р-07,RUB,RealEstate,Россия,Московская биржа,1,1000,1000,RUB,1025,1023.3,1016,1017,101.6,7.3,24.25,29.5,30,12,Variable,False,2026-07-07T00:00:00Z,2030-01-17T00:00:00+03:00,2026-08-20T00:00:00Z,29.04,,22.29,0.18,1,-8,-0.0078,True,False,False,False,False,True,1,False,False,False,1014.9
RU000A0ZYNY4,RU000A0ZYNY4,ГТЛК 001P-07,RUB,Financial,Россия,Московская биржа,1,1000,1000,RUB,993.6,991.6,971.9,971,97.19,21.5,29.17,11.7,91,4,Variable,False,2026-07-10T00:00:00Z,2032-12-31T00:00:00+03:00,2027-01-13T00:00:00Z,12.04,,17.99,0.56,1,0.0,0,True,False,False,False,False,True,1,False,False,False,881.3
RU000A10DQ68,RU000A10DQ68,Село Зелёное 001Р-02,RUB,Consumer,Россия,Московская биржа,1,1000,1000,RUB,1037,1035.2,1029.1,1028.5,102.91,6.1,14.18,17.25,30,12,Fixed,False,2026-07-03T00:00:00Z,2027-11-25T00:00:00+03:00,2027-11-25T00:00:00+03:00,16.76,16.07,16.07,1.28,1,0.1,0.0001,True,False,False,False,False,True,1,False,False,False,996.2
RU000A10CU48,RU000A10CU48,АФК Система БО 002Р-04,RUB,Financial,Россия,Московская биржа,1,1000,1000,RUB,1026.1,1023.6,1015.4,1014.4,101.54,10.7,13.97,17,30,12,Fixed,False,2026-06-23T00:00:00Z,2029-09-05T00:00:00+03:00,2029-09-05T00:00:00+03:00,16.74,17.46,17.46,1.93,1,-1.4,-0.0014,True,False,False,False,False,True,1,False,False,False,999.9
RU000A10DJH8,RU000A10DJH8,ПКТ 002P-01,RUB,Industrials,Россия,Московская биржа,1,1000,1000,RUB,1052.4,1052,1040.6,1039.3,104.06,11.4,39.87,15.99,91,4,Fixed,False,2026-08-20T00:00:00Z,2029-11-15T00:00:00+03:00,2029-11-15T00:00:00+03:00,15.37,15.26,15.26,2.69,1,-1.1,-0.0011,True,False,False,False,False,True,1,False,False,False,1024.3
RU000A10E630,RU000A10E630,Газпром нефть 005P-04R,RUB,Energy,Россия,Московская биржа,1,1000,1000,RUB,1009.6,1008,999.7,1002.7,99.97,8.3,13.15,0,30,12,Floating,True,2026-06-29T00:00:00Z,2029-01-12T00:00:00+03:00,2029-01-12T00:00:00+03:00,16,14.79,14.79,2.16,1,-0.6,-0.0006,True,False,False,False,False,True,1,False,False,False,1001
RU000A10DG86,RU000A10DG86,ТрансКонтейнер П02-02,RUB,Industrials,Россия,Московская биржа,1,1000,1000,RUB,979.8,978.7,979.8,979.6,97.98,0,13.97,0,30,12,Floating,True,2026-06-16T00:00:00Z,2028-11-02T00:00:00+03:00,2028-11-02T00:00:00+03:00,17.35,17.11,17.11,2.01,1,-0.1,-0.0001,True,False,False,False,False,True,1,False,False,False,991
RU000A10B0E4,RU000A10B0E4,Сбербанк 001Р-SBERD5,RUB,Financial,Россия,Московская биржа,1,1000,1000,RUB,606.4,604.8,606.4,603.1,60.64,0,,0,,0,Zero,False,,2030-03-12T00:00:00+03:00,2030-03-12T00:00:00+03:00,,14.31,14.31,3.74,1,0.0,0,True,False,False,False,False,True,1,False,False,False,515.8
RU000A10CL07,RU000A10CL07,Магнит БО-004Р-09,RUB,Consumer,Россия,Московская биржа,1,1000,1000,RUB,1023.4,1021.9,1015,999,101.5,8.4,10.93,13.3,30,12,Fixed,False,2026-06-23T00:00:00Z,2027-08-17T00:00:00+03:00,2027-08-17T00:00:00+03:00,13.1,12.59,12.59,1.08,1,10,0.01,True,False,False,False,False,True,1,False,False,False,994.2
RU000A107C34,RU000A107C34,АйДи Коллект 06,RUB,Financial,Россия,Московская биржа,1,502,502,RUB,505.7148,505.4136,500.5944,499.8414,99.72,5.4718,7.43,18,30,12,Fixed,False,2026-06-24T00:00:00Z,2026-11-21T00:00:00+03:00,2026-11-21T00:00:00+03:00,18.05,21.07,21.07,0.22,1,0.7028,0.0014,True,False,False,False,False,True,1,False,False,False,462.6934
RU000A107TB7,RU000A107TB7,Боржоми Финанс 001P-02,RUB,Other,Россия,Московская биржа,1,1000,1000,RUB,1016.8,1014.7,1003.6,1001.3,100.36,13.2,43.01,17.25,91,4,Variable,False,2026-08-18T00:00:00Z,2027-02-16T00:00:00+03:00,2026-08-21T00:00:00Z,17.19,,15.99,0.18,1,3.2,0.0032,True,False,False,False,False,True,1,False,False,False,986.6
RU000A10DP93,RU000A10DP93,КАМАЗ БО-П18,RUB,Industrials,Россия,Московская биржа,1,1000,1000,RUB,1035.5,1033.4,1026.1,1030,102.61,7.2,13.56,16.5,30,12,Fixed,False,2026-06-30T00:00:00Z,2027-11-22T00:00:00+03:00,2027-11-22T00:00:00+03:00,16.08,15.47,15.47,1.28,1,-3.4,-0.0033,True,False,False,False,False,True,1,False,False,False,1008
RU000A10EQ34,RU000A10EQ34,Авто Финанс Банк БО-001Р-18,RUB,Financial,Россия,Московская биржа,1,1000,1000,RUB,1017.6,1016.5,1010.3,1010,101.03,7.3,12.12,14.75,30,12,Fixed,False,2026-06-29T00:00:00Z,2029-03-14T00:00:00+03:00,2029-03-14T00:00:00+03:00,14.6,15.26,15.26,2.26,1,-1.2,-0.0012,True,False,False,False,False,True,1,False,False,False,1001.5
RU000A10EJA1,RU000A10EJA1,Газпром нефть 005P-05R,RUB,Energy,Россия,Московская биржа,1,1000,1000,RUB,1004.2,1002.6,999,1002.7,99.9,2.6,13.15,0,30,12,Floating,True,2026-07-10T00:00:00Z,2029-02-24T00:00:00+03:00,2029-02-24T00:00:00+03:00,16.02,14.82,14.82,2.25,1,-2.9,-0.0029,True,False,False,False,False,True,1,False,False,False,998
RU000A10EXZ9,RU000A10EXZ9,Озон 1P-02,RUB,Consumer,Россия,Московская биржа,1,1000,1000,RUB,1018,1015.8,1004.8,1008,100.48,10.4,13.56,0,30,12,Floating,True,2026-06-23T00:00:00Z,2028-10-10T00:00:00+03:00,2028-10-10T00:00:00+03:00,16.42,15.07,15.07,1.96,1,-3.1,-0.0031,True,False,False,False,False,True,1,False,False,False,1008.9
RU000A10DZU7,RU000A10DZU7,А101 БО-001Р-02,RUB,RealEstate,Россия,Московская биржа,1,1000,1000,RUB,1037.1,1037,1026.7,1025,102.67,10.3,13.97,17,30,12,Fixed,False,2026-06-24T00:00:00Z,2027-12-16T00:00:00+03:00,2027-12-16T00:00:00+03:00,16.56,16.07,16.07,1.33,1,1.7,0.0017,True,False,False,False,False,True,1,False,False,False,1003.4
RU000A109981,RU000A109981,Джи-групп 002P-05,RUB,RealEstate,Россия,Московская биржа,1,1000,1000,RUB,948.3,946.1,941.6,942,94.16,4.3,14.38,0,30,12,Floating,True,2026-07-07T00:00:00Z,2027-08-31T00:00:00+03:00,2027-08-31T00:00:00+03:00,18.59,23.61,23.61,1.1,1,-2.3,-0.0024,True,False,False,False,False,True,1,False,False,False,924.3
RU000A10CQ77,RU000A10CQ77,КАМАЗ БО-П16,RUB,Industrials,Россия,Московская биржа,1,1000,1000,RUB,1001.8,1001.1,998.9,996.3,99.89,2.9,12.25,14.9,30,12,Fixed,False,2026-07-09T00:00:00Z,2027-09-02T00:00:00+03:00,2027-09-02T00:00:00+03:00,14.92,16.08,16.08,1.12,1,0.8,0.0008,True,False,False,False,False,True,1,False,False,False,997
RU000A109JY6,RU000A109JY6,РУСАЛ БО-001P-11,RUB,Materials,Россия,Московская биржа,1,1000,1000,RUB,1010.9,1008.5,1005.1,1009.3,100.51,3.3,13.97,0,30,12,Floating,True,2026-07-09T00:00:00Z,2029-08-22T00:00:00+03:00,2029-08-22T00:00:00+03:00,16.91,15.7,15.7,2.54,1,-2.6,-0.0026,True,False,False,False,False,True,1,False,False,False,959
RU000A10DRF5,RU000A10DRF5,Газпром нефть 005P-03R,RUB,Energy,Россия,Московская биржа,1,1000,1000,RUB,1007,1005.6,1001.8,1002,100.18,4,13.23,0,30,12,Floating,True,2026-07-07T00:00:00Z,2028-11-23T00:00:00+03:00,2028-11-23T00:00:00+03:00,16.07,14.8,14.8,2.07,1,-1.2,-0.0012,True,False,False,False,False,True,1,False,False,False,996.4
RU000A10CP78,RU000A10CP78,Банк ПСБ 004P-01,RUB,Financial,Россия,Московская биржа,1,1000,1000,RUB,1019.4,1017.9,1015.5,1013.4,101.55,3.9,11.71,14.25,30,12,Fixed,False,2026-07-06T00:00:00Z,2028-09-05T00:00:00+03:00,2028-09-05T00:00:00+03:00,14.03,14.3,14.3,1.92,1,0.1,0.0001,True,False,False,False,False,True,1,False,False,False,1002
RU000A109LG9,RU000A109LG9,Сбербанк 001Р-SBERD2,RUB,Financial,Россия,Московская биржа,1,1000,1000,RUB,643.5,642.6,643.5,641.8,64.35,0,,0,,0,Zero,False,,2029-09-30T00:00:00+03:00,2029-09-30T00:00:00+03:00,,14.32,14.32,3.29,1,-0.5,-0.0008,True,False,False,False,False,True,1,False,False,False,551.5
RU000A10BQX4,RU000A10BQX4,Россети Северо-Запад 001Р-01,RUB,Utilities,,Московская биржа,1,1000,1000,RUB,1020.3,1018.2,1013.2,1012,101.32,7.2,13.48,16.4,30,12,Floating,True,2026-06-30T00:00:00Z,2027-05-26T00:00:00+03:00,2027-05-26T00:00:00+03:00,16.19,14.3,14.3,0.88,1,0.4,0.0004,True,False,False,False,False,True,1,False,False,False,1002.5
RU000A10D3C0,RU000A10D3C0,РусГидро БО-002Р-08,RUB,Utilities,Россия,Московская биржа,1,1000,1000,RUB,1043.1,1040.5,1038.6,1042.5,103.86,2.1,12.7,15.45,30,12,Fixed,False,2026-07-13T00:00:00Z,2028-09-28T00:00:00+03:00,2028-09-28T00:00:00+03:00,14.88,14.35,14.35,1.95,1,-3.8,-0.0036,True,False,False,False,False,True,1,False,False,False,1002
RU000A10EA40,RU000A10EA40,ГК Азот 001Р-02,RUB,Other,Россия,Московская биржа,1,1000,1000,RUB,1040.2,1038.4,1026.6,1029.5,102.66,11.8,13.56,16.5,30,12,Variable,False,2026-06-22T00:00:00Z,2031-01-25T00:00:00+03:00,2028-02-14T00:00:00Z,16.07,,15.72,1.45,1,-3.9,-0.0038,True,False,False,False,False,True,1,False,False,False,1012.5
RU000A10DCK7,RU000A10DCK7,АБЗ-1 002P-04,RUB,Industrials,Россия,Московская биржа,1,1000,1000,RUB,1047.1,1045.6,1036.5,1037.5,103.65,9.1,16.03,19.5,30,12,Fixed,False,2026-06-29T00:00:00Z,2028-10-16T00:00:00+03:00,2028-10-16T00:00:00+03:00,18.81,18.42,18.42,1.46,1,-0.2,-0.0002,True,False,False,False,False,True,1,False,False,False,1008.7
RU000A106F08,RU000A106F08,МИКРАН НПФ БО-01,RUB,Industrials,Россия,Московская биржа,1,1000,1000,RUB,1025.8,1024.4,994.7,996.4,99.47,28.8,31.16,12.5,91,4,Fixed,False,2026-06-23T00:00:00Z,2026-06-23T00:00:00+03:00,2026-06-23T00:00:00+03:00,12.57,47.75,47.75,0.02,1,-2.3,-0.0023,True,False,False,False,False,True,1,False,False,False,895.4
RU000A108TU5,RU000A108TU5,Джи-групп 002P-04,RUB,RealEstate,Россия,Московская биржа,1,1000,1000,RUB,976.3,974.6,974.1,976.1,97.41,0.5,14.4,0,30,12,Floating,True,2026-06-15T00:00:00Z,2026-12-12T00:00:00+03:00,2026-12-12T00:00:00+03:00,17.99,24.66,24.66,0.47,1,-1.2,-0.0012,True,False,False,False,False,True,1,False,False,False,948.7
RU000A10BZT3,RU000A10BZT3,Биннофарм Групп 001Р-06,RUB,HealthCare,Россия,Московская биржа,1,1000,1000,RUB,1037.4,1037,1030.4,1033.4,103.04,7,16.03,19.5,30,12,Variable,False,2026-07-03T00:00:00Z,2028-06-22T00:00:00+03:00,2027-01-13T00:00:00Z,18.92,,14.93,0.55,1,-0.1,-0.0001,True,False,False,False,False,True,1,False,False,False,1003.1
RU000A107QL2,RU000A107QL2,Бизнес Альянс 001P-03,RUB,Financial,Россия,Московская биржа,1,1000,1000,RUB,954.1,949.2,942.9,941.1,94.29,11.2,15.21,18.5,30,12,Floating,True,2026-06-24T00:00:00Z,2027-01-20T00:00:00+03:00,2027-01-20T00:00:00+03:00,19.62,31.76,31.76,0.56,1,-0.1,-0.0001,True,False,False,False,False,True,1,False,False,False,863
RU000A10E6U4,RU000A10E6U4,ГК Самолет БО-П19,RUB,RealEstate,Россия,Московская биржа,1,1000,1000,RUB,980.9,978.4,968.8,969,96.88,7.5,17.26,21,30,12,Variable,False,2026-07-03T00:00:00Z,2029-01-18T00:00:00+03:00,2027-08-02T00:00:00Z,21.68,,27.06,1.01,1,-4.9,-0.005,True,False,False,False,False,True,1,False,False,False,973.7
RU000A107084,RU000A107084,Газпром капитал БО-002Р-10,RUB,Energy,Россия,Московская биржа,1,1000,1000,RUB,1018.3,1018.2,988.3,990.7,98.83,30,,0,91,4,Floating,True,2026-07-07T00:00:00Z,2028-04-04T00:00:00+03:00,2028-04-04T00:00:00+03:00,16.81,15.08,15.08,1.58,1,0.1,0.0001,True,False,False,False,False,True,1,False,False,False,961.6
RU000A10C2E9,RU000A10C2E9,Аэрофьюэлз 002Р-05,RUB,Energy,,Московская биржа,1,1000,1000,RUB,1062.1,1060.6,1027.5,1023.5,102.75,34.6,49.24,19.75,91,4,Fixed,False,2026-07-13T00:00:00Z,2027-07-12T00:00:00+03:00,2027-07-12T00:00:00+03:00,19.22,17.97,17.97,0.96,1,-0.8,-0.0008,True,False,False,False,False,True,1,False,False,False,1002.1
RU000A101TB0,RU000A101TB0,ВЭБ.РФ ПБО-001Р-19,RUB,Financial,Россия,Московская биржа,1,1000,1000,RUB,937.1,936.7,936.2,935.7,93.62,0.9,32.86,6.59,182,2,Fixed,False,2026-12-10T00:00:00Z,2027-06-10T00:00:00+03:00,2027-06-10T00:00:00+03:00,7.04,14.21,14.21,0.97,1,0.0,0,True,False,False,False,False,True,1,False,False,False,839.2
RU000A10B7W1,RU000A10B7W1,Р-Вижн 001Р-02,RUB,IT,Россия,Московская биржа,1,1000,1000,RUB,1163.3,1163.2,1150.5,1156.8,115.05,12.8,20.14,24.5,30,12,Fixed,False,2026-06-29T00:00:00Z,2028-03-18T00:00:00+03:00,2028-03-18T00:00:00+03:00,21.3,,15.76,1.45,1,-1.7,-0.0015,True,False,False,False,False,True,1,False,False,False,1093.1
RU000A10C2L4,RU000A10C2L4,Сэтл Групп БО 002P-06,RUB,RealEstate,Россия,Московская биржа,1,1000,1000,RUB,1027,1024.9,1021.5,1024.9,102.15,3.2,16.03,19.5,30,12,Variable,False,2026-07-10T00:00:00Z,2029-06-24T00:00:00+03:00,2027-02-10T00:00:00Z,19.09,,17.25,0.62,1,-3.5,-0.0034,True,False,False,False,False,True,1,False,False,False,1041.3
RU000A10BW88,RU000A10BW88,АйДи Коллект 001P-05,RUB,Financial,,Московская биржа,1,1000,1000,RUB,1060.4,1057.6,1039.6,1039.3,103.96,16.6,20.75,25.25,30,12,Variable,False,2026-06-22T00:00:00Z,2029-06-06T00:00:00+03:00,2027-06-22T00:00:00Z,24.29,,23.01,0.9,1,-1.7,-0.0016,True,False,False,False,False,True,1,False,False,False,1015.5
RU000A10B7H2,RU000A10B7H2,Аптечная сеть 36.6 002P-02,RUB,Consumer,Россия,Московская биржа,1,1000,1000,RUB,1038.1,1037.2,1024,1023.6,102.4,14.1,20.14,24.5,30,12,Variable,False,2026-06-25T00:00:00Z,2028-03-16T00:00:00+03:00,2026-09-28T00:00:00Z,23.93,,17.03,0.27,1,-0.4,-0.0004,True,False,False,False,False,True,1,False,False,False,1029
RU000A105VU7,RU000A105VU7,Эталон-Финанс 002Р-01,RUB,RealEstate,Россия,Московская биржа,1,1000,1000,RUB,1017.3,1016.1,1001.8,1001,100.18,15.5,52.36,21,91,4,Variable,False,2026-08-19T00:00:00Z,2038-02-03T00:00:00+03:00,2028-05-19T00:00:00Z,20.96,,22.56,1.61,1,1.5,0.0015,True,False,False,False,False,True,1,False,False,False,926.8
RU000A106MW0,RU000A106MW0,ТГК-14 001Р-02,RUB,Utilities,Россия,Московская биржа,1,1000,1000,RUB,957,955.7,939.6,940.8,93.96,17.3,32.04,12.85,91,4,Fixed,False,2026-07-28T00:00:00Z,2027-07-27T00:00:00+03:00,2027-07-27T00:00:00+03:00,13.68,20.38,20.38,1.04,1,-0.1,-0.0001,True,False,False,False,False,True,1,False,False,False,748.2
RU000A10B4X6,RU000A10B4X6,СИБУР Холдинг 001Р-06,RUB,Energy,,Московская биржа,1,1000,1000,RUB,1022.4,1021.3,1007.8,1008.1,100.78,13.5,13.97,0,30,12,Floating,True,2026-06-17T00:00:00Z,2032-03-17T00:00:00+03:00,2032-03-17T00:00:00+03:00,16.87,,15.9,3.49,1,0.0,0,True,False,False,False,False,True,1,False,False,False,1006.9
RU000A10C7C2,RU000A10C7C2,Алтимейт Эдьюкейшн БО-П01,RUB,Other,Россия,Московская биржа,1,1000,1000,RUB,1009.4,1006.3,998,988.2,99.8,11.4,16.23,19.75,30,12,Fixed,False,2026-06-25T00:00:00Z,2028-07-14T00:00:00+03:00,2028-07-14T00:00:00+03:00,19.79,21.78,21.78,1.7,1,0.0,0,True,False,False,False,False,True,1,False,False,False,1018.9
RU000A10DYC8,RU000A10DYC8,ФПК 002Р-01,RUB,Industrials,Россия,Московская биржа,1,1000,1000,RUB,1042.6,1040.8,1032,1029.6,103.2,10.6,12.66,15.4,30,12,Fixed,False,2026-06-22T00:00:00Z,2028-06-10T00:00:00+03:00,2028-06-10T00:00:00+03:00,14.92,14.43,14.43,1.71,1,-0.3,-0.0003,True,False,False,False,False,True,1,False,False,False,1004.3
RU000A10EKY9,RU000A10EKY9,ЭкоНива 001P-02,RUB,Other,Россия,Московская биржа,1,1000,1000,RUB,1015.9,1013,1013.7,1016,101.37,0.5,14.79,0,30,12,Floating,True,2026-06-15T00:00:00Z,2028-03-06T00:00:00+03:00,2028-03-06T00:00:00+03:00,17.76,16.18,16.18,1.51,1,0.0,0,True,False,False,False,False,True,1,False,False,False,1005.4
RU000A104W33,RU000A104W33,Почта России БО-002P-03,RUB,Other,Россия,Московская биржа,1,1000,1000,RUB,897.4,894.9,897.5,891.4,89.75,0,50.61,10.15,182,2,Variable,False,2026-06-16T00:00:00Z,2032-06-08T00:00:00+03:00,2028-06-16T00:00:00Z,11.31,,17.03,1.85,1,0.8,0.0009,True,False,False,False,False,True,1,False,False,False,863.5
RU000A106FV6,RU000A106FV6,РСХБ БO-12-002P,RUB,Financial,Россия,Московская биржа,1,1000,1000,RUB,1045.1,1045,998.2,997.9,99.82,46.9,49.61,9.95,182,2,Fixed,False,2026-06-26T00:00:00Z,2026-06-26T00:00:00+03:00,2026-06-26T00:00:00+03:00,9.97,17.06,17.06,0.03,1,-1.6,-0.0016,True,False,False,False,False,True,1,False,False,False,929
RU000A10BFK4,RU000A10BFK4,Новые Технологии 001Р-05,RUB,Materials,,Московская биржа,1,1000,1000,RUB,1062.8,1058.3,1060.4,1055,106.04,2.6,19.11,23.25,30,12,Fixed,False,2026-06-15T00:00:00Z,2027-04-08T00:00:00+03:00,2027-04-08T00:00:00+03:00,21.93,16.4,16.4,0.75,1,3,0.0028,True,False,False,False,False,True,1,False,False,False,1063.8
RU000A10BYZ3,RU000A10BYZ3,Медскан 001Р-01,RUB,HealthCare,Россия,Московская биржа,1,1000,1000,RUB,1054.7,1052.5,1046.2,1044,104.62,8.6,15.21,18.5,30,12,Fixed,False,2026-06-29T00:00:00Z,2027-09-22T00:00:00+03:00,2027-09-22T00:00:00+03:00,17.68,15.5,15.5,1.13,1,2.7,0.0026,True,False,False,False,False,True,1,False,False,False,1015.2
RU000A100PB0,RU000A100PB0,ЖКХ Якутии БО-01,RUB,Utilities,Россия,Московская биржа,1,1000,1000,RUB,1029.6,1027,996.1,999.3,99.61,30.9,57.34,23,91,4,Variable,False,2026-07-28T00:00:00Z,2026-07-28T00:00:00+03:00,2026-07-28T00:00:00+03:00,23.09,28.81,28.81,0.12,1,-0.5,-0.0005,True,False,False,False,False,True,1,False,False,False,989.1
RU000A1008Y3,RU000A1008Y3,Почта России БО-001P-07,RUB,Other,Россия,Московская биржа,1,1000,1000,RUB,1060.7,1058.5,1021.7,1017,102.17,39,92.25,18.5,182,2,Variable,False,2026-09-29T00:00:00Z,2029-03-27T00:00:00+03:00,2027-04-02T00:00:00Z,18.11,,15.98,0.75,1,-0.2,-0.0002,True,False,False,False,False,True,1,False,False,False,1027.5
RU000A10DEM9,RU000A10DEM9,СтройДорСервис БО-01,RUB,Other,Россия,Московская биржа,1,1000,1000,RUB,1015.9,1012.9,1012.9,1012.9,101.29,2.3,16.85,20.5,30,12,Fixed,False,2026-06-15T00:00:00Z,2026-11-09T00:00:00+03:00,2026-11-09T00:00:00+03:00,20.24,18.55,18.55,0.39,1,3.1,0.0031,True,False,False,False,False,True,1,False,False,False,1008
RU000A10B0Z9,RU000A10B0Z9,ЭР-Телеком Холдинг ПБО-02-09,RUB,Telecom,Россия,Московская биржа,1,1000,1000,RUB,1023.5,1022.7,1011.4,1013.4,101.14,10.5,19.73,24,30,12,Variable,False,2026-06-30T00:00:00Z,2028-02-20T00:00:00+03:00,2026-09-01T00:00:00Z,23.73,,20.09,0.21,1,-1.5,-0.0015,True,False,False,False,False,True,1,False,False,False,1039.9
RU000A10B1N3,RU000A10B1N3,МТС 002P-07,RUB,Telecom,Россия,Московская биржа,1,1000,1000,RUB,1013.5,1013.1,1007.9,1008.6,100.79,5.2,12,14.6,30,12,Variable,False,2026-07-03T00:00:00Z,2028-02-23T00:00:00+03:00,2027-03-03T00:00:00Z,14.49,,14.29,0.68,1,-0.5,-0.0005,True,False,False,False,False,True,1,False,False,False,1028.3
RU000A0JXN05,RU000A0JXN05,РЖД БО-001P-01R,RUB,Industrials,Россия,Московская биржа,1,1000,1000,RUB,1071.7,1069.4,1060.7,1063.8,106.07,10.6,91.75,18.4,182,2,Variable,False,2026-11-24T00:00:00Z,2032-05-18T00:00:00+03:00,2028-05-26T00:00:00Z,17.35,,15.22,1.71,1,-2.2,-0.0021,True,False,False,False,False,True,1,False,False,False,1049.3
RU000A107746,RU000A107746,Т-Банк TCS-perp2,RUB,Financial,Россия,Московская биржа,1,71907.7,1000,USD,62863.6528479,61587.6507114,60614.3799919,61265.2884923,84.2947,1030.437341,1078.62,6,92,4,Variable,False,2026-06-22T00:00:00Z,,2026-12-20T00:00:00Z,7.12,,7.12,9.11,1,-1298.0778004,-0.021,False,True,False,True,True,True,1,True,False,False,54721.7597
RU000A10DLE1,RU000A10DLE1,Газпром капитал БО-003Р-07,RUB,Energy,Россия,Московская биржа,1,1000,1000,RUB,1010.2,1008.5,998.7,1002.1,99.87,9.6,13.15,0,30,12,Floating,True,2026-06-24T00:00:00Z,2029-05-09T00:00:00+03:00,2029-05-09T00:00:00+03:00,16.02,14.83,14.83,2.37,1,-2.3,-0.0023,True,False,False,False,False,True,1,False,False,False,992
RU000A107DS5,RU000A107DS5,МБЭС 002P-02,RUB,Financial,Россия,Московская биржа,1,1000,1000,RUB,1007.9,1004.9,1007.4,1002.5,100.74,0.5,89.22,0,182,2,Floating,True,2026-06-15T00:00:00Z,2026-12-14T00:00:00+03:00,2026-12-14T00:00:00+03:00,17.76,15.03,15.03,0.5,1,3.4,0.0034,True,False,False,False,False,True,1,False,False,False,972.1
RU000A10CM14,RU000A10CM14,Росинтер Холдинг БО-01,RUB,Consumer,Россия,Московская биржа,1,1000,1000,RUB,1005.6,1004.2,991.2,995.8,99.12,12.6,63.58,25.5,91,4,Variable,False,2026-08-28T00:00:00Z,2028-08-25T00:00:00+03:00,2027-03-10T00:00:00Z,25.73,,29.68,0.68,1,-4.6,-0.0046,True,False,False,False,False,True,1,False,False,False,1023.5
RU000A1013P1,RU000A1013P1,ВЭБ.РФ ПБО-001Р-18,RUB,Financial,Россия,Московская биржа,1,1000,1000,RUB,984.3,982.3,977.2,975.9,97.72,5.6,36.25,7.27,182,2,Fixed,False,2026-11-17T00:00:00Z,2026-11-17T00:00:00+03:00,2026-11-17T00:00:00+03:00,7.44,13.38,13.38,0.42,1,0.5,0.0005,True,False,False,False,False,True,1,False,False,False,883.2
RU000A103AT8,RU000A103AT8,Атомэнергопром 001Р-01,RUB,Energy,Россия,Московская биржа,1,1000,1000,RUB,1036.8,1036.5,1000,999.3,100,36.8,37.4,7.5,182,2,Fixed,False,2026-06-19T00:00:00Z,2026-06-19T00:00:00+03:00,2026-06-19T00:00:00+03:00,7.5,7.54,7.54,0.01,1,-1.4,-0.0014,True,False,False,False,False,True,1,False,False,False,919.1
RU000A10ESM7,RU000A10ESM7,МТС 002Р-18,RUB,Telecom,Россия,Московская биржа,1,1000,1000,RUB,1007.8,1004.9,1005.1,1006.5,100.51,2.7,11.42,13.9,30,12,Variable,False,2026-07-09T00:00:00Z,2036-02-17T00:00:00+03:00,2028-04-04T00:00:00Z,13.83,,14.45,1.6,1,-2.5,-0.0025,True,False,False,False,False,True,1,False,False,False,994.9
RU000A107E81,RU000A107E81,Биннофарм Групп 001Р-03,RUB,HealthCare,Россия,Московская биржа,1,1000,1000,RUB,979,976.7,975.1,978.6,97.51,0.5,42.1,0,91,4,Floating,True,2026-06-15T00:00:00Z,2026-12-14T00:00:00+03:00,2026-12-14T00:00:00+03:00,17.32,22.99,22.99,0.48,1,-3.7,-0.0038,True,False,False,False,False,True,1,False,False,False,960.9
RU000A10D459,RU000A10D459,МТС 002P-13,RUB,Telecom,Россия,Московская биржа,1,1000,1000,RUB,1006.2,1003.8,1005.3,1001.1,100.53,1.3,13.27,0,30,12,Floating,True,2026-06-15T00:00:00Z,2027-10-06T00:00:00+03:00,2027-10-06T00:00:00Z,16.06,,14.88,1.19,1,1.3,0.0013,True,False,False,False,False,True,1,False,False,False,1000
RU000A10CM71,RU000A10CM71,Айдеко БО-01,RUB,IT,Россия,Московская биржа,1,1000,1000,RUB,1037,1034.9,1024.4,1027.1,102.44,10.4,67.32,27,91,4,Variable,False,2026-09-01T00:00:00Z,2028-08-29T00:00:00+03:00,2027-03-12T00:00:00Z,26.36,,25.18,0.65,1,-3.4,-0.0033,True,False,False,False,False,True,1,False,False,False,1011.4
RU000A107SM6,RU000A107SM6,АФК Система БО 001Р-28,RUB,Financial,Россия,Московская биржа,1,1000,1000,RUB,926.9,925.2,912.5,911.2,91.25,14.5,,0,91,4,Floating,True,2026-08-13T00:00:00Z,2028-02-10T00:00:00+03:00,2028-02-10T00:00:00+03:00,18.4,22.3,22.3,1.47,1,0.1,0.0001,True,False,False,False,False,True,1,False,False,False,844.3
RU000A106AT1,RU000A106AT1,Газпром капитал БО-001Р-06,RUB,Energy,Россия,Московская биржа,1,1000,1000,RUB,949.8,949.7,943.9,944.9,94.39,5.8,24.93,10,91,4,Variable,False,2026-08-25T00:00:00Z,2028-05-23T00:00:00+03:00,2028-02-28T00:00:00Z,10.59,,14.47,1.58,1,-0.8,-0.0008,True,False,False,False,False,True,1,False,False,False,871.9
RU000A10E9Z7,RU000A10E9Z7,Воксис 001Р-02,RUB,Other,Россия,Московская биржа,1,1000,1000,RUB,1023,1022.5,1020.9,1018.1,102.09,1.6,16.44,20,30,12,Fixed,False,2026-06-15T00:00:00Z,2028-02-03T00:00:00+03:00,2028-02-03T00:00:00+03:00,19.59,20.17,20.17,1.41,1,-1.1,-0.0011,True,False,False,False,False,True,1,False,False,False,988
RU000A0JXPG2,RU000A0JXPG2,ГТЛК 001P-04,RUB,Financial,Россия,Московская биржа,1,1000,1000,RUB,1035,1033.5,1007.5,1005.1,100.75,27.6,39.89,16,91,4,Variable,False,2026-07-14T00:00:00Z,2032-04-06T00:00:00+03:00,2028-04-14T00:00:00Z,15.88,,16.44,1.58,1,2.5,0.0025,True,False,False,False,False,True,1,False,False,False,933.9
RU000A10D3G1,RU000A10D3G1,Гельтек-Медика БО-01,RUB,Other,Россия,Московская биржа,1,1000,1000,RUB,1125,1124.9,1122.7,1119.7,112.27,2.4,18.08,22,30,12,Fixed,False,2026-06-15T00:00:00Z,2028-09-29T00:00:00+03:00,2028-09-29T00:00:00+03:00,19.6,16.76,16.76,1.85,1,2.8,0.0025,True,False,False,False,False,True,1,False,False,False,1091.8
RU000A10C5Y0,RU000A10C5Y0,ИКС 5 Финанс 003P-13,RUB,Consumer,Россия,Московская биржа,1,1000,1000,RUB,1029,1026.3,1020,1019.2,102,8.9,11.59,14.1,30,12,Variable,False,2026-06-23T00:00:00Z,2035-07-06T00:00:00+03:00,2027-09-21T00:00:00Z,13.82,,13.12,1.16,1,0.3,0.0003,True,False,False,False,False,True,1,False,False,False,1010
RU000A10CZ43,RU000A10CZ43,ИЭК Холдинг 001Р-04,RUB,Other,Россия,Московская биржа,1,1000,1000,RUB,1001.7,1000.2,992.1,993.4,99.21,8,14.18,0,30,12,Floating,True,2026-06-29T00:00:00Z,2027-09-22T00:00:00+03:00,2027-09-22T00:00:00+03:00,17.39,17.49,17.49,1.15,1,-2.8,-0.0028,True,False,False,False,False,True,1,False,False,False,993.9
RU000A10DLV5,RU000A10DLV5,ГМК Норникель БО-001Р-16,RUB,Materials,Россия,Московская биржа,1,10606.4,1000,CNY,10822.452368,10706.3759264,10899.5184704,10638.2192,102.7636,56.956368,60.99,7,30,12,Variable,False,2026-06-18T00:00:00Z,2030-12-24T00:00:00+03:00,2027-12-17T00:00:00Z,6.81,,5.2,1.42,1,0.0,0,False,True,False,False,False,True,1,False,False,False,10691.2512
RU000A108ZH9,RU000A108ZH9,Славнефть БО 002Р-05,RUB,Energy,Россия,Московская биржа,1,1000,1000,RUB,1007.6,1006.6,998.9,1000,99.89,8.7,13.07,0,30,12,Floating,True,2026-06-26T00:00:00Z,2034-05-15T00:00:00+03:00,2027-06-24T00:00:00Z,15.92,,15.55,0.95,1,1,0.001,True,False,False,False,False,True,1,False,False,False,968.9
RU000A1087G4,RU000A1087G4,МФК ПСБ Финан 002Р-01,RUB,Financial,Россия,Московская биржа,1,400,400,RUB,405.96,404.72,401.04,401.96,100.26,3.64,6.08,18.5,30,12,Floating,True,2026-06-29T00:00:00Z,2027-03-25T00:00:00+03:00,2027-03-25T00:00:00+03:00,18.45,18.11,18.11,0.38,1,-0.36,-0.0009,True,False,False,False,False,True,1,True,False,False,388.52
RU000A109TW9,RU000A109TW9,ГМК Норникель БО-10,RUB,Materials,Россия,Московская биржа,1,1000,1000,RUB,1000.7,1000.6,999.8,997.4,99.98,0.9,12.82,0,30,12,Floating,True,2026-06-15T00:00:00Z,2029-09-26T00:00:00+03:00,2028-10-04T00:00:00Z,15.6,,14.35,1.98,1,-0.2,-0.0002,True,False,False,False,False,True,1,False,False,False,985
RU000A10ECX8,RU000A10ECX8,Полипласт П02-БО-14,RUB,Materials,Россия,Московская биржа,1,7190.77,100,USD,7836.501146,7753.21764786,7784.008525,7758.84083,108.25,52.492621,75.5,12.75,30,12,Fixed,False,2026-06-25T00:00:00Z,2029-08-08T00:00:00+03:00,2029-08-08T00:00:00+03:00,11.78,10.17,10.17,2.61,1,27.48312294,0.0035,True,False,False,False,False,True,1,False,False,False,7183.75180848
RU000A10DZT9,RU000A10DZT9,А101 БО-001Р-03,RUB,RealEstate,Россия,Московская биржа,1,1000,1000,RUB,1025.6,1023.4,1012.8,1015.4,101.28,11.2,15.21,0,30,12,Floating,True,2026-06-24T00:00:00Z,2027-12-16T00:00:00+03:00,2027-12-16T00:00:00+03:00,18.27,16.83,16.83,1.32,1,0.0,0,True,False,False,False,False,True,1,False,False,False,1026.7
RU000A101XN7,RU000A101XN7,АФК Система БО 001P-14,RUB,Financial,Россия,Московская биржа,1,1000,1000,RUB,964.1,960.2,943.5,939,94.35,17.8,26.18,10.5,91,4,Variable,False,2026-07-15T00:00:00Z,2030-07-10T00:00:00+03:00,2027-04-19T00:00:00Z,11.13,,19.11,0.8,1,-3.1,-0.0033,True,False,False,False,False,True,1,False,False,False,841.6
RU000A105TP1,RU000A105TP1,Магнит БО-004Р-03,RUB,Consumer,Россия,Московская биржа,1,1000,1000,RUB,1012.8,1012.5,996.1,995.1,99.61,17.3,39.27,15.75,91,4,Floating,True,2026-08-06T00:00:00Z,2028-02-03T00:00:00+03:00,2028-02-03T00:00:00+03:00,15.81,14.69,14.69,1.46,1,2,0.002,True,False,False,False,False,True,1,False,False,False,948.2
RU000A0JUAH8,RU000A0JUAH8,РЖД 30,RUB,Industrials,Россия,Московская биржа,1,1000,1000,RUB,1047.3,1045.8,1032,1032.8,103.2,15.3,79.68,15.98,182,2,Variable,False,2026-11-10T00:00:00Z,2028-11-07T00:00:00+03:00,2028-11-07T00:00:00+03:00,15.48,14.85,14.85,2.06,1,-2.2,-0.0021,True,False,False,False,False,True,1,False,False,False,1014.9
RU000A107DP1,RU000A107DP1,Россети Московский регион БО1Р05,RUB,Utilities,Россия,Московская биржа,1,1000,1000,RUB,1009.6,1007.8,1000.9,1001.1,100.09,6.4,12.86,15.65,30,12,Floating,True,2026-07-01T00:00:00Z,2026-11-28T00:00:00+03:00,2026-11-28T00:00:00+03:00,15.64,15.58,15.58,0.44,1,-3.4,-0.0034,True,False,False,False,False,True,1,False,False,False,998.5
RU000A106P06,RU000A106P06,Восточная Стивидорная Компания 1P-04R,RUB,Industrials,Россия,Московская биржа,1,1000,1000,RUB,999.3,999,954.3,951.5,95.43,45,59.84,12,182,2,Fixed,False,2026-07-31T00:00:00Z,2028-07-28T00:00:00+03:00,2028-07-28T00:00:00+03:00,12.57,15.1,15.1,1.84,1,1.1,0.0012,True,False,False,False,False,True,1,False,False,False,881.2
RU000A0ZYQY7,RU000A0ZYQY7,АФК Система БО-001P-07,RUB,Financial,Россия,Московская биржа,1,1000,1000,RUB,1079.4,1078.4,1002.5,1002,100.25,76.9,97.23,19.5,182,2,Variable,False,2026-07-24T00:00:00Z,2028-01-21T00:00:00+03:00,2026-07-29T00:00:00Z,19.45,,17.48,0.12,1,0.1,0.0001,True,False,False,False,False,True,1,False,False,False,981.1
RU000A106Z38,RU000A106Z38,Джи-групп 002P-03,RUB,RealEstate,Россия,Московская биржа,1,300,300,RUB,308.1,307.83,298.35,298.47,99.45,9.75,11.52,15.4,91,4,Fixed,False,2026-06-30T00:00:00Z,2026-09-29T00:00:00+03:00,2026-09-29T00:00:00+03:00,15.49,20.24,20.24,0.16,1,0.0,0,True,False,False,False,False,True,1,False,False,False,285.33
RU000A10DBV6,RU000A10DBV6,Уралкуз 001Р-03,RUB,Industrials,Россия,Московская биржа,1,1000,1000,RUB,1046.5,1044.3,1034.4,1037.9,103.44,9.9,16.44,20,30,12,Fixed,False,2026-06-29T00:00:00Z,2027-10-21T00:00:00+03:00,2027-10-21T00:00:00+03:00,19.33,18.54,18.54,1.18,1,-2.9,-0.0028,True,False,False,False,False,True,1,False,False,False,1002.4
RU000A10CTH9,RU000A10CTH9,Полипласт П02-БО-11,RUB,Materials,Россия,Московская биржа,1,1060.64,100,CNY,1099.32472272,1084.61788848,1076.62702672,1091.18218944,101.5073,7.9548,9.97,11.45,30,12,Fixed,False,2026-06-22T00:00:00Z,2027-09-15T00:00:00+03:00,2027-09-15T00:00:00+03:00,11.28,10.63,10.63,1.16,1,0.0,0,True,False,False,False,False,True,1,False,False,False,1044.19265552
RU000A105R62,RU000A105R62,Газпром капитал ЗО28-1-Д,RUB,Energy,Россия,Московская биржа,1,71907.7,1000,USD,71726.4206883,71614.6042148,70328.9664465,70346.2242945,97.8045,1285.709676,1779.72,4.95,181,2,Fixed,False,2026-08-06T00:00:00Z,2028-02-06T00:00:00+03:00,2028-02-06T00:00:00+03:00,5.06,6.37,6.37,1.57,1,3.3077542,4.7034812919031614e-05,True,False,False,False,False,True,1,False,False,False,69441.26589
RU000A10AZG2,RU000A10AZG2,КЛВЗ Кристалл 001P-02,RUB,Consumer,Россия,Московская биржа,1,1000,1000,RUB,1118.3,1114.3,1099.9,1090,109.99,18.4,23.01,28,30,12,Fixed,False,2026-06-22T00:00:00Z,2028-02-12T00:00:00+03:00,2028-02-12T00:00:00+03:00,25.46,20.93,20.93,1.09,1,1.9,0.0017,True,False,False,False,False,True,1,False,False,False,1072.9
RU000A10DTS4,RU000A10DTS4,Совкомбанк Лизинг БО-П17,RUB,Financial,Россия,Московская биржа,1,1000,1000,RUB,1040.3,1037.7,1039.9,1036.8,103.99,0.4,13.15,16,30,12,Fixed,False,2026-06-15T00:00:00Z,2028-12-01T00:00:00+03:00,2028-12-01T00:00:00+03:00,15.39,15.02,15.02,2.06,1,0.0,0,True,False,False,False,False,True,1,False,False,False,1049
RU000A10DMP5,RU000A10DMP5,Банк ГПБ БО 006Р-04P,RUB,Financial,Россия,Московская биржа,1,1000,1000,RUB,561.9,561.1,562.3,560.1,56.23,0,,0,,0,Zero,False,,2030-12-16T00:00:00+03:00,2030-12-16T00:00:00+03:00,,13.63,13.63,4.5,1,0.4,0.0007,True,False,False,False,False,True,1,False,False,False,519.5
RU000A0ZZZ17,RU000A0ZZZ17,Нижнекамскнефтехим 001Р-01,RUB,Materials,Россия,Московская биржа,1,1000,1000,RUB,1035.1,1033.3,1031.1,1038,103.11,2.2,78.28,15.7,182,2,Variable,False,2026-12-10T00:00:00Z,2028-12-07T00:00:00+03:00,2028-12-07T00:00:00+03:00,15.23,14.67,14.67,2.15,1,-4.8,-0.0046,True,False,False,False,False,True,1,False,False,False,949.7
RU000A102SX4,RU000A102SX4,АФК Система БО 001P-19,RUB,Financial,Россия,Московская биржа,1,1000,1000,RUB,1014.1,1011.9,1001.3,1001.8,100.13,10.6,43.63,17.5,91,4,Variable,False,2026-08-24T00:00:00Z,2031-02-17T00:00:00+03:00,2027-05-27T00:00:00Z,17.48,,18.49,0.88,1,-2.1,-0.0021,True,False,False,False,False,True,1,False,False,False,1069.9
RU000A10DM96,RU000A10DM96,Россети БО 001P-19R,RUB,Utilities,Россия,Московская биржа,1,1000,1000,RUB,1015.1,1013,1003.4,1004.5,100.34,8.7,12.99,0,30,12,Floating,True,2026-06-26T00:00:00Z,2028-09-13T00:00:00+03:00,2028-09-13T00:00:00+03:00,15.75,14.36,14.36,1.92,1,0.0,0,True,False,False,False,False,True,1,False,False,False,993.5
RU000A103C95,RU000A103C95,АФК Система БО 001P-21,RUB,Financial,Россия,Московская биржа,1,1000,1000,RUB,1033.7,1032.3,993.4,995.5,99.34,38.9,41.88,8.4,182,2,Variable,False,2026-06-29T00:00:00Z,2031-06-23T00:00:00+03:00,2026-07-02T00:00:00Z,8.46,,25.58,0.04,1,-2,-0.002,True,False,False,False,False,True,1,False,False,False,878.6
RU000A106SF2,RU000A106SF2,Интерлизинг 001Р-06,RUB,Financial,Россия,Московская биржа,1,175,175,RUB,175.07,174.7025,173.3025,173.915,99.03,1.4175,5.89,13.5,91,4,Fixed,False,2026-08-24T00:00:00Z,2026-08-24T00:00:00+03:00,2026-08-24T00:00:00+03:00,13.63,20.14,20.14,0.19,1,-0.245,-0.0014,True,False,False,False,False,True,1,False,False,False,161.91
RU000A10EXJ3,RU000A10EXJ3,Мэйл.Ру Финанс 001P-02,RUB,Telecom,Россия,Московская биржа,1,1000,1000,RUB,1023.2,1022.7,1013.5,1010,101.35,9.7,11.63,14.15,30,12,Fixed,False,2026-06-22T00:00:00Z,2029-04-06T00:00:00+03:00,2029-04-06T00:00:00+03:00,13.96,14.45,14.45,2.32,1,0.2,0.0002,True,False,False,False,False,True,1,False,False,False,1001.5
RU000A10AEF9,RU000A10AEF9,ТГК-14 001Р-03,RUB,Utilities,Россия,Московская биржа,1,1000,1000,RUB,1227.9,1217.6,1225,1217,122.5,2.9,21.78,26.5,30,12,Fixed,False,2026-06-15T00:00:00Z,2028-06-01T00:00:00+03:00,2028-06-01T00:00:00+03:00,21.63,14.25,14.25,1.59,1,-2,-0.0016,True,False,False,False,False,True,1,False,False,False,1132.8
RU000A101Z74,RU000A101Z74,Банк ГПБ БО 001Р-17Р,RUB,Financial,Россия,Московская биржа,1,1000,1000,RUB,1022.5,1021.5,971.9,975.1,97.19,47.5,63.23,12.75,181,2,Variable,False,2026-07-31T00:00:00Z,2030-07-31T00:00:00+03:00,2028-08-03T00:00:00Z,13.12,,14.81,1.84,1,-3.7,-0.0038,True,False,False,False,False,True,1,False,False,False,941.2
RU000A0ZYU05,RU000A0ZYU05,РЖД БО 001Р-05R,RUB,Industrials,Россия,Московская биржа,1,1000,1000,RUB,1059.4,1057.2,1005.9,1005.2,100.59,52.8,76.29,15.3,182,2,Variable,False,2026-08-11T00:00:00Z,2033-02-01T00:00:00+03:00,2027-02-12T00:00:00Z,15.21,,14.75,0.62,1,0.2,0.0002,True,False,False,False,False,True,1,False,False,False,934.3
RU000A1008J4,RU000A1008J4,АФК Система БО 001P-10,RUB,Financial,Россия,Московская биржа,1,1000,1000,RUB,1019.1,1018.1,983.6,982.6,98.36,35.5,79.78,16,182,2,Variable,False,2026-09-25T00:00:00Z,2029-03-23T00:00:00+03:00,2027-03-31T00:00:00Z,16.27,,19.05,0.75,1,-0.1,-0.0001,True,False,False,False,False,True,1,False,False,False,963.5
RU000A10BQV8,RU000A10BQV8,Инвест КЦ 001P-01,RUB,Other,Россия,Московская биржа,1,7190.77,100,USD,7259.28365656,7247.67775378,7221.20133864,7213.46407012,100.4232,38.111081,71.19,12,30,12,Fixed,False,2026-06-30T00:00:00Z,2028-06-19T00:00:00+03:00,2028-06-19T00:00:00+03:00,11.95,12.47,12.47,1.79,1,3.58100346,0.0005,True,False,False,False,False,True,1,False,False,False,7174.85682599
RU000A10EPQ4,RU000A10EPQ4,Автодор ГК БО-005Р-16,RUB,Industrials,Россия,Московская биржа,1,1000,1000,RUB,1030.6,1024,1016.8,1010,101.68,8.9,12.66,15.4,30,12,Variable,False,2026-06-25T00:00:00Z,2028-11-11T00:00:00+03:00,2027-03-25T00:00:00Z,15.15,,13.92,0.73,1,2.2,0.0022,True,False,False,False,False,True,1,False,False,False,1020
RU000A10E283,RU000A10E283,Хромос Инжиниринг БО-04,RUB,Other,Россия,Московская биржа,1,1000,1000,RUB,1047.7,1045,1034.9,1035.9,103.49,12.8,20.14,24.5,30,12,Fixed,False,2026-06-29T00:00:00Z,2028-12-13T00:00:00+03:00,2028-12-13T00:00:00+03:00,23.67,,25.17,1.88,1,-1,-0.001,True,False,False,False,False,True,1,False,False,False,1003.3
RU000A10B3T6,RU000A10B3T6,ИЭК Холдинг 001P-03,RUB,Other,Россия,Московская биржа,1,1000,1000,RUB,1021.2,1019.4,1016.6,1018.8,101.66,3.9,19.52,23.75,30,12,Fixed,False,2026-07-10T00:00:00Z,2026-09-08T00:00:00+03:00,2026-09-08T00:00:00+03:00,23.36,17.63,17.63,0.22,1,0.3,0.0003,True,False,False,False,False,True,1,False,False,False,1067
RU000A108447,RU000A108447,Росагролизинг 001P-05,RUB,Financial,Россия,Московская биржа,1,1000,1000,RUB,973,970.9,969.1,970.2,96.91,1.3,13.88,16.34,31,12,Floating,True,2026-06-15T00:00:00Z,2029-05-02T00:00:00+03:00,2029-05-02T00:00:00+03:00,16.45,16.47,16.47,2.36,1,-1.7,-0.0018,True,False,False,False,False,True,1,True,False,False,934
RU000A10ETL7,RU000A10ETL7,Ростелеком 001P-25R,RUB,Telecom,Россия,Московская биржа,1,1000,1000,RUB,1005.6,1003.8,1004.6,1004.5,100.46,1.1,11.22,13.65,30,12,Fixed,False,2026-06-15T00:00:00Z,2028-04-03T00:00:00+03:00,2028-04-03T00:00:00+03:00,13.59,14.21,14.21,1.61,1,0.2,0.0002,True,False,False,False,False,True,1,False,False,False,999.9
RU000A106Z46,RU000A106Z46,АФК Система БО 001Р-26,RUB,Financial,Россия,Московская биржа,1,1000,1000,RUB,973,971.8,938.6,936.6,93.86,34.4,,0,91,4,Floating,True,2026-06-30T00:00:00Z,2027-09-28T00:00:00+03:00,2027-09-28T00:00:00+03:00,18.48,21.6,21.6,1.15,1,-0.1,-0.0001,True,False,False,False,False,True,1,False,False,False,856.8
RU000A1064Y6,RU000A1064Y6,СУЭК-Финанс 001Р-07R,RUB,Industrials,Россия,Московская биржа,1,71907.7,1000,USD,71417.4333014,70295.1698275,70742.79526,70745.7434757,98.38,613.372681,1213.8,3.348,184,2,Fixed,False,2026-09-15T00:00:00Z,2026-09-15T00:00:00+03:00,2026-09-15T00:00:00+03:00,3.4,10.3,10.3,0.25,1,0.0,0,False,True,False,False,False,True,1,False,False,False,67443.669984
RU000A10EK71,RU000A10EK71,Борец Капитал 001Р-05,RUB,Energy,Россия,Московская биржа,1,1000,1000,RUB,1042.4,1042,1041.5,1045.9,104.15,1,15.21,18.5,30,12,Fixed,False,2026-06-15T00:00:00Z,2029-02-28T00:00:00+03:00,2029-02-28T00:00:00+03:00,17.76,17.92,17.92,2.16,1,-0.6,-0.0006,True,False,False,False,False,True,1,False,False,False,1043.1
RU000A10EKZ6,RU000A10EKZ6,Р-Вижн 001Р-03,RUB,IT,Россия,Московская биржа,1,1000,1000,RUB,1023.5,1022.5,1023.1,1023.4,102.31,0.4,12.53,15.25,30,12,Fixed,False,2026-06-15T00:00:00Z,2029-03-01T00:00:00+03:00,2029-03-01T00:00:00+03:00,14.91,15.18,15.18,2.24,1,-0.3,-0.0003,True,False,False,False,False,True,1,False,False,False,1010.9
RU000A107X96,RU000A107X96,ВЭБ.РФ ПБО-002Р-40,RUB,Financial,Россия,Московская биржа,1,1000,1000,RUB,1003.2,1002.3,973,977,97.3,30.2,,0,91,4,Floating,True,2026-07-07T00:00:00Z,2032-03-30T00:00:00+03:00,2032-03-30T00:00:00Z,17.24,,15.41,3.94,1,-3.3,-0.0034,True,False,False,False,False,True,1,False,False,False,940
RU000A10DCE0,RU000A10DCE0,Воксис 001Р-01,RUB,Other,Россия,Московская биржа,1,1000,1000,RUB,1044.6,1041.6,1034.8,1033.7,103.48,9.8,17.26,21,30,12,Fixed,False,2026-06-29T00:00:00Z,2027-10-22T00:00:00+03:00,2027-10-22T00:00:00+03:00,20.29,19.65,19.65,1.18,1,-0.1,-0.0001,True,False,False,False,False,True,1,False,False,False,1000
RU000A101QL5,RU000A101QL5,ГТЛК БО 001P-17,RUB,Financial,Россия,Московская биржа,1,1000,1000,RUB,1018.3,1015.4,1004.2,1003.7,100.42,9.6,39.89,16,91,4,Variable,False,2026-08-24T00:00:00Z,2035-05-14T00:00:00+03:00,2028-08-24T00:00:00Z,15.93,,16.72,1.88,1,2.1,0.0021,True,False,False,False,False,True,1,False,False,False,896.7
RU000A102VR0,RU000A102VR0,ГТЛК БО 002P-01,RUB,Financial,Россия,Московская биржа,1,1000,1000,RUB,965.9,963.3,966,965.6,96.6,0.5,43.88,17.6,91,4,Floating,True,2026-06-15T00:00:00Z,2036-03-03T00:00:00+03:00,2028-09-14T00:00:00Z,18.22,,17.29,1.95,1,0.4,0.0004,True,False,False,False,False,True,1,False,False,False,944
RU000A10DF38,RU000A10DF38,СФО ВТБ РКС Эталон 07,RUB,Financial,Россия,Московская биржа,1,659.26,659.26,RUB,680.883728,679.433356,677.257798,674.357054,102.73,3.560004,9.65,17.8,30,12,Fixed,False,2026-07-06T00:00:00Z,2032-12-05T00:00:00+03:00,2032-12-05T00:00:00+03:00,17.33,14.35,14.35,0.63,1,-0.197778,-0.0003,True,False,False,False,False,True,1,False,False,False,664.468154
RU000A0ZYLG5,RU000A0ZYLG5,Роснефть 002P-03,RUB,Energy,Россия,Московская биржа,1,1000,1000,RUB,1019.9,1017.9,1016.2,1018.1,101.62,2.1,74.55,14.95,182,2,Variable,False,2026-12-10T00:00:00Z,2027-12-09T00:00:00+03:00,2027-12-09T00:00:00+03:00,14.71,14.17,14.17,1.38,1,0.3,0.0003,True,False,False,False,False,True,1,False,False,False,963.3
RU000A107QM0,RU000A107QM0,Бизнес Альянс 001P-04,RUB,Financial,Россия,Московская биржа,1,1000,1000,RUB,981.9,976.3,966.4,963.2,96.64,10.3,13.97,17,30,12,Fixed,False,2026-06-24T00:00:00Z,2027-01-20T00:00:00+03:00,2027-01-20T00:00:00+03:00,17.59,24.65,24.65,0.57,1,-0.3,-0.0003,True,False,False,False,False,True,1,False,False,False,828.5
RU000A10E739,RU000A10E739,Ростелеком 001P-22R,RUB,Telecom,Россия,Московская биржа,1,1000,1000,RUB,1032.8,1031.5,1026.6,1023.4,102.66,4.9,12.12,14.75,30,12,Fixed,False,2026-07-06T00:00:00Z,2028-07-23T00:00:00+03:00,2028-07-23T00:00:00+03:00,14.37,14.13,14.13,1.82,1,-1.5,-0.0015,True,False,False,False,False,True,1,False,False,False,1006.9
RU000A107605,RU000A107605,Газпром нефть БО 003P-07R,RUB,Energy,Россия,Московская биржа,1,1000,1000,RUB,1014.3,1013.8,996.6,994.9,99.66,17.8,,0,91,4,Floating,True,2026-08-04T00:00:00Z,2027-11-02T00:00:00+03:00,2027-11-02T00:00:00+03:00,16.38,14.85,14.85,1.25,1,-0.1,-0.0001,True,False,False,False,False,True,1,False,False,False,973.2
RU000A108AL4,RU000A108AL4,Интерлизинг 001Р-08,RUB,Financial,Россия,Московская биржа,1,560,560,RUB,561.456,559.832,557.592,559.496,99.57,2.184,7.25,15.75,30,12,Fixed,False,2026-07-07T00:00:00Z,2027-04-03T00:00:00+03:00,2027-04-03T00:00:00+03:00,15.82,18.15,18.15,0.42,1,-0.504,-0.0009,True,False,False,False,False,True,1,False,False,False,523.936
RU000A107A28,RU000A107A28,Банк ГПБ БО 005Р-01Р,RUB,Financial,Россия,Московская биржа,1,1000,1000,RUB,1005.8,1005.7,999.2,998.9,99.92,6.6,32.14,12.75,92,4,Fixed,False,2026-08-28T00:00:00Z,2026-11-28T00:00:00+03:00,2026-11-28T00:00:00+03:00,12.76,13.55,13.55,0.44,1,0.3,0.0003,True,False,False,False,False,True,1,False,False,False,954.9
RU000A10A8H1,RU000A10A8H1,РусГидро БО-002Р-04,RUB,Utilities,Россия,Московская биржа,1,1000,1000,RUB,1015.6,1013.7,1002.4,1002.1,100.24,11.3,18.9,23,30,12,Fixed,False,2026-06-29T00:00:00Z,2026-06-28T00:00:00+03:00,2026-06-28T00:00:00+03:00,22.94,16.7,16.7,0.03,1,-1,-0.001,True,False,False,False,False,True,1,False,False,False,1068.6
RU000A10DY92,RU000A10DY92,АЛРОСА 002Р-01,RUB,Materials,Россия,Московская биржа,1,1000,1000,RUB,1009.7,1007.8,995.1,1003,99.51,10.9,13.03,0,30,12,Floating,True,2026-06-22T00:00:00Z,2027-12-13T00:00:00+03:00,2027-12-13T00:00:00+03:00,15.93,15.31,15.31,1.34,1,-4.9,-0.0049,True,False,False,False,False,True,1,False,False,False,1000.1
RU000A10EMM0,RU000A10EMM0,Совком Взыскание 01,RUB,Financial,Россия,Московская биржа,1,1000,1000,RUB,1054,1051.8,1009.6,1011.2,100.96,41,59.15,17,127,4,Fixed,False,2026-07-27T00:00:00Z,2030-04-25T00:00:00+03:00,2030-04-25T00:00:00+03:00,16.84,,17.71,2.8,1,-2.9,-0.0029,True,False,False,False,False,True,1,False,False,False,986.6
RU000A10ENS5,RU000A10ENS5,Металлоинвест 002P-05,RUB,Industrials,Россия,Московская биржа,1,1000,1000,RUB,1006.6,1005.1,996.8,996.5,99.68,9.8,13.36,0,30,12,Floating,True,2026-06-24T00:00:00Z,2030-03-25T00:00:00+03:00,2030-03-25T00:00:00+03:00,16.3,15.27,15.27,2.91,1,1.5,0.0015,True,False,False,False,False,True,1,False,False,False,998.9
RU000A102FT9,RU000A102FT9,АФК Система БО 001P-17,RUB,Financial,Россия,Московская биржа,1,1000,1000,RUB,1000.7,998.4,993.5,993.2,99.35,7.2,87.26,17.5,182,2,Variable,False,2026-11-30T00:00:00Z,2030-11-25T00:00:00+03:00,2027-06-03T00:00:00Z,17.61,,19.07,0.92,1,1.2,0.0012,True,False,False,False,False,True,1,False,False,False,1003.5
RU000A104WF9,RU000A104WF9,Славнефть БО 002Р-04,RUB,Energy,Россия,Московская биржа,1,1000,1000,RUB,1101.1,1100.5,1057.7,1054.9,105.77,43.4,44.88,18,91,4,Variable,False,2026-06-19T00:00:00Z,2032-06-11T00:00:00+03:00,2027-12-22T00:00:00Z,17.02,,14.45,1.31,1,2.5,0.0024,True,False,False,False,False,True,1,False,False,False,1009.6
RU000A10DJ18,RU000A10DJ18,Борец Капитал 001Р-03,RUB,Energy,Россия,Московская биржа,1,1000,1000,RUB,1033.9,1030.9,1022.1,1025.5,102.21,11.8,14.79,18,30,12,Fixed,False,2026-06-22T00:00:00Z,2028-05-12T00:00:00+03:00,2028-05-12T00:00:00+03:00,17.61,17.96,17.96,1.61,1,2.1,0.0021,True,False,False,False,False,True,1,False,False,False,998.9
RU000A107AW3,RU000A107AW3,Аэрофьюэлз-002Р-02,RUB,Energy,Россия,Московская биржа,1,500,500,RUB,503.9,502.9,499.95,498.3,99.99,3.95,19.95,16,91,4,Fixed,False,2026-08-28T00:00:00Z,2026-11-27T00:00:00+03:00,2026-11-27T00:00:00+03:00,16,16.98,16.98,0.32,1,0.0,0,True,False,False,False,False,True,1,False,False,False,472.25
RU000A10C6M3,RU000A10C6M3,Уральская кузница 001Р-01,RUB,Other,,Московская биржа,1,1000,1000,RUB,1046.3,1042.5,1027.4,1029.5,102.74,14.3,16.44,20,30,12,Fixed,False,2026-06-22T00:00:00Z,2027-07-15T00:00:00+03:00,2027-07-15T00:00:00+03:00,19.47,18.63,18.63,0.97,1,-4.3,-0.0042,True,False,False,False,False,True,1,False,False,False,1062.1
RU000A101ZH4,RU000A101ZH4,Почта России БО-001P-10,RUB,Other,Россия,Московская биржа,1,1000,1000,RUB,1103.9,1102,1037,1030,103.7,66.9,87.01,17.45,182,2,Variable,False,2026-07-28T00:00:00Z,2030-07-23T00:00:00+03:00,2028-07-28T00:00:00Z,16.83,,15.9,1.75,1,9.6,0.0093,True,False,False,False,False,True,1,False,False,False,1035.2
RU000A106607,RU000A106607,Ульяновская область 34005,RUB,Municipal,Россия,Московская биржа,1,500,500,RUB,483.25,481.95,474,473.75,94.8,7.85,13.21,10.6,91,4,Fixed,False,2026-07-23T00:00:00Z,2028-04-26T00:00:00+03:00,2028-04-26T00:00:00+03:00,11.18,15.19,15.19,1.42,1,-1.5,-0.0032,True,False,False,False,False,True,1,False,False,False,441.15
RU000A109NM3,RU000A109NM3,РЕГИОНСПЕЦТРАНС-01,RUB,Other,Россия,Московская биржа,1,1000,1000,RUB,1039.3,1036.2,1023.8,1021.6,102.38,15.5,19.32,23.5,30,12,Fixed,False,2026-06-22T00:00:00Z,2027-09-15T00:00:00+03:00,2027-09-15T00:00:00+03:00,22.95,,23.53,1.08,1,-2.2,-0.0021,True,False,False,False,False,True,1,False,False,False,975.2
RU000A10B3Y6,RU000A10B3Y6,ВсеИнструменты.ру 001Р-06,RUB,Consumer,Россия,Московская биржа,1,1000,1000,RUB,1023.5,1020.6,1016.8,1018,101.68,3.2,19.32,23.5,30,12,Fixed,False,2026-07-13T00:00:00Z,2026-09-09T00:00:00+03:00,2026-09-09T00:00:00+03:00,23.11,17.34,17.34,0.23,1,-2,-0.002,True,False,False,False,False,True,1,False,False,False,1070
RU000A100ET6,RU000A100ET6,ДОМ.РФ 001Р-06R,RUB,Financial,Россия,Московская биржа,1,1000,1000,RUB,1005.3,1002.6,998,996.4,99.8,7.3,70.31,14.1,182,2,Variable,False,2026-11-26T00:00:00Z,2039-05-12T00:00:00+03:00,2026-12-01T00:00:00Z,14.13,,15.06,0.46,1,1.9,0.0019,True,False,False,False,False,True,1,False,False,False,997.4
RU000A10DP51,RU000A10DP51,ГТЛК БО 002P-11,RUB,Financial,Россия,Московская биржа,1,1000,1000,RUB,1018,1016.5,1010.4,1012,101.04,7.6,14.3,0,30,12,Floating,True,2026-06-30T00:00:00Z,2028-11-16T00:00:00+03:00,2028-11-16T00:00:00+03:00,17.22,15.79,15.79,2.02,1,1.4,0.0014,True,False,False,False,False,True,1,False,False,False,993
RU000A101CQ4,RU000A101CQ4,СУЭК-Финанс 001Р-05R,RUB,Industrials,Россия,Московская биржа,1,1000,1000,RUB,1085.3,1084.7,1005.7,1005.6,100.57,79.6,99.23,19.9,182,2,Variable,False,2026-07-22T00:00:00Z,2030-01-16T00:00:00+03:00,2027-01-25T00:00:00Z,19.79,,19.64,0.56,1,0.7,0.0007,True,False,False,False,False,True,1,False,False,False,1012.4
RU000A10EK06,RU000A10EK06,Сэтл Групп БО 002P-07,RUB,RealEstate,Россия,Московская биржа,1,1000,1000,RUB,1021,1019.1,1018,1023.2,101.8,0.9,13.56,16.5,30,12,Fixed,False,2026-06-15T00:00:00Z,2028-03-05T00:00:00+03:00,2028-03-05T00:00:00+03:00,16.21,16.42,16.42,1.51,1,-1.6,-0.0016,True,False,False,False,False,True,1,False,False,False,1011.4
RU000A105KR6,RU000A105KR6,Восточная Стивидорная Компания 1P-03R,RUB,Industrials,Россия,Московская биржа,1,1000,1000,RUB,961.5,960.7,957.2,952.9,95.72,4.3,56.1,11.25,182,2,Fixed,False,2026-12-01T00:00:00Z,2027-11-30T00:00:00+03:00,2027-11-30T00:00:00+03:00,11.75,15.14,15.14,1.38,1,0.9,0.0009,True,False,False,False,False,True,1,False,False,False,881.7
RU000A10BQH7,RU000A10BQH7,АйДи Коллект 001P-04,RUB,Financial,Россия,Московская биржа,1,1000,1000,RUB,1050.7,1048.6,1039,1040.4,103.9,11.8,20.75,25.25,30,12,Variable,False,2026-06-29T00:00:00Z,2029-05-14T00:00:00+03:00,2027-05-28T00:00:00Z,24.3,,22.76,0.85,1,1.5,0.0014,True,False,False,False,False,True,1,False,False,False,1015
RU000A102LF6,RU000A102LF6,Пионер-Лизинг БО-П04,RUB,Financial,Россия,Московская биржа,1,1000,1000,RUB,1064.6,1054.5,986.6,994.9,98.66,67.5,69.81,28,91,4,Variable,False,2026-06-19T00:00:00Z,2030-12-13T00:00:00+03:00,2026-09-11T00:00:00Z,28.38,,31.74,2.52,1,-10.4,-0.0104,True,False,False,False,False,True,1,False,False,False,999.9
RU000A108Z93,RU000A108Z93,ВТБ Лизинг 001Р-МБ-01,RUB,Other,Россия,Московская биржа,1,1000,1000,RUB,1009.5,1008,1001.2,1000.8,100.12,6.8,14.59,17.75,30,12,Fixed,False,2026-07-02T00:00:00Z,2026-07-02T00:00:00+03:00,2026-07-02T00:00:00+03:00,17.73,16,16,0.04,1,0.0,0,True,False,False,False,False,True,1,False,False,False,1005.9
RU000A10B4J5,RU000A10B4J5,Полипласт П02-БО-03,RUB,Materials,Россия,Московская биржа,1,7190.77,100,USD,7413.7557777,7397.59092674,7408.1469771,7393.48499707,103.023,5.752616,81.26,13.7,30,12,Fixed,False,2026-06-15T00:00:00Z,2027-03-11T00:00:00+03:00,2027-03-11T00:00:00+03:00,13.3,9.89,9.89,0.7,1,9.94483491,0.0013,True,False,False,False,False,True,1,False,False,False,7399.6618685
RU000A10BRR4,RU000A10BRR4,РусГидро БО-002Р-06,RUB,Utilities,,Московская биржа,1,1000,1000,RUB,1009,1007.5,1003,1002.1,100.3,5.4,13.44,0,30,12,Floating,True,2026-07-06T00:00:00Z,2027-05-30T00:00:00+03:00,2027-05-30T00:00:00+03:00,16.3,15.65,15.65,0.89,1,-0.4,-0.0004,True,False,False,False,False,True,1,False,False,False,1001
RU000A10DT08,RU000A10DT08,Газпром капитал БО-003Р-20,RUB,Energy,Россия,Московская биржа,1,10606.4,1000,CNY,10983.139328,10663.1654528,10977.517936,10662.9745376,103.499,6.469904,64.49,7.4,30,12,Fixed,False,2026-06-15T00:00:00Z,2029-02-27T00:00:00+03:00,2029-02-27T00:00:00+03:00,7.15,6.16,6.16,2.46,1,52.9365424,0.0048,True,False,False,False,False,True,1,False,False,False,10791.9907872
RU000A108U72,RU000A108U72,Первое клиентское бюро 001Р-05,RUB,Financial,Россия,Московская биржа,1,1000,1000,RUB,1007.5,1005.4,994.1,993.1,99.41,13.4,14.38,0,30,12,Floating,True,2026-06-18T00:00:00Z,2028-06-07T00:00:00+03:00,2028-06-07T00:00:00+03:00,17.6,17.75,17.75,0.93,1,0.0,0,True,False,False,False,False,True,1,False,False,False,950.1
RU000A10BTT6,RU000A10BTT6,Универсальная лизинговая компания УЛК 001Р-01,RUB,Other,,Московская биржа,1,1000,1000,RUB,1051.8,1051.3,1050.5,1053,105.05,1.3,20.14,24.5,30,12,Fixed,False,2026-06-15T00:00:00Z,2027-06-09T00:00:00+03:00,2027-06-09T00:00:00+03:00,23.32,20.54,20.54,0.88,1,-5.9,-0.0056,True,False,False,False,False,True,1,False,False,False,1046.1
RU000A108GR8,RU000A108GR8,Ростелеком 001P-07R,RUB,Telecom,Россия,Московская биржа,1,1000,1000,RUB,1011.9,1011.2,1000.7,1000.1,100.07,11.2,39.14,0,91,4,Floating,True,2026-08-20T00:00:00Z,2027-05-20T00:00:00+03:00,2027-05-20T00:00:00+03:00,15.69,14.79,14.79,0.87,1,0.0,0,True,False,False,False,False,True,1,False,False,False,980
RU000A10BUK3,RU000A10BUK3,ИКС 5 Финанс 003P-12,RUB,Consumer,,Московская биржа,1,1000,1000,RUB,1043.7,1042.2,1031.7,1034.5,103.17,10.7,12.78,15.55,30,12,Variable,False,2026-06-22T00:00:00Z,2035-06-04T00:00:00+03:00,2028-02-16T00:00:00Z,15.07,,14.28,1.47,1,-4.5,-0.0043,True,False,False,False,False,True,1,False,False,False,1014.4
RU000A10E2B3,RU000A10E2B3,Совком Экспресс 001P-01,RUB,Financial,Россия,Московская биржа,1,1000,1000,RUB,1053.3,1051,1040.8,1041.6,104.08,10.2,16.03,19.5,30,12,Variable,False,2026-06-29T00:00:00Z,2029-12-08T00:00:00+03:00,2027-12-22T00:00:00Z,18.74,,17.75,1.32,1,-2.5,-0.0024,True,False,False,False,False,True,1,True,False,False,1037.9
RU000A105MP6,RU000A105MP6,Домодедово Фьюэл Фасилитис 002Р-01,RUB,Industrials,Россия,Московская биржа,1,1000,1000,RUB,996.5,992.6,992.5,997,99.25,0,91.66,0,182,2,Floating,True,2026-06-16T00:00:00Z,2026-12-15T00:00:00+03:00,2026-12-15T00:00:00+03:00,18.52,19.09,19.09,0.5,1,-3.6,-0.0036,True,False,False,False,False,True,1,False,False,False,921.2
RU000A106LL5,RU000A106LL5,ВЭБ.РФ ПБО-002Р-37,RUB,Financial,Россия,Московская биржа,1,1000,1000,RUB,998.8,997,993.1,992.3,99.31,5.7,,0,91,4,Floating,True,2026-09-02T00:00:00Z,2032-08-25T00:00:00+03:00,2032-08-25T00:00:00+03:00,16.56,15.31,15.31,4.19,1,0.6,0.0006,True,False,False,False,False,True,1,False,False,False,949.5
RU000A104A39,RU000A104A39,ИНК-Капитал 001Р-01,RUB,Materials,Россия,Московская биржа,1,1000,1000,RUB,991.1,985.3,990,983,99,1.1,51.11,10.25,182,2,Fixed,False,2026-06-15T00:00:00Z,2026-12-11T00:00:00+03:00,2026-12-11T00:00:00+03:00,10.35,12.81,12.81,0.49,1,5.5,0.0056,True,False,False,False,False,True,1,False,False,False,888.5
RU000A10DQK7,RU000A10DQK7,АБЗ-1 002P-05,RUB,Industrials,Россия,Московская биржа,1,1000,1000,RUB,1004.9,1003.1,1001.7,999.9,100.17,3.2,16.03,0,30,12,Floating,True,2026-07-10T00:00:00Z,2028-11-26T00:00:00+03:00,2028-11-26T00:00:00+03:00,19.47,18.84,18.84,1.56,1,1.8,0.0018,True,False,False,False,False,True,1,False,False,False,993.8
RU000A10CZC7,RU000A10CZC7,Аэрофьюэлз002Р-06,RUB,Energy,Россия,Московская биржа,1,1000,1000,RUB,1055.8,1055.1,1019.6,1012.8,101.96,35.5,45.5,18.25,91,4,Fixed,False,2026-07-06T00:00:00Z,2027-10-04T00:00:00+03:00,2027-10-04T00:00:00+03:00,17.9,17.59,17.59,1.15,1,2.4,0.0024,True,False,False,False,False,True,1,False,False,False,994
RU000A105X80,RU000A105X80,ВымпелКом 001Р-08,RUB,Telecom,Россия,Московская биржа,1,1000,1000,RUB,883.3,883.2,869.8,867.8,86.98,13.4,20,8.02,91,4,Fixed,False,2026-07-16T00:00:00Z,2029-03-09T00:00:00+03:00,2029-03-09T00:00:00+03:00,9.22,14.56,14.56,2.42,1,0.6,0.0007,True,False,False,False,False,True,1,False,False,False,775.4
RU000A105KB0,RU000A105KB0,ГТЛК БО 002P-02,RUB,Financial,Россия,Московская биржа,1,1000,1000,RUB,984.1,982,977.4,978,97.74,4.5,29.17,11.7,91,4,Variable,False,2026-09-01T00:00:00Z,2037-11-17T00:00:00+03:00,2026-12-04T00:00:00Z,11.97,,17.89,0.46,1,-2.4,-0.0024,True,False,False,False,False,True,1,False,False,False,900.7
RU000A10DDU4,RU000A10DDU4,Магнит БО-005Р-04,RUB,Consumer,Россия,Московская биржа,1,1000,1000,RUB,1004.8,1002.6,1002.2,1001.8,100.22,2.6,13.07,0,30,12,Floating,True,2026-07-10T00:00:00Z,2027-11-02T00:00:00+03:00,2027-11-02T00:00:00+03:00,15.87,14.83,14.83,1.25,1,3.4,0.0034,True,False,False,False,False,True,1,False,False,False,1008.9
RU000A10DFN4,RU000A10DFN4,МТС 002Р-14,RUB,Telecom,Россия,Московская биржа,1,1000,1000,RUB,1006.3,1006.2,1005.7,1005,100.57,0.5,13.36,0,30,12,Floating,True,2026-06-15T00:00:00Z,2030-10-22T00:00:00+03:00,2028-11-07T00:00:00Z,16.16,,14.77,2.04,1,0.2,0.0002,True,False,False,False,False,True,1,False,False,False,1000
RU000A0ZZY59,RU000A0ZZY59,Россельхозбанк 11В1,RUB,Financial,Россия,Московская биржа,1,71907.7,1000,USD,66702.9487663,62892.9192818,64622.5870976,64622.5870976,89.8688,141.658169,3227.22,9,182,2,Variable,False,2026-12-07T00:00:00Z,,2028-12-04T00:00:00Z,10.01,,10.01,3.03,1,0.0,0,False,True,False,True,True,True,1,True,False,False,73239.2867886
RU000A0ZYT40,RU000A0ZYT40,Роснефть 002P-04,RUB,Energy,Россия,Московская биржа,1,1000,1000,RUB,991.8,991.7,963.1,967.9,96.31,28.7,39.89,8,182,2,Variable,False,2026-08-06T00:00:00Z,2028-02-03T00:00:00+03:00,2027-02-09T00:00:00Z,8.31,,14.58,0.63,1,-1.9,-0.002,True,False,False,False,False,True,1,False,False,False,972.4
RU000A107GJ7,RU000A107GJ7,ВсеИнструменты.ру 001Р-01,RUB,Consumer,Россия,Московская биржа,1,1000,1000,RUB,1003.3,1003.2,1001.3,1001.4,100.13,1.9,13.97,0,30,12,Floating,True,2026-06-15T00:00:00Z,2026-12-09T00:00:00+03:00,2026-12-09T00:00:00+03:00,16.98,17.04,17.04,0.47,1,-1,-0.001,True,False,False,False,False,True,1,False,False,False,947.9
RU000A10EBE0,RU000A10EBE0,Ростелеком 001P-23R,RUB,Telecom,Россия,Московская биржа,1,1000,1000,RUB,1032.3,1031.3,1020.8,1014.5,102.08,11.2,11.96,14.55,30,12,Fixed,False,2026-06-18T00:00:00Z,2028-02-08T00:00:00+03:00,2028-02-08T00:00:00+03:00,14.25,13.96,13.96,1.46,1,-5,-0.0049,True,False,False,False,False,True,1,False,False,False,1013.9
RU000A10ERV0,RU000A10ERV0,Магнит БО-006Р-02,RUB,Consumer,Россия,Московская биржа,1,1000,1000,RUB,1003.1,1002.9,998.8,998.9,99.88,4.4,13.07,0,30,12,Floating,True,2026-07-06T00:00:00Z,2028-09-23T00:00:00+03:00,2028-09-23T00:00:00+03:00,15.92,14.74,14.74,1.95,1,-1.2,-0.0012,True,False,False,False,False,True,1,False,False,False,999.9
RU000A10ES57,RU000A10ES57,Газпром капитал БО-003Р-24,RUB,Energy,Россия,Московская биржа,1,1000,1000,RUB,1017.5,1015.3,1013.6,1011.2,101.36,4,13.15,0,30,12,Floating,True,2026-07-07T00:00:00Z,2029-04-22T00:00:00+03:00,2029-04-22T00:00:00+03:00,15.79,16.57,16.57,2.3,1,2.6,0.0026,True,False,False,False,False,True,1,False,False,False,1000.8
RU000A106R53,RU000A106R53,Автодор БО-005Р-03,RUB,Industrials,Россия,Московская биржа,1,1000,1000,RUB,1008.9,1007.4,997.6,997.8,99.76,11.3,30.34,12.17,91,4,Fixed,False,2026-08-12T00:00:00Z,2026-08-12T00:00:00+03:00,2026-08-12T00:00:00+03:00,12.2,14.39,14.39,0.16,1,-0.9,-0.0009,True,False,False,False,False,True,1,False,False,False,950.5
RU000A10DPB8,RU000A10DPB8,КАМАЗ БО-П19,RUB,Industrials,Россия,Московская биржа,1,1000,1000,RUB,1000.1,998,991.2,991.7,99.12,7.6,14.18,0,30,12,Floating,True,2026-06-30T00:00:00Z,2027-11-22T00:00:00+03:00,2027-11-22T00:00:00+03:00,17.4,17.35,17.35,1.28,1,0.4,0.0004,True,False,False,False,False,True,1,False,False,False,997
RU000A10E7W8,RU000A10E7W8,Металлоинвест 002P-04,RUB,Industrials,Россия,Московская биржа,1,1000,1000,RUB,1002.7,1000.4,997.3,999.5,99.73,3.1,13.44,0,30,12,Floating,True,2026-07-09T00:00:00Z,2030-02-08T00:00:00+03:00,2030-02-08T00:00:00+03:00,16.39,15.35,15.35,2.85,1,-2.6,-0.0026,True,False,False,False,False,True,1,False,False,False,999
RU000A107GV2,RU000A107GV2,Совкомбанк Лизинг 001Р-01,RUB,Industrials,Россия,Московская биржа,1,250.3,250.3,RUB,261.91392,261.33823,252.60276,251.8018,100.92,9.66158,10.45,16.75,91,4,Fixed,False,2026-06-23T00:00:00Z,2026-12-22T00:00:00+03:00,2026-12-22T00:00:00+03:00,16.6,13.82,13.82,0.26,1,0.0,0,False,True,False,False,False,True,1,False,False,False,242.0401
RU000A107ST1,RU000A107ST1,Аренза-Про 001P-04,RUB,Financial,Россия,Московская биржа,1,1000,1000,RUB,1005.8,1004.2,997.2,1000,99.72,6.9,15.29,18,31,12,Variable,False,2026-07-03T00:00:00Z,2029-03-21T00:00:00+03:00,2026-07-08T00:00:00Z,18.05,,25.22,0.06,1,-4.3,-0.0043,True,False,False,False,False,True,1,False,False,False,942.8
RU000A1040E8,RU000A1040E8,Цифра брокер П01-02,RUB,Financial,Россия,Московская биржа,1,71907.7,1000,USD,71448.5693355,69884.1454143,69420.1969339,69887.0217223,96.5407,422.817276,985.85,5.5,91,4,Fixed,False,2026-08-07T00:00:00Z,2026-11-06T00:00:00+03:00,2026-11-06T00:00:00+03:00,5.7,15.56,15.56,1.32,1,-244.6299954,-0.0035,False,True,False,False,False,True,1,False,False,False,66945.9967923
RU000A10CSX8,RU000A10CSX8,ИКС 5 Финанс 003P-14,RUB,Consumer,Россия,Московская биржа,1,1000,1000,RUB,1010,1007.5,996.9,1000,99.69,10.7,12.86,0,30,12,Floating,True,2026-06-22T00:00:00Z,2035-09-02T00:00:00+03:00,2028-09-13T00:00:00Z,15.7,,14.58,1.92,1,-0.2,-0.0002,True,False,False,False,False,True,1,False,False,False,999
RU000A102952,RU000A102952,ВИС ФИНАНС БО-П01,RUB,Financial,Россия,Московская биржа,1,1000,1000,RUB,967,963.5,943.4,935.8,94.34,17.3,24.93,10,91,4,Variable,False,2026-07-14T00:00:00Z,2027-10-12T00:00:00+03:00,2027-10-12T00:00:00+03:00,10.6,15.62,15.62,1.23,1,-3.4,-0.0036,True,False,False,False,False,True,1,False,False,False,829.4
RU000A107GX8,RU000A107GX8,АФК Система БО 001Р-27,RUB,Financial,Россия,Московская биржа,1,1000,1000,RUB,967,966,929.5,929.9,92.95,37.6,,0,91,4,Floating,True,2026-06-23T00:00:00Z,2027-12-21T00:00:00+03:00,2027-12-21T00:00:00+03:00,18.75,21.39,21.39,1.32,1,0.0,0,True,False,False,False,False,True,1,False,False,False,848.4
RU000A109KC0,RU000A109KC0,ИКС 5 Финанс 003P-06,RUB,Consumer,Россия,Московская биржа,1,1000,1000,RUB,1028.4,1025.9,1016.3,1013.9,101.63,8.7,11.84,14.4,30,12,Variable,False,2026-06-24T00:00:00Z,2035-11-04T00:00:00+03:00,2027-11-19T00:00:00Z,14.17,,13.97,1.29,1,0.1,0.0001,True,False,False,False,False,True,1,False,False,False,999.3
RU000A10EW44,RU000A10EW44,Полюс ПБО-05,RUB,Materials,Россия,Московская биржа,1,71907.7,1000,USD,75518.8327863,74952.4158334,75521.8529097,75424.5617916,105.0261,0,458.05,7.75,30,12,Variable,False,2026-06-16T00:00:00Z,2031-03-22T00:00:00+03:00,2030-04-01T00:00:00Z,7.38,,6.44,3.32,1,-0.3595385,-4.760698718229477e-06,True,False,False,False,False,True,1,False,False,False,72988.8322695
RU000A101Q26,RU000A101Q26,АФК Система БО 001P-13,RUB,Financial,Россия,Московская биржа,1,1000,1000,RUB,1004.7,1004.4,993,991,99.3,11.8,79.78,16,182,2,Variable,False,2026-11-18T00:00:00Z,2030-05-15T00:00:00+03:00,2026-11-23T00:00:00Z,16.11,,18.42,0.44,1,5.6,0.0057,True,False,False,False,False,True,1,False,False,False,979.9
RU000A10C5T0,RU000A10C5T0,Гидромашсервис 001Р-04,RUB,Consumer,Россия,Московская биржа,1,1000,1000,RUB,1039.8,1036.8,1023.8,1026,102.38,13,13.97,17,30,12,Variable,False,2026-06-18T00:00:00Z,2035-07-01T00:00:00+03:00,2027-07-16T00:00:00Z,16.6,,15.63,0.98,1,-0.6,-0.0006,True,False,False,False,False,True,1,False,False,False,1024.9
RU000A107GU4,RU000A107GU4,МФК Быстроденьги 002Р-04,RUB,Financial,Россия,Московская биржа,1,1000,1000,RUB,1014.4,1010.6,1012.5,1013.5,101.25,1.9,18.49,22.5,30,12,Variable,False,2026-06-15T00:00:00Z,2027-06-08T00:00:00+03:00,2027-06-08T00:00:00+03:00,22.22,23.23,23.23,0.88,1,4.6,0.0046,True,False,False,False,False,True,1,True,False,False,1026.6
RU000A10B3S8,RU000A10B3S8,Аэрофьюэлз-002Р-04,RUB,Energy,Россия,Московская биржа,1,1000,1000,RUB,1119.6,1117.1,1059.8,1059.7,105.98,59.7,61.71,24.75,91,4,Fixed,False,2026-06-19T00:00:00Z,2027-03-19T00:00:00+03:00,2027-03-19T00:00:00+03:00,23.35,17.2,17.2,0.68,1,0.8,0.0008,True,False,False,False,False,True,1,False,False,False,1044.6
RU000A107CX7,RU000A107CX7,ГТЛК ЗО28-Д,RUB,Financial,Россия,Московская биржа,1,71907.7,1000,USD,70930.5462647,70254.8296078,69199.8717411,69066.1234191,96.2343,1054.885959,1725.78,4.8,181,2,Fixed,False,2026-08-26T00:00:00Z,2028-02-26T00:00:00+03:00,2028-02-26T00:00:00+03:00,4.99,7.3,7.3,1.63,1,0.0,0,False,True,False,False,False,True,1,False,False,False,67133.8916124
RU000A10BQ03,RU000A10BQ03,Спектр БО-02,RUB,Other,Россия,Московская биржа,1,1000,1000,RUB,1078.6,1077.6,1061,1064.7,106.1,16.6,22.6,27.5,30,12,Fixed,False,2026-06-24T00:00:00Z,2027-05-20T00:00:00+03:00,2027-05-20T00:00:00+03:00,25.92,22.2,22.2,0.82,1,-5.9,-0.0055,True,False,False,False,False,True,1,False,False,False,1019.9
RU000A10F6G2,RU000A10F6G2,Первое клиентское бюро 001Р-11,RUB,Financial,Россия,Московская биржа,1,1000,1000,RUB,1002.4,999.8,998.8,999.9,99.88,1,14.79,0,30,12,Floating,True,2026-06-15T00:00:00Z,2029-06-28T00:00:00+03:00,2029-06-28T00:00:00+03:00,18.02,17.13,17.13,2.33,1,-1.2,-0.0012,True,False,False,False,False,True,1,False,False,False,998.8
RU000A10C5P8,RU000A10C5P8,ПИР БО-04-001P,RUB,Industrials,Россия,Московская биржа,1,1000,1000,RUB,1062.8,1060.4,1038.4,1038.8,103.84,21.9,23.42,28.5,30,12,Fixed,False,2026-06-18T00:00:00Z,2028-07-07T00:00:00+03:00,2028-07-07T00:00:00+03:00,27.45,28.36,28.36,1.16,1,0.8,0.0008,True,False,False,False,False,True,1,False,False,False,983
BYM000002410,BYM000002410,Республика Беларусь 344 24.02.2031,RUB,Government,Беларусь,Московская биржа,1,71907.7,1000,USD,78042.9368717,,72986.3155,72986.3155,101.5,1407.3055967,2274.44,6.378,181,2,Fixed,False,2026-08-24T00:00:00Z,2031-02-24T00:00:00+03:00,2031-02-24T00:00:00+03:00,6.28,6.1,6.1,4.06,1,0.0,0,False,True,False,False,False,True,1,False,False,False,70829.0845
RU000A108KU4,RU000A108KU4,А101 БО-001Р-01,RUB,RealEstate,Россия,Московская биржа,1,1000,1000,RUB,1042,1039.2,1029.9,1032.9,102.99,12.1,13.97,17,30,12,Fixed,False,2026-06-22T00:00:00Z,2027-05-16T00:00:00+03:00,2027-05-16T00:00:00+03:00,16.51,14.37,14.37,0.84,1,0.6,0.0006,True,False,False,False,False,True,1,False,False,False,997.3
RU000A109DV5,RU000A109DV5,Интерлизинг 001Р-09,RUB,Financial,Россия,Московская биржа,1,600,600,RUB,601.86,601.44,595.56,595.98,99.26,5.88,8.43,17.1,30,12,Floating,True,2026-06-25T00:00:00Z,2027-08-19T00:00:00+03:00,2027-08-19T00:00:00+03:00,17.23,18.61,18.61,0.56,1,-0.48,-0.0008,True,False,False,False,False,True,1,False,False,False,576.24
RU000A101QN1,RU000A101QN1,Газпром капитал БО-001Р-04,RUB,Energy,Россия,Московская биржа,1,1000,1000,RUB,939.7,939.3,936.3,934.7,93.63,3.4,29.42,5.9,182,2,Fixed,False,2026-11-24T00:00:00Z,2027-05-25T00:00:00+03:00,2027-05-25T00:00:00+03:00,6.3,13.77,13.77,0.93,1,-0.7,-0.0007,True,False,False,False,False,True,1,False,False,False,830
RU000A105DL4,RU000A105DL4,Новые Технологии БO-01,RUB,Materials,Россия,Московская биржа,1,1000,1000,RUB,1030.1,1029.2,1009,1007.6,100.9,20.1,87.26,17.5,182,2,Variable,False,2026-11-03T00:00:00Z,2027-11-02T00:00:00+03:00,2027-11-02T00:00:00+03:00,17.34,17.39,17.39,1.27,1,-0.5,-0.0005,True,False,False,False,False,True,1,False,False,False,959
RU000A109KW8,RU000A109KW8,Нижнекамскнефтехим 001P-03,RUB,Materials,Россия,Московская биржа,1,1000,1000,RUB,1002.7,1002.5,1000.8,1000.9,100.08,1.7,12.9,15.7,30,12,Floating,True,2026-06-15T00:00:00Z,2031-08-15T00:00:00+03:00,2028-03-09T00:00:00Z,15.69,,14.54,1.54,1,0.3,0.0003,True,False,False,False,False,True,1,False,False,False,978.3
RU000A0ZYVU5,RU000A0ZYVU5,Роснефть 002P-05,RUB,Energy,Россия,Московская биржа,1,1000,1000,RUB,964.8,964.5,936,936.8,93.6,28.6,44.88,9,182,2,Variable,False,2026-08-21T00:00:00Z,2028-02-18T00:00:00+03:00,2028-02-18T00:00:00+03:00,9.62,13.81,13.81,1.55,1,-3.4,-0.0036,True,False,False,False,False,True,1,False,False,False,857.4
RU000A10AEG7,RU000A10AEG7,Полипласт П02-БО-01,RUB,Materials,Россия,Московская биржа,1,1000,1000,RUB,1016.4,1013.7,1011.4,1013.9,101.14,1.7,16.85,0,30,12,Floating,True,2026-06-15T00:00:00Z,2029-11-24T00:00:00+03:00,2026-12-15T00:00:00Z,20.27,,18.66,0.48,1,-4.7,-0.0046,True,False,False,False,False,True,1,False,False,False,1004.5
RU000A10B4U2,RU000A10B4U2,СИБУР Холдинг 001Р-04,RUB,Energy,Россия,Московская биржа,1,1000,1000,RUB,1022.4,1022,1008.3,1008.7,100.83,13.5,13.97,0,30,12,Floating,True,2026-06-17T00:00:00Z,2032-03-17T00:00:00+03:00,2032-03-17T00:00:00+03:00,16.86,,15.88,3.49,1,-0.5,-0.0005,True,False,False,False,False,True,1,False,False,False,1009.8
RU000A10B2X0,RU000A10B2X0,Синара Транспортные Машины1P5,RUB,Industrials,Россия,Московская биржа,1,1000,1000,RUB,1013.4,1013.1,1012.3,1011,101.23,1.1,16.03,0,30,12,Floating,True,2026-06-15T00:00:00Z,2027-03-11T00:00:00+03:00,2027-03-11T00:00:00+03:00,19.26,17.93,17.93,0.69,1,-0.4,-0.0004,True,False,False,False,False,True,1,False,False,False,1012.2
RU000A10CH11,RU000A10CH11,Полипласт П02-БО-09,RUB,Materials,Россия,Московская биржа,1,7190.77,100,USD,7420.155563,7412.99355608,7356.15771,7291.21067536,102.3,63.997853,66.16,11.25,30,12,Fixed,False,2026-06-17T00:00:00Z,2028-02-07T00:00:00+03:00,2028-02-07T00:00:00+03:00,11,10.12,10.12,1.5,1,7.15481615,0.001,False,True,False,False,False,True,1,False,False,False,7339.31692666
RU000A10DJY3,RU000A10DJY3,ПР-Лизинг 003Р-01,RUB,Other,Россия,Московская биржа,1,7190.77,100,USD,7419.42929523,7321.81459248,7369.6763576,7356.15771,102.488,52.492621,85.57,14,31,12,Fixed,False,2026-06-29T00:00:00Z,2028-06-28T00:00:00+03:00,2028-06-28T00:00:00+03:00,13.66,12.04,12.04,0.95,1,0.0,0,False,True,False,False,False,True,1,False,False,False,7140.43461
RU000A108N55,RU000A108N55,Альфа-Банк ЗО-500,RUB,Financial,Россия,Московская биржа,1,71907.7,1000,USD,58632.819503,57554.2759107,57094.4980769,57094.5699846,79.3997,747.121003,1461.16,8.128,91,4,Variable,False,2026-07-30T00:00:00Z,,2026-07-30T00:00:00Z,10.24,,10.24,8.03,1,0.0,0,False,True,False,False,True,True,1,True,False,False,60288.7819263
RU000A10EAM5,RU000A10EAM5,ГТЛК БО 001P-22,RUB,Financial,Россия,Московская биржа,1,7190.77,100,USD,7676.146975,7640.193125,7622.2162,7591.33184285,106,53.930775,56.09,9.5,30,12,Fixed,False,2026-06-17T00:00:00Z,2029-08-30T00:00:00+03:00,2029-08-30T00:00:00+03:00,8.96,7.54,7.54,2.65,1,0.719077,0.0001,True,False,False,False,False,True,1,False,False,False,7478.15631382
RU000A107AM4,RU000A107AM4,Альфа-Банк Б2Р25,RUB,Financial,Россия,Московская биржа,1,1000,1000,RUB,1008.3,1006.5,1001.5,999.7,100.15,6.9,33.03,13.25,91,4,Fixed,False,2026-08-27T00:00:00Z,2026-11-26T00:00:00+03:00,2026-11-26T00:00:00+03:00,13.23,13.51,13.51,0.44,1,2.2,0.0022,True,False,False,False,False,True,1,False,False,False,955.9
RU000A10DSY4,RU000A10DSY4,Совко Капитал 001Р-01,RUB,Financial,Россия,Московская биржа,1,1000,1000,RUB,1044.3,1042.1,1040.3,1047.8,104.03,1.6,15.62,19,30,12,Fixed,False,2026-06-15T00:00:00Z,2029-11-24T00:00:00+03:00,2029-11-24T00:00:00+03:00,18.26,,17.65,1.97,1,-6.4,-0.0061,True,False,False,False,False,True,1,False,False,False,1060
RU000A10BQK1,RU000A10BQK1,СФО ВТБ РКС Эталон 05,RUB,Financial,Россия,Московская биржа,1,477.23,477.23,RUB,517.126428,516.171968,512.163236,513.881264,107.32,3.961009,8.6,21.7,30,12,Fixed,False,2026-07-02T00:00:00Z,2032-12-02T00:00:00+03:00,2032-12-02T00:00:00+03:00,20.22,9.73,9.73,0.58,1,1.765751,0.0035,True,False,False,False,False,True,1,False,False,False,508.24995
RU000A0JX5W4,RU000A0JX5W4,Альфа-Банк БО-18,RUB,Financial,Россия,Московская биржа,1,1000,1000,RUB,1069.4,1067.9,1004.9,1004.2,100.49,63.1,74.05,14.85,182,2,Variable,False,2026-07-13T00:00:00Z,2032-01-05T00:00:00+03:00,2027-01-13T00:00:00Z,14.78,,14.37,0.54,1,-1.5,-0.0015,True,False,False,False,False,True,1,False,False,False,1018.8
RU000A105GW4,RU000A105GW4,Банк ГПБ БО 001Р-22Р,RUB,Energy,Россия,Московская биржа,1,1000,1000,RUB,1069,1068.1,1057,1058.3,105.7,11,88.22,17.5,184,2,Variable,False,2026-11-24T00:00:00Z,2032-11-24T00:00:00+03:00,2028-05-29T00:00:00Z,16.56,,14.54,1.73,1,-0.1,-0.0001,True,False,False,False,False,True,1,False,False,False,1021.5
RU000A1087A7,RU000A1087A7,ЭР-Телеком Холдинг ПБО-02-06,RUB,Telecom,Россия,Московская биржа,1,1000,1000,RUB,1004.4,1003.1,996.2,997.4,99.62,7.4,12.33,15,30,12,Variable,False,2026-06-29T00:00:00Z,2027-03-25T00:00:00+03:00,2027-03-25T00:00:00Z,15.06,,16.68,0.73,1,-0.1,-0.0001,True,False,False,False,False,True,1,False,False,False,956.1
RU000A10EQ75,RU000A10EQ75,ЕвразХолдинг Финанс 003P-06,RUB,Materials,Россия,Московская биржа,1,1000,1000,RUB,1011,1009,1001,1002.8,100.1,8,13.32,0,30,12,Floating,True,2026-06-29T00:00:00Z,2029-03-14T00:00:00+03:00,2029-03-14T00:00:00+03:00,16.18,14.95,14.95,2.27,1,1,0.001,True,False,False,False,False,True,1,False,False,False,999.5
RU000A108CC9,RU000A108CC9,Первое клиентское бюро 001Р-04,RUB,Financial,Россия,Московская биржа,1,668,668,RUB,685.7688,684.2992,667.7996,668.4676,99.97,16.4996,28.31,17,91,4,Fixed,False,2026-07-24T00:00:00Z,2027-04-23T00:00:00+03:00,2027-04-23T00:00:00+03:00,17.01,18.14,18.14,0.45,1,0.334,0.0005,True,False,False,False,False,True,1,False,False,False,640.5452
RU000A104SX0,RU000A104SX0,РЖД БО 001Р-24R,RUB,Industrials,Россия,Московская биржа,1,1000,1000,RUB,1008.2,1007.6,993.2,991.7,99.32,15,59.19,11.87,182,2,Fixed,False,2026-10-30T00:00:00Z,2027-04-30T00:00:00+03:00,2027-04-30T00:00:00+03:00,11.95,13.08,13.08,0.84,1,0.6,0.0006,True,False,False,False,False,True,1,False,False,False,931.2
RU000A10DCJ9,RU000A10DCJ9,Ростелеком 001P-21R,RUB,Telecom,Россия,Московская биржа,1,1000,1000,RUB,1014,1010.8,1007.5,1006.5,100.75,7.4,13.11,0,30,12,Floating,True,2026-06-29T00:00:00Z,2027-10-22T00:00:00+03:00,2027-10-22T00:00:00+03:00,15.83,14.43,14.43,1.22,1,0.0,0,True,False,False,False,False,True,1,False,False,False,999.1
RU000A101FG8,RU000A101FG8,Ростелеком 002P-02R,RUB,Telecom,Россия,Московская биржа,1,1000,1000,RUB,990.2,988.5,965.7,958.1,96.57,22.8,33.16,6.65,182,2,Fixed,False,2026-08-12T00:00:00Z,2027-02-10T00:00:00+03:00,2027-02-10T00:00:00+03:00,6.89,12.6,12.6,0.64,1,1.7,0.0018,True,False,False,False,False,True,1,False,False,False,859.7
RU000A105104,RU000A105104,РУСАЛ БО-05,CNY,Materials,Россия,Московская биржа,1,1000,1000,CNY,1032.466,1030.474,1001,1002.869,100.1,30.47,39.89,8,182,2,Variable,False,2026-07-29T00:00:00Z,2027-07-28T00:00:00+03:00,2026-08-03T00:00:00Z,7.99,,7.26,0.13,1,0.0,0,True,False,False,False,False,True,1,False,False,False,1004.73
RU000A109312,RU000A109312,МТС 002P-06,RUB,Telecom,Россия,Московская биржа,1,1000,1000,RUB,1013.3,1013.2,989.7,991.1,98.97,23.5,39.53,0,91,4,Floating,True,2026-07-23T00:00:00Z,2028-07-20T00:00:00+03:00,2028-07-20T00:00:00+03:00,16.02,15.02,15.02,1.81,1,-0.8,-0.0008,True,False,False,False,False,True,1,False,False,False,950
RU000A10ET56,RU000A10ET56,Россети Сибирь 001Р-01,RUB,Utilities,Россия,Московская биржа,1,1000,1000,RUB,1008.9,1007.8,1007.1,1005.9,100.71,1.8,13.32,0,30,12,Floating,True,2026-06-15T00:00:00Z,2029-03-28T00:00:00+03:00,2029-03-28T00:00:00+03:00,16.09,14.65,14.65,2.31,1,-0.5,-0.0005,True,False,False,False,False,True,1,False,False,False,1000.6
RU000A103NU9,RU000A103NU9,Автодор БО-004Р-01,RUB,Industrials,Россия,Московская биржа,1,1000,1000,RUB,1009,1007.2,987.6,987.8,98.76,21.4,39.64,7.95,182,2,Fixed,False,2026-09-08T00:00:00Z,2026-09-08T00:00:00+03:00,2026-09-08T00:00:00+03:00,8.05,13.91,13.91,0.23,1,0.6,0.0006,True,False,False,False,False,True,1,False,False,False,899.6
RU000A10C6U6,RU000A10C6U6,МГКЛ 001Р-08,RUB,Financial,Россия,Московская биржа,1,1000,1000,RUB,1035.9,1033.7,1019.8,1016.8,101.98,16.1,20.96,25.5,30,12,Fixed,False,2026-06-23T00:00:00Z,2030-07-02T00:00:00+03:00,2030-07-02T00:00:00+03:00,25,27.73,27.73,2.54,0,0.6,0.0006,True,False,False,False,False,False,2,True,False,False,1130
RU000A10ASF9,RU000A10ASF9,Сибирское Стекло БО-01,RUB,Other,Россия,Московская биржа,1,900,900,RUB,925.83,923.49,912.96,910.44,101.44,12.87,21.45,29,30,12,Fixed,False,2026-06-29T00:00:00Z,2027-01-24T00:00:00+03:00,2027-01-24T00:00:00+03:00,28.59,29.35,29.35,0.48,0,-0.09,-0.0001,True,False,False,False,False,False,2,True,False,False,915.12
RU000A106SE5,RU000A106SE5,Фордевинд 04,RUB,Financial,Россия,Московская биржа,1,1000,1000,RUB,988.4,987.8,987.5,986.1,98.75,1.4,13.97,17,30,12,Fixed,False,2026-06-15T00:00:00Z,2027-02-08T00:00:00+03:00,2027-02-08T00:00:00+03:00,17.22,21.9,21.9,0.43,0,0.6,0.0006,True,False,False,False,False,False,2,True,False,False,872.8
RU000A107GT6,RU000A107GT6,СЕЛЛ-Сервис БО-01,RUB,Consumer,Россия,Московская биржа,1,1000,1000,RUB,,,999.9,999.9,99.99,2,19.73,24,30,12,Variable,False,2026-06-15T00:00:00Z,2027-12-05T00:00:00+03:00,2027-01-19T00:00:00Z,24,,26.86,0.53,0,0.0,0,True,False,False,False,False,False,2,False,False,False,1024.5
RU000A10D1J9,RU000A10D1J9,Электрорешения 001Р-02,RUB,Other,Россия,Московская биржа,1,1000,1000,RUB,1016.4,1015.4,1009,1005.9,100.9,7.4,18.49,22.5,30,12,Fixed,False,2026-07-06T00:00:00Z,2027-09-27T00:00:00+03:00,2027-09-27T00:00:00+03:00,22.3,23.98,23.98,1.12,0,0.7,0.0007,True,False,False,False,False,False,2,False,False,False,996.1
RU000A107UX9,RU000A107UX9,Газпром нефть БО 003P-11R,RUB,Energy,Россия,Московская биржа,1,1000,1000,RUB,1011.5,1009.4,1004.8,1001.3,100.48,8.5,,0,91,4,Floating,True,2026-08-26T00:00:00Z,2027-02-24T00:00:00+03:00,2027-02-24T00:00:00+03:00,16.05,14.61,14.61,0.67,0,0.0,0,True,False,False,False,False,False,2,False,False,False,989
RU000A10AG48,RU000A10AG48,АПРИ БО-002Р-08,RUB,RealEstate,Россия,Московская биржа,1,1000,1000,RUB,977.3,975,958.5,949,95.85,18.4,19.73,24,30,12,Variable,False,2026-06-18T00:00:00Z,2029-01-03T00:00:00+03:00,2029-01-03T00:00:00+03:00,25.04,30.12,30.12,1.62,0,1.6,0.0017,True,False,False,False,False,False,2,False,False,False,1066.3
RU000A10E6J7,RU000A10E6J7,Страна Девелопмент 002Р-02,RUB,RealEstate,Россия,Московская биржа,1,1000,1000,RUB,1042.9,1040.5,1028.2,1032.8,102.82,11.8,20.75,25.25,30,12,Fixed,False,2026-06-29T00:00:00Z,2027-07-24T00:00:00+03:00,2027-07-24T00:00:00+03:00,24.56,24.77,24.77,0.97,0,-3.4,-0.0033,True,False,False,False,False,False,2,False,False,False,1002.9
RU000A10EPV4,RU000A10EPV4,Симпл Солюшнз Кэпитл 001Р-02,RUB,Other,Россия,Московская биржа,1,1000,1000,RUB,992.9,990.2,980.9,981.2,98.09,12.1,17.26,21,30,12,Variable,False,2026-06-25T00:00:00Z,2036-02-03T00:00:00+03:00,2026-06-30T00:00:00Z,21.41,,5.87,0.04,0,0.9,0.0009,True,False,False,False,False,False,2,False,False,False,969.2
RU000A0JXS59,RU000A0JXS59,Почта России БО-001P-03,RUB,Other,Россия,Московская биржа,1,1000,1000,RUB,1017,1015.8,1004.1,1002,100.41,13,87.26,17.5,182,2,Variable,False,2026-11-18T00:00:00Z,2027-05-19T00:00:00+03:00,2026-11-23T00:00:00Z,17.43,,17.08,0.44,0,1.3,0.0013,True,False,False,False,False,False,2,False,False,False,927.6
RU000A10C6Z5,RU000A10C6Z5,Легенда БО 002Р-04,RUB,Consumer,,Московская биржа,1,1000,1000,RUB,1025.6,1025.5,1012.7,1013.6,101.27,12.8,16.64,20.25,30,12,Fixed,False,2026-06-23T00:00:00Z,2027-07-18T00:00:00+03:00,2027-07-18T00:00:00+03:00,20,20.68,20.68,0.97,0,-1.2,-0.0012,True,False,False,False,False,False,2,False,False,False,1023.4
RU000A109KV0,RU000A109KV0,МСП Банк 001P-02,RUB,Financial,Россия,Московская биржа,1,1000,1000,RUB,1000.8,999.7,999.1,999.7,99.91,1.9,14.18,17.25,30,12,Floating,True,2026-06-15T00:00:00Z,2029-08-25T00:00:00+03:00,2026-09-15T00:00:00Z,17.27,,18.59,0.25,0,1.2,0.0012,True,False,False,False,False,False,2,False,False,False,953.5
RU000A10ECA6,RU000A10ECA6,ЛК АдвансТрак 001Р-02,RUB,Other,Россия,Московская биржа,1,1000,1000,RUB,1024,1022.1,1006,1006.7,100.6,17.1,19.73,24,30,12,Fixed,False,2026-06-22T00:00:00Z,2031-01-25T00:00:00+03:00,2031-01-25T00:00:00+03:00,23.86,,26.53,2.49,0,-1.4,-0.0014,True,False,False,False,False,False,2,False,False,False,1003.2
RU000A10EQ83,RU000A10EQ83,ГК Самолет 002P-03,RUB,RealEstate,Россия,Московская биржа,1,1000,1000,RUB,989.8,988,979.6,969.9,97.96,10.6,17.67,21.5,30,12,Variable,False,2026-06-29T00:00:00Z,2031-03-04T00:00:00+03:00,2029-09-13T00:00:00Z,21.95,,25.16,1.79,0,3,0.0031,True,False,False,False,False,False,2,False,False,False,999.3
RU000A107S85,RU000A107S85,МФК Саммит 001Р-03,RUB,Financial,Россия,Московская биржа,1,334.4,334.4,RUB,338.71376,337.9112,335.13568,335.5704,100.22,2.508,5.36,19.5,30,12,Floating,True,2026-07-02T00:00:00Z,2027-01-28T00:00:00+03:00,2027-01-28T00:00:00+03:00,19.46,19.54,19.54,0.32,0,0.0,0,False,True,False,False,False,False,2,True,False,False,320.188
RU000A10DZH4,RU000A10DZH4,АПРИ БО-002Р-12,RUB,RealEstate,Россия,Московская биржа,1,1000,1000,RUB,1002.6,1002.3,987.4,990.7,98.74,15.1,20.55,25,30,12,Fixed,False,2026-06-24T00:00:00Z,2029-06-08T00:00:00+03:00,2029-06-08T00:00:00+03:00,25.32,28.92,28.92,1.9,0,-8.5,-0.0085,True,False,False,False,False,False,2,False,False,False,1023.5
RU000A10EN78,RU000A10EN78,Бизнес Альянс 001P-09,RUB,Financial,Россия,Московская биржа,1,1000,1000,RUB,1015.9,1015.5,1001.1,1000.4,100.11,14.8,19.32,23.5,30,12,Fixed,False,2026-06-23T00:00:00Z,2029-03-09T00:00:00+03:00,2029-03-09T00:00:00+03:00,23.47,,26.15,2.01,0,0.0,0,True,False,False,False,False,False,2,False,False,False,1001.1
RU000A10DMN0,RU000A10DMN0,реСтор 001Р-02,RUB,Consumer,Россия,Московская биржа,1,1000,1000,RUB,1044.3,1040.5,1035.5,1038.6,103.55,8.8,15.49,18.85,30,12,Fixed,False,2026-06-29T00:00:00Z,2027-11-21T00:00:00+03:00,2027-11-21T00:00:00+03:00,18.2,17.29,17.29,1.26,0,1,0.001,True,False,False,False,False,False,2,False,False,False,1006.2
RU000A10C3B3,RU000A10C3B3,МФК Быстроденьги 003Р-01,RUB,Financial,Россия,Московская биржа,1,1000,1000,RUB,1094.7,1086.1,1089.4,1083.9,108.94,3,22.19,27,30,12,Fixed,False,2026-06-15T00:00:00Z,2029-06-26T00:00:00+03:00,2029-06-26T00:00:00+03:00,24.78,,24.84,1.91,0,4.8,0.0044,True,False,False,False,False,False,2,True,False,False,1072.4
RU000A10D4W6,RU000A10D4W6,Село Зелёное 001Р-01,RUB,Consumer,Россия,Московская биржа,1,1000,1000,RUB,1013.9,1012.2,997.1,1000.9,99.71,13.1,14.05,0,30,12,Floating,True,2026-06-18T00:00:00Z,2027-04-14T00:00:00+03:00,2027-04-14T00:00:00+03:00,17.15,17.52,17.52,0.77,0,0.0,0,True,False,False,False,False,False,2,False,False,False,1024.6
RU000A1082M3,RU000A1082M3,Рекорд трейд БО-01,RUB,Energy,Россия,Московская биржа,1,1000,1000,RUB,987.7,980.7,984,971,98.4,3.8,16.44,20,30,12,Variable,False,2026-07-09T00:00:00Z,2027-03-06T00:00:00+03:00,2027-03-06T00:00:00+03:00,20.33,24.88,24.88,0.67,0,7.4,0.0076,True,False,False,False,False,False,2,False,False,False,998.9
RU000A108ZU2,RU000A108ZU2,МГКЛ 001Р-06,RUB,Financial,Россия,Московская биржа,1,1000,1000,RUB,999.8,997.2,994.3,1001.9,99.43,5.7,18.9,23,30,12,Fixed,False,2026-07-07T00:00:00Z,2029-06-21T00:00:00+03:00,2029-06-21T00:00:00+03:00,23.13,25.91,25.91,2.19,0,3.8,0.0038,True,False,False,False,False,False,2,True,False,False,1034.8
RU000A108RK0,RU000A108RK0,ТД РКС 002Р-04,RUB,Consumer,Россия,Московская биржа,1,1000,1000,RUB,1040.7,1037.4,988.1,987.6,98.81,48.2,49.86,20,91,4,Fixed,False,2026-06-19T00:00:00Z,2027-06-18T00:00:00+03:00,2027-06-18T00:00:00+03:00,20.24,23.11,23.11,0.89,0,-4.1,-0.0041,True,False,False,False,False,False,2,False,False,False,879.9
RU000A10DJS5,RU000A10DJS5,ПКО СЗА БО-05,RUB,Financial,Россия,Московская биржа,1,1000,1000,RUB,1023.1,1020.7,1004.2,1005.4,100.42,18.9,20.96,25.5,30,12,Fixed,False,2026-06-19T00:00:00Z,2028-11-05T00:00:00+03:00,2028-11-05T00:00:00+03:00,25.39,,28.41,1.78,0,-0.4,-0.0004,True,False,False,False,False,False,2,True,False,False,1003.9
RU000A1094W7,RU000A1094W7,Хромос Инжиниринг БО-02,RUB,Other,Россия,Московская биржа,1,1000,1000,RUB,875.3,873.6,858.6,860.9,85.86,12.7,15.82,19.25,30,12,Floating,True,2026-06-22T00:00:00Z,2029-07-06T00:00:00+03:00,2029-07-06T00:00:00+03:00,22.42,,26.97,2.15,0,-2.9,-0.0034,True,False,False,False,False,False,2,False,False,False,889.9
RU000A10DBS2,RU000A10DBS2,Энергоника 001Р-07,RUB,Energy,Россия,Московская биржа,1,1000,1000,RUB,997.2,996.3,985.9,976.3,98.59,11.3,18.9,23,30,12,Fixed,False,2026-06-29T00:00:00Z,2030-10-05T00:00:00+03:00,2030-10-05T00:00:00+03:00,23.33,,26.43,2.08,0,1.2,0.0012,True,False,False,False,False,False,2,False,False,False,993
RU000A10BWN3,RU000A10BWN3,ТАЛК 002P-02,RUB,Financial,,Московская биржа,1,1000,1000,RUB,973,960.7,949.5,936.6,94.95,15,21.37,26,30,12,Variable,False,2026-06-25T00:00:00Z,2030-06-04T00:00:00+03:00,2030-06-04T00:00:00+03:00,27.38,,32.4,2.15,0,3.6,0.0038,True,False,False,False,False,False,2,False,False,False,1001
RU000A106YN4,RU000A106YN4,Группа Продовольствие 001P-03,RUB,Consumer,Россия,Московская биржа,1,1000,1000,RUB,972.6,971.9,971.7,971.7,97.17,0.9,13.15,16,30,12,Fixed,False,2026-06-15T00:00:00Z,2026-09-12T00:00:00+03:00,2026-09-12T00:00:00+03:00,16.47,32.25,32.25,0.24,0,0.0,0,True,False,False,False,False,False,2,False,False,False,889.9
RU000A10FD04,RU000A10FD04,Сибирское Стекло БО-04,RUB,Other,Россия,Московская биржа,1,1000,1000,RUB,1004.6,1004.2,1000.5,1000.3,100.05,4.2,20.96,25.5,30,12,Variable,False,2026-07-10T00:00:00Z,2029-05-25T00:00:00+03:00,2027-12-13T00:00:00Z,25.49,,28.67,2.02,0,0.1,0.0001,False,True,False,False,False,False,2,True,False,False,1000.5
RU000A10B0S4,RU000A10B0S4,Кокс 001P-03,RUB,Materials,Россия,Московская биржа,1,1000,1000,RUB,999.1,985.8,984,975.9,98.4,9.4,16.64,0,30,12,Floating,True,2026-06-29T00:00:00Z,2028-02-19T00:00:00+03:00,2026-09-02T00:00:00Z,20.58,,31.17,0.21,0,1,0.001,True,False,False,False,False,False,2,False,False,False,1019.9
RU000A10ATC4,RU000A10ATC4,МГКЛ 001Р-07,RUB,Financial,Россия,Московская биржа,1,1000,1000,RUB,1122.2,1120.2,1107.9,1107.2,110.79,12.3,24.66,30,30,12,Fixed,False,2026-07-01T00:00:00Z,2030-01-11T00:00:00+03:00,2030-01-11T00:00:00+03:00,27.08,28.55,28.55,2.28,0,-1.8,-0.0016,True,False,False,False,False,False,2,True,False,False,1197.4
RU000A107SG8,RU000A107SG8,Симпл Солюшнз Кэпитл 001Р-01,RUB,Other,Россия,Московская биржа,1,1000,1000,RUB,937.1,936.2,930.4,931.3,93.04,5.8,14.38,17.5,30,12,Floating,True,2026-07-06T00:00:00Z,2033-12-24T00:00:00+03:00,2026-06-30T00:00:00Z,18.81,,19.17,0.04,0,1.2,0.0013,True,False,False,False,False,False,2,False,False,False,902.9
RU000A10A414,RU000A10A414,Первое клиентское бюро 001Р-06,RUB,Financial,Россия,Московская биржа,1,1000,1000,RUB,1019.3,1016.8,1016,1020.5,101.6,0.5,16.03,0,30,12,Floating,True,2026-06-15T00:00:00Z,2027-11-07T00:00:00+03:00,2027-11-07T00:00:00+03:00,19.2,17.67,17.67,1.11,0,0.6,0.0006,True,False,False,False,False,False,2,False,False,False,1011.4
RU000A10DPJ1,RU000A10DPJ1,Группа Продовольствие БО-02,RUB,Consumer,Россия,Московская биржа,1,1000,1000,RUB,1012.1,1009.5,1001.7,1001,100.17,10.3,20.55,25,30,12,Fixed,False,2026-07-01T00:00:00Z,2028-11-17T00:00:00+03:00,2028-11-17T00:00:00+03:00,24.96,,27.96,1.82,0,1.8,0.0018,True,False,False,False,False,False,2,False,False,False,1010
RU000A10CTG1,RU000A10CTG1,Миррико БО-П05,RUB,Materials,Россия,Московская биржа,1,1000,1000,RUB,1014.6,1011.9,995,996.6,99.5,14.8,18.49,22.5,30,12,Fixed,False,2026-06-22T00:00:00Z,2028-09-09T00:00:00+03:00,2028-09-09T00:00:00+03:00,22.61,,25.32,1.75,0,-4,-0.004,True,False,False,False,False,False,2,False,False,False,994.4
RU000A107UA7,RU000A107UA7,Банк ГПБ БО 005Р-03Р,RUB,Financial,Россия,Московская биржа,1,1000,1000,RUB,1002.8,1002.5,997.1,997.8,99.71,5.3,34.16,13.7,91,4,Variable,False,2026-09-01T00:00:00Z,2034-02-21T00:00:00+03:00,2027-06-04T00:00:00Z,13.74,,14.78,0.92,0,-0.1,-0.0001,True,False,False,False,False,False,2,False,False,False,956.4
RU000A10DTP0,RU000A10DTP0,ПИР БО-05-001P,RUB,Industrials,Россия,Московская биржа,1,1000,1000,RUB,1024.7,1016.6,1020,1014.5,102,0.7,22.19,27,30,12,Fixed,False,2026-06-15T00:00:00Z,2027-12-07T00:00:00+03:00,2027-12-07T00:00:00+03:00,26.47,27.95,27.95,0.96,0,-5.8,-0.0057,True,False,False,False,False,False,2,False,False,False,973.6
RU000A106L67,RU000A106L67,Кириллица БО-02,RUB,Energy,Россия,Московская биржа,1,1000,1000,RUB,993.1,988.4,989.9,985.1,98.99,3.6,13.56,16.5,30,12,Fixed,False,2026-07-08T00:00:00Z,2026-07-08T00:00:00+03:00,2026-07-08T00:00:00+03:00,16.67,39.28,39.28,0.06,0,-0.1,-0.0001,True,False,False,False,False,False,2,True,False,False,860.7
RU000A1082Q4,RU000A1082Q4,Банк ВТБ ЗО-Т1,RUB,Financial,Россия,Московская биржа,1,71907.7,1000,USD,59151.993097,58380.0639375,58960.718615,58396.24317,81.995,189.836328,3415.62,9.5,183,2,Fixed,False,2026-12-07T00:00:00Z,,2026-12-06T00:00:00Z,11.59,,11.59,6.25,0,583.6028932,0.01,True,False,False,True,True,False,2,True,False,False,53317.402319
RU000A0JWZY6,RU000A0JWZY6,АФК Система БО-001P-05,RUB,Financial,Россия,Московская биржа,1,1000,1000,RUB,1017.2,1014.2,1002.3,1003.7,100.23,13.2,37.4,15,91,4,Variable,False,2026-08-14T00:00:00Z,2026-11-13T00:00:00+03:00,2026-11-13T00:00:00+03:00,14.97,15.17,15.17,0.4,0,0.0,0,True,False,False,False,False,False,2,False,False,False,982.1
RU000A10F0W2,RU000A10F0W2,АйДи Коллект 001P-08,RUB,Financial,Россия,Московская биржа,1,1000,1000,RUB,1025,1022,1015,1013.9,101.5,10,16.64,20.25,30,12,Fixed,False,2026-06-29T00:00:00Z,2030-04-08T00:00:00+03:00,2030-04-08T00:00:00+03:00,19.95,,21.45,2.28,0,0.8,0.0008,True,False,False,False,False,False,2,False,False,False,1001.2
RU000A10EHJ6,RU000A10EHJ6,ГК Пионер БО 002P-03,RUB,RealEstate,Россия,Московская биржа,1,1000,1000,RUB,1052.2,1029.5,1023.1,1023.1,102.31,3.6,15.62,0,30,12,Floating,True,2026-07-09T00:00:00Z,2029-02-23T00:00:00+03:00,2029-02-23T00:00:00+03:00,18.57,17,17,2.17,0,0.0,0,True,False,False,False,False,False,2,False,False,False,1002.7
RU000A10FAL4,RU000A10FAL4,ИСП 001Р-01,RUB,Industrials,Россия,Московская биржа,1,1000,1000,RUB,1047.4,1046,1040.2,1038,104.02,7.5,17.26,21,30,12,Fixed,False,2026-07-03T00:00:00Z,2029-05-18T00:00:00+03:00,2029-05-18T00:00:00+03:00,20.19,20.97,20.97,2.21,0,-0.7,-0.0007,True,False,False,False,False,False,2,False,False,False,1040.2
RU000A10BQ60,RU000A10BQ60,РОЛЬФ БО 001Р-08,RUB,Consumer,Россия,Московская биржа,1,1000,1000,RUB,1072,1069.8,1056.5,1057.1,105.65,13.3,20.96,25.5,30,12,Fixed,False,2026-06-29T00:00:00Z,2027-05-23T00:00:00+03:00,2027-05-23T00:00:00+03:00,24.14,20.58,20.58,0.83,0,-1.5,-0.0014,True,False,False,False,False,False,2,False,False,False,1000.1
RU000A10E6S8,RU000A10E6S8,ТД РКС 002Р-07,RUB,Consumer,Россия,Московская биржа,1,1000,1000,RUB,1044.3,1042.8,1035,1030.7,103.5,9.3,21.37,26,30,12,Fixed,False,2026-07-03T00:00:00Z,2029-01-18T00:00:00+03:00,2029-01-18T00:00:00+03:00,25.12,27.04,27.04,1.91,0,2.6,0.0025,True,False,False,False,False,False,2,False,False,False,981.8
RU000A10DD97,RU000A10DD97,Росинтер Холдинг БО-02,RUB,Consumer,Россия,Московская биржа,1,1000,1000,RUB,985.1,982.5,958,959.2,95.8,23.7,59.84,24,91,4,Variable,False,2026-08-10T00:00:00Z,2028-11-06T00:00:00+03:00,2027-05-19T00:00:00Z,25.05,,32.7,0.84,0,-2,-0.0021,True,False,False,False,False,False,2,False,False,False,1000
RU000A108KT6,RU000A108KT6,Росагролизинг 002P-01,RUB,Financial,Россия,Московская биржа,1,1000,1000,RUB,973.5,972.4,972.4,971.3,97.24,0.9,13.85,16.31,31,12,Floating,True,2026-06-15T00:00:00Z,2029-07-04T00:00:00+03:00,2029-07-04T00:00:00+03:00,16.39,17.2,17.2,1.57,0,0.0,0,True,False,False,False,False,False,2,True,False,False,951.9
RU000A10E4F0,RU000A10E4F0,Ломбард 888 БО-01,RUB,Financial,Россия,Московская биржа,1,1000,1000,RUB,1020.9,1018.7,1002.3,1002.6,100.23,18.5,20.55,25,30,12,Fixed,False,2026-06-19T00:00:00Z,2029-01-04T00:00:00+03:00,2029-01-04T00:00:00+03:00,24.94,,27.93,1.88,0,-0.1,-0.0001,True,False,False,False,False,False,2,True,False,False,1000.1
RU000A10C5B8,RU000A10C5B8,Денум Солюшнз 001Р-01,RUB,Other,,Московская биржа,1,1000,1000,RUB,1063.4,1054.6,1042.4,1040,104.24,21.5,22.19,27,30,12,Fixed,False,2026-06-17T00:00:00Z,2028-07-06T00:00:00+03:00,2028-07-06T00:00:00+03:00,25.9,,27.27,1.58,0,0.0,0,True,False,False,False,False,False,2,True,False,False,1049
RU000A100QA0,RU000A100QA0,ГК Самолет БО-П06,RUB,RealEstate,Россия,Московская биржа,1,1000,1000,RUB,909.9,908.6,888.8,887.2,88.88,21.1,46.75,18.75,91,4,Variable,False,2026-08-05T00:00:00Z,2029-08-01T00:00:00+03:00,2027-08-09T00:00:00Z,21.1,,34.25,1.03,0,1.4,0.0016,True,False,False,False,False,False,2,False,False,False,993.1
RU000A10CU97,RU000A10CU97,Лизинг-Трейд 001P-12,RUB,Financial,Россия,Московская биржа,1,1000,1000,RUB,1030.1,1029.8,1015.7,1017.8,101.57,14.5,18.9,23,30,12,Fixed,False,2026-06-23T00:00:00Z,2030-08-31T00:00:00+03:00,2030-08-31T00:00:00+03:00,22.64,,24.82,2.52,0,0.3,0.0003,True,False,False,False,False,False,2,False,False,False,1006.2
RU000A107G63,RU000A107G63,ДжетЛенд БО-01,RUB,Financial,Россия,Московская биржа,1,1000,1000,RUB,1004.7,1002.4,1006.4,997.7,100.64,4,17.26,21,30,12,Fixed,False,2026-07-09T00:00:00Z,2026-12-06T00:00:00+03:00,2026-12-06T00:00:00+03:00,20.87,21.43,21.43,0.45,0,14,0.0141,True,False,False,False,False,False,2,False,False,False,1024.9
RU000A10EL13,RU000A10EL13,ПЭТ ПЛАСТ 001Р-02,RUB,Other,Россия,Московская биржа,1,1000,1000,RUB,1037.7,1037,1036.3,1033.5,103.63,0.7,21.37,26,30,12,Fixed,False,2026-06-15T00:00:00Z,2029-03-01T00:00:00+03:00,2029-03-01T00:00:00+03:00,25.09,,26.7,1.73,0,0.6,0.0006,True,False,False,False,False,False,2,False,False,False,1029.8
RU000A0ZYAP9,RU000A0ZYAP9,ГТЛК 001P-06,RUB,Financial,Россия,Московская биржа,1,513.59,513.59,RUB,489.297193,487.653705,487.961859,487.653705,95.01,1.335334,20.49,16,91,4,Floating,True,2026-09-09T00:00:00Z,2032-09-01T00:00:00+03:00,2032-09-01T00:00:00+03:00,16.84,17.47,17.47,2.22,0,0.051359,0.0001,True,False,False,False,False,False,2,False,False,False,489.399911
RU000A106R79,RU000A106R79,Энергоника 001Р-04,RUB,Energy,Россия,Московская биржа,1,600,600,RUB,527.88,526.86,519.48,518.82,86.58,8.7,23.93,16,91,4,Fixed,False,2026-08-13T00:00:00Z,2028-08-10T00:00:00+03:00,2028-08-10T00:00:00+03:00,18.48,31.5,31.5,1.18,0,0.72,0.0014,True,False,False,False,False,False,2,False,False,False,510.6
RU000A107WD7,RU000A107WD7,Мани Капитал 001P-03,RUB,Financial,Россия,Московская биржа,1,1000,1000,RUB,968.2,963.8,953.5,957.9,95.35,9.5,12.33,15,30,12,Fixed,False,2026-06-23T00:00:00Z,2027-02-18T00:00:00+03:00,2027-02-18T00:00:00+03:00,15.73,27.81,27.81,0.49,0,0.3,0.0003,True,False,False,False,False,False,2,True,False,False,830.5
RU000A1082K7,RU000A1082K7,МФК ВЭББАНКИР 06,RUB,Financial,Россия,Московская биржа,1,1000,1000,RUB,1012.5,1003.7,999.6,999.3,99.96,3.8,16.44,20,30,12,Variable,False,2026-07-09T00:00:00Z,2027-09-02T00:00:00+03:00,2027-03-11T00:00:00Z,20.01,,22.02,0.59,0,0.0,0,True,False,False,False,False,False,2,True,False,False,1004.7
RU000A106SL0,RU000A106SL0,Истринская Сыроварня БО-02,RUB,Consumer,Россия,Московская биржа,1,250,250,RUB,249.925,248.125,249.725,248.6,99.89,0.2,2.98,14.5,30,12,Fixed,False,2026-06-15T00:00:00Z,2026-08-13T00:00:00+03:00,2026-08-13T00:00:00+03:00,14.52,16.31,16.31,0.16,0,0.725,0.0029,False,True,False,False,False,False,2,False,False,False,231.3
RU000A107F07,RU000A107F07,Унител БО-П01,RUB,Telecom,Россия,Московская биржа,1,1000,1000,RUB,985.9,980.6,941.2,941.8,94.12,37,37.4,15,91,4,Fixed,False,2026-06-17T00:00:00Z,2026-12-16T00:00:00+03:00,2026-12-16T00:00:00+03:00,15.94,31.05,31.05,0.47,0,-8.8,-0.0093,True,False,False,False,False,False,2,False,False,False,859.3
RU000A108Q94,RU000A108Q94,МегаФон БО-002P-05,RUB,Telecom,Россия,Московская биржа,1,1000,1000,RUB,1001.4,999.4,1001.5,1001,100.15,0,39.65,0,91,4,Floating,True,2026-06-16T00:00:00Z,2027-02-13T00:00:00+03:00,2027-02-13T00:00:00+03:00,15.88,15.1,15.1,0.64,0,0.0,0,True,False,False,False,False,False,2,False,False,False,989.6
RU000A1053P7,RU000A1053P7,Сегежа 002P-05R,RUB,Materials,Россия,Московская биржа,1,1000,1000,RUB,1060.7,1056,975.7,971.4,97.57,84.9,124.66,25,182,2,Variable,False,2026-08-13T00:00:00Z,2037-07-30T00:00:00+03:00,2028-02-15T00:00:00Z,25.62,,28.58,1.35,0,2.8,0.0029,True,False,False,False,False,False,2,False,False,False,915.9
RU000A104XJ9,RU000A104XJ9,МГКЛ 001Р-01,RUB,Financial,Россия,Московская биржа,1,1000,1000,RUB,1058,1055.6,1007.4,1003.2,100.74,50.6,59.84,24,91,4,Floating,True,2026-06-30T00:00:00Z,2026-12-29T00:00:00+03:00,2026-12-29T00:00:00+03:00,23.82,22.4,22.4,0.5,0,0.0,0,True,False,False,False,False,False,2,True,False,False,1037
RU000A10EPU6,RU000A10EPU6,АВТОАССИСТАНС 001P-01,RUB,Other,Россия,Московская биржа,1,1000,1000,RUB,1069.1,1066.9,1052.5,1057.7,105.25,14.1,20.14,24.5,30,12,Fixed,False,2026-06-25T00:00:00Z,2029-03-11T00:00:00+03:00,2029-03-11T00:00:00+03:00,23.28,24.28,24.28,2.01,0,-2.3,-0.0022,True,False,False,False,False,False,2,False,False,False,1012.8
RU000A106WZ2,RU000A106WZ2,АПРИ БО-002Р-03,RUB,RealEstate,Россия,Московская биржа,1,1000,1000,RUB,988.4,987,988.5,988.2,98.85,0,59.84,24,91,4,Variable,False,2026-06-16T00:00:00Z,2027-09-14T00:00:00+03:00,2026-09-29T00:00:00Z,24.28,,31.57,0.28,0,-0.2,-0.0002,True,False,False,False,False,False,2,False,False,False,972.4
RU000A105WZ4,RU000A105WZ4,Лизинг-Трейд 001P-07,RUB,Financial,Россия,Московская биржа,1,875.2,875.2,RUB,827.23904,824.61344,817.78688,816.03648,93.44,9.36464,10.43,14.5,30,12,Fixed,False,2026-06-19T00:00:00Z,2028-02-09T00:00:00+03:00,2028-02-09T00:00:00+03:00,15.52,26.26,26.26,0.74,0,3.23824,0.004,True,False,False,False,False,False,2,False,False,False,727.11616
RU000A107HH9,RU000A107HH9,Газпром нефть БО 003P-09R,RUB,Energy,Россия,Московская биржа,1,1000,1000,RUB,1035.3,1032.5,994.3,997.9,99.43,35.6,,0,91,4,Floating,True,2026-06-25T00:00:00Z,2027-12-23T00:00:00+03:00,2027-12-23T00:00:00+03:00,17.01,15.04,15.04,1.35,0,-5.5,-0.0055,True,False,False,False,False,False,2,False,False,False,970
RU000A105VQ5,RU000A105VQ5,Россети БО 001P-08R,RUB,Utilities,Россия,Московская биржа,1,1000,1000,RUB,1013,1009.7,1000.9,1000.9,100.09,12.1,39.39,15.8,91,4,Floating,True,2026-08-18T00:00:00Z,2038-02-02T00:00:00+03:00,2028-02-18T00:00:00Z,15.79,,14.44,1.5,0,0.0,0,False,True,False,False,False,False,2,False,False,False,1000.1
RU000A10AHB1,RU000A10AHB1,Новые Технологии 001Р-01,RUB,Materials,Россия,Московская биржа,1,1000,1000,RUB,1022.4,1020.9,1006,1002.6,100.6,15.5,17.26,0,30,12,Floating,True,2026-06-19T00:00:00Z,2026-12-16T00:00:00+03:00,2026-12-16T00:00:00+03:00,20.87,20.55,20.55,0.47,0,0.3,0.0003,True,False,False,False,False,False,2,False,False,False,1019.1
RU000A109S91,RU000A109S91,Россети Московский регион БО1Р07,RUB,Utilities,Россия,Московская биржа,1,1000,1000,RUB,1007.5,1006.1,1001.9,1001.9,100.19,5.6,12.85,0,30,12,Floating,True,2026-07-03T00:00:00Z,2026-10-01T00:00:00+03:00,2026-10-01T00:00:00+03:00,15.61,15.26,15.26,0.29,0,0.0,0,False,True,False,False,False,False,2,False,False,False,995.6
RU000A10DRX8,RU000A10DRX8,ЗООПТ БО-01,RUB,Other,Россия,Московская биржа,1,1000,1000,RUB,1093.3,1088.3,1088.7,1084.6,108.87,4.6,19.73,24,30,12,Fixed,False,2026-07-09T00:00:00Z,2028-11-25T00:00:00+03:00,2028-11-25T00:00:00+03:00,22.04,,21.25,1.89,0,6.5,0.006,True,False,False,False,False,False,2,False,False,False,1020.9
RU000A107KR2,RU000A107KR2,МигКредит БО-04,RUB,Financial,Россия,Московская биржа,1,280,280,RUB,285.376,283.752,282.156,283.444,100.77,1.932,4.83,21,30,12,Variable,False,2026-07-06T00:00:00Z,2026-12-31T00:00:00+03:00,2026-12-31T00:00:00+03:00,20.84,19.88,19.88,0.28,0,0.0,0,False,True,False,False,False,False,2,True,False,False,281.512
RU000A10B7N0,RU000A10B7N0,Биовитрум 001Р-01,RUB,Other,Россия,Московская биржа,1,1000,1000,RUB,1115.8,1109.5,1094.2,1105.5,109.42,15.3,23.01,28,30,12,Fixed,False,2026-06-26T00:00:00Z,2028-03-17T00:00:00+03:00,2028-03-17T00:00:00+03:00,25.59,,23.75,1.41,0,7.2,0.0066,True,False,False,False,False,False,2,False,False,False,1086.6
RU000A10ENT3,RU000A10ENT3,ПКО Финэква 001Р-02,RUB,Financial,Россия,Московская биржа,1,1000,1000,RUB,1036.9,1034.7,1023,1020.2,102.3,13.9,18.9,23,30,12,Fixed,False,2026-06-24T00:00:00Z,2030-03-05T00:00:00+03:00,2030-03-05T00:00:00+03:00,22.48,,24.36,2.3,0,0.0,0,True,False,False,False,False,False,2,True,False,False,1011.3
RU000A10E7K3,RU000A10E7K3,реСтор 001Р-03,RUB,Consumer,Россия,Московская биржа,1,1000,1000,RUB,1037.6,1035.5,1029.4,1031.5,102.94,5.1,15.41,18.75,30,12,Fixed,False,2026-07-06T00:00:00Z,2028-01-27T00:00:00+03:00,2028-01-27T00:00:00+03:00,18.21,17.99,17.99,1.4,0,-2.3,-0.0022,True,False,False,False,False,False,2,False,False,False,999.2
RU000A10DPT0,RU000A10DPT0,Реиннольц 001Р-04,RUB,Other,Россия,Московская биржа,1,1000,1000,RUB,902.9,900.9,895,894.5,89.5,7.9,59.84,24,91,4,Fixed,False,2026-09-03T00:00:00Z,2030-11-28T00:00:00+03:00,2030-11-28T00:00:00+03:00,26.82,33.13,33.13,2.03,0,0.1,0.0001,True,False,False,False,False,False,2,False,False,False,999.9
RU000A106PY9,RU000A106PY9,Неолизинг БО-1,RUB,Consumer,Россия,Московская биржа,1,440,440,RUB,439.164,435.336,435.072,430.76,98.88,4.532,6.15,17,30,12,Fixed,False,2026-06-24T00:00:00Z,2026-07-24T00:00:00+03:00,2026-07-24T00:00:00+03:00,17.19,31.91,31.91,0.1,0,0.0,0,False,True,False,False,False,False,2,True,False,False,398.42
RU000A1074F4,RU000A1074F4,Мани Капитал 001P-01,RUB,Financial,Россия,Московская биржа,1,1000,1000,RUB,977.2,974.8,976.1,976.5,97.61,2.5,12.33,15,30,12,Fixed,False,2026-07-10T00:00:00Z,2026-10-08T00:00:00+03:00,2026-10-08T00:00:00+03:00,15.37,25.59,25.59,0.31,0,3.1,0.0032,True,False,False,False,False,False,2,True,False,False,854.8
RU000A10DY50,RU000A10DY50,ГК Сегежа 003P-08R,RUB,Materials,Россия,Московская биржа,1,1000,1000,RUB,1022.8,1019.3,1006.4,1003.6,100.64,16.4,19.73,24,30,12,Fixed,False,2026-06-22T00:00:00Z,2028-06-10T00:00:00+03:00,2028-06-10T00:00:00+03:00,23.85,26.33,26.33,1.58,0,2.5,0.0025,True,False,False,False,False,False,2,False,False,False,1015.7
RU000A10C9Z9,RU000A10C9Z9,УПТК-65 001Р-01,RUB,Materials,Россия,Московская биржа,1,1000,1000,RUB,1007.3,1004.1,996,998.1,99.6,9.5,18.9,23,30,12,Fixed,False,2026-07-01T00:00:00Z,2030-07-10T00:00:00+03:00,2030-07-10T00:00:00+03:00,23.09,,25.77,2.65,0,1.4,0.0014,True,False,False,False,False,False,2,False,False,False,995.5
RU000A103372,RU000A103372,АФК Система БО 001P-20,RUB,Financial,Россия,Московская биржа,1,1000,1000,RUB,1017.8,1015.8,998.1,996.9,99.81,19.7,87.26,17.5,182,2,Variable,False,2026-11-05T00:00:00Z,2031-04-30T00:00:00+03:00,2026-11-09T00:00:00Z,17.53,,18.66,0.4,0,3.7,0.0037,True,False,False,False,False,False,2,False,False,False,889.5
RU000A10EQV2,RU000A10EQV2,Биовитрум 001Р-02,RUB,Other,Россия,Московская биржа,1,1000,1000,RUB,1060.6,1057.7,1051,1052.3,105.1,9.6,19.11,23.25,30,12,Fixed,False,2026-07-01T00:00:00Z,2029-03-17T00:00:00+03:00,2029-03-17T00:00:00+03:00,22.12,,22.91,2.06,0,1.6,0.0015,True,False,False,False,False,False,2,False,False,False,1016.3
RU000A10BRN3,RU000A10BRN3,Сибирский КХП 001P-04,RUB,Other,Россия,Московская биржа,1,1000,1000,RUB,844.9,841.7,838.2,831.3,83.82,6.3,15.62,19,30,12,Floating,True,2026-07-06T00:00:00Z,2030-05-14T00:00:00+03:00,2030-05-14T00:00:00+03:00,22.67,25.96,25.96,2.75,0,-4.8,-0.0057,True,False,False,False,False,False,2,False,False,False,1001
RU000A107BH2,RU000A107BH2,ИЛС БО-01-001P,RUB,Consumer,Россия,Московская биржа,1,1000,1000,RUB,989.1,985.7,973,973.9,97.3,12.5,15.62,19,30,12,Fixed,False,2026-06-22T00:00:00Z,2026-11-19T00:00:00+03:00,2026-11-19T00:00:00+03:00,19.53,30.75,30.75,0.34,0,-1,-0.001,True,False,False,False,False,False,2,False,False,False,927.1
RU000A108WY1,RU000A108WY1,Металлоинвест 001P-08,RUB,Industrials,Россия,Московская биржа,1,1000,1000,RUB,1029.6,1027.2,996.1,997.6,99.61,32,39.19,0,91,4,Floating,True,2026-07-03T00:00:00Z,2027-01-01T00:00:00+03:00,2027-01-01T00:00:00+03:00,15.78,16.22,16.22,0.52,0,0.0,0,True,False,False,False,False,False,2,False,False,False,982.1
RU000A107R29,RU000A107R29,ЕнисейАгроСоюз БО 001P-01,RUB,Consumer,Россия,Московская биржа,1,1000,1000,RUB,1011.8,993.3,977.9,989.8,97.79,21.3,46.12,18.5,91,4,Floating,True,2026-08-04T00:00:00Z,2029-01-30T00:00:00+03:00,2029-01-30T00:00:00+03:00,18.92,,18.54,2.13,0,0.0,0,True,False,False,False,False,False,2,False,False,False,948.9
RU000A10EQD0,RU000A10EQD0,ЛК Роделен БО 002P-05,RUB,Financial,Россия,Московская биржа,1,1000,1000,RUB,1019.2,1016.4,1006,1006.7,100.6,10.3,18.08,22,30,12,Fixed,False,2026-06-29T00:00:00Z,2031-03-05T00:00:00+03:00,2031-03-05T00:00:00+03:00,21.87,,24.04,2.31,0,1.5,0.0015,True,False,False,False,False,False,2,False,False,False,995.7
RU000A10BNK8,RU000A10BNK8,Энергоника 001Р-06,RUB,Energy,Россия,Московская биржа,1,1000,1000,RUB,1057.1,1054.5,1033,1031.7,103.3,21.5,22.19,27,30,12,Fixed,False,2026-06-17T00:00:00Z,2030-04-27T00:00:00+03:00,2030-04-27T00:00:00+03:00,26.14,,28.24,1.75,0,-2,-0.0019,True,False,False,False,False,False,2,False,False,False,1025
RU000A10D3P2,RU000A10D3P2,Южноуральский ЛЦ 001Р-01,RUB,Other,Россия,Московская биржа,1,1000,1000,RUB,1029.5,1027.3,1027,1026.5,102.7,2.6,19.73,24,30,12,Fixed,False,2026-06-15T00:00:00Z,2028-09-29T00:00:00+03:00,2028-09-29T00:00:00+03:00,23.37,,23.9,1.14,0,-1.1,-0.0011,True,False,False,False,False,False,2,False,False,False,1000.4
RU000A0ZZ4P9,RU000A0ZZ4P9,РЖД БО 001Р-06R,RUB,Industrials,Россия,Московская биржа,1,1000,1000,RUB,1092,1088.1,1055.7,1054.9,105.57,32.4,92.25,18.5,182,2,Variable,False,2026-10-12T00:00:00Z,2033-04-04T00:00:00+03:00,2027-10-14T00:00:00Z,17.52,,14.19,1.21,0,-4,-0.0038,True,False,False,False,False,False,2,False,False,False,1039.9
RU000A10EN37,RU000A10EN37,КАМАЗ БО-П21,RUB,Industrials,Россия,Московская биржа,1,1000,1000,RUB,1024.5,1018.8,1007.8,1007.1,100.78,12,15,0,30,12,Floating,True,2026-06-22T00:00:00Z,2028-03-13T00:00:00+03:00,2028-03-13T00:00:00+03:00,18.11,16.92,16.92,1.51,0,-1.8,-0.0018,True,False,False,False,False,False,2,False,False,False,1004.3
RU000A10DG78,RU000A10DG78,ЛК АдвансТрак 001Р-01,RUB,Other,Россия,Московская биржа,1,1000,1000,RUB,1022.8,1020.6,1022.8,1020.7,102.28,0,20.55,25,30,12,Fixed,False,2026-06-16T00:00:00Z,2030-10-23T00:00:00+03:00,2030-10-23T00:00:00+03:00,24.44,,26.88,2.4,0,-0.3,-0.0003,True,False,False,False,False,False,2,False,False,False,1047
RU000A10EAB8,RU000A10EAB8,Аренза-Про 001P-07,RUB,Financial,Россия,Московская биржа,1,1000,1000,RUB,1057.1,1053.8,1043,1041.9,104.3,14.1,16.14,19,31,12,Fixed,False,2026-06-22T00:00:00Z,2029-03-08T00:00:00+03:00,2029-03-08T00:00:00+03:00,18.22,17.74,17.74,1.66,0,2,0.0019,True,False,False,False,False,False,2,False,False,False,1030.6
RU000A10EAQ6,RU000A10EAQ6,КРОНОС БО-01,RUB,Other,Россия,Московская биржа,1,1000,1000,RUB,1016.5,1014.5,995,992.5,99.5,21.5,22.19,27,30,12,Variable,False,2026-06-17T00:00:00Z,2029-02-01T00:00:00+03:00,2027-08-20T00:00:00Z,27.14,,31.25,1,0,0.0,0,True,False,False,False,False,False,2,False,False,False,1000
RU000A10CS91,RU000A10CS91,Росагролизинг 002P-04,RUB,Financial,Россия,Московская биржа,1,1000,1000,RUB,1005.5,1003.1,995.1,994.9,99.51,10,14.01,0,31,12,Floating,True,2026-06-25T00:00:00Z,2028-10-09T00:00:00+03:00,2028-10-09T00:00:00+03:00,16.58,15.65,15.65,1.96,0,0.0,0,True,False,False,False,False,False,2,True,False,False,1000
RU000A102SM7,RU000A102SM7,СДЭК-Глобал БО-П01,RUB,Consumer,Россия,Московская биржа,1,300,300,RUB,295.41,294.87,294.09,293.07,98.03,1.32,2.34,9.5,30,12,Fixed,False,2026-06-29T00:00:00Z,2027-02-24T00:00:00+03:00,2027-02-24T00:00:00+03:00,9.69,15.04,15.04,0.43,0,0.0,0,True,False,False,False,False,False,2,False,False,False,272.4
RU000A106JX4,RU000A106JX4,ЕАБР 003P-008,RUB,Financial,Казахстан,Московская биржа,1,1000,1000,RUB,1068.2,1065.4,996.9,994.7,99.69,73.2,,0,182,2,Floating,True,2026-07-10T00:00:00Z,2028-07-07T00:00:00+03:00,2028-07-07T00:00:00+03:00,,17.81,17.81,1.7,0,0.0,0,True,False,False,False,False,False,2,False,False,False,926.8
RU000A10A4C1,RU000A10A4C1,Энергоника 001Р-05,RUB,Energy,Россия,Московская биржа,1,800,800,RUB,849.28,842.72,848.08,845.52,106.01,1.2,18.41,28,30,12,Fixed,False,2026-06-15T00:00:00Z,2029-10-26T00:00:00+03:00,2029-10-26T00:00:00+03:00,26.41,26.59,26.59,1.44,0,2.08,0.0025,True,False,False,False,False,False,2,False,False,False,843.28
RU000A105M59,RU000A105M59,ЛК Роделен БО 001Р-03,RUB,Financial,Россия,Московская биржа,1,501.4,501.4,RUB,495.28292,493.82886,490.31906,490.97088,97.79,4.96386,7.83,19,30,12,Variable,False,2026-06-29T00:00:00Z,2027-11-19T00:00:00+03:00,2027-11-19T00:00:00+03:00,19.43,24.82,24.82,0.66,0,-1.7549,-0.0036,True,False,False,False,False,False,2,False,False,False,507.26638
RU000A10EXG9,RU000A10EXG9,ПРОГРЕСС 001Р-01,RUB,Other,Россия,Московская биржа,1,1000,1000,RUB,1035.1,1032.4,1018.5,1018,101.85,17.1,20.55,25,30,12,Fixed,False,2026-06-22T00:00:00Z,2031-03-27T00:00:00+03:00,2031-03-27T00:00:00+03:00,24.55,,27.26,2.8,0,1,0.001,True,False,False,False,False,False,2,False,False,False,1014.8
RU000A10CST6,RU000A10CST6,СКС ЛОМБАРД БО-02,RUB,Financial,Россия,Московская биржа,1,1000,1000,RUB,1050.4,1047.8,1030.4,1033.8,103.04,20,22.19,27,30,12,Fixed,False,2026-06-19T00:00:00Z,2028-09-06T00:00:00+03:00,2028-09-06T00:00:00+03:00,26.2,,28.33,1.67,0,-1.4,-0.0014,True,False,False,False,False,False,2,True,False,False,1021.8
RU000A10A794,RU000A10A794,АвтоМоё БО-01-CNY,RUB,Other,Россия,Московская биржа,1,1060.64,100,CNY,1173.7466496,1150.27256512,1142.31140128,1147.87551872,107.7002,7.9548,55.58,21,91,4,Fixed,False,2026-09-02T00:00:00Z,2028-05-31T00:00:00+03:00,2028-05-31T00:00:00+03:00,19.5,16.35,16.35,1.38,0,0.0,0,False,True,False,False,False,False,2,False,False,False,1113.66881808
RU000A10ASD4,RU000A10ASD4,РОЛЬФ БО 001Р-06,RUB,Consumer,Россия,Московская биржа,1,1000,1000,RUB,1023.7,1023.6,1011.8,1011.8,101.18,11.8,16.85,20.5,30,12,Floating,True,2026-06-25T00:00:00Z,2027-01-21T00:00:00+03:00,2027-01-21T00:00:00+03:00,20.26,18.77,18.77,0.56,0,9.8,0.0098,True,False,False,False,False,False,2,False,False,False,1000.8
RU000A10DWP4,RU000A10DWP4,ЦЕНТР-К БО-01,RUB,Other,Россия,Московская биржа,1,1000,1000,RUB,1008.3,1005.1,1004.1,1004,100.41,0,18.49,22.5,30,12,Fixed,False,2026-06-16T00:00:00Z,2028-12-02T00:00:00+03:00,2028-12-02T00:00:00+03:00,22.41,,24.7,1.87,0,-5,-0.005,True,False,False,False,False,False,2,False,False,False,1018.2
RU000A10CH03,RU000A10CH03,Эфферон 001Р-01,RUB,HealthCare,Россия,Московская биржа,1,1000,1000,RUB,1010.6,1008.7,992.7,993.5,99.27,15.7,54.85,22,91,4,Fixed,False,2026-08-20T00:00:00Z,2028-08-17T00:00:00+03:00,2028-08-17T00:00:00+03:00,22.16,24.37,24.37,1.76,0,-2.3,-0.0023,True,False,False,False,False,False,2,False,False,False,1021.8
RU000A107WF2,RU000A107WF2,ПИР БО-01-001P,RUB,Industrials,Россия,Московская биржа,1,375,375,RUB,370.6125,369.3375,366.075,363.975,97.62,4.3875,5.7,18.5,30,12,Fixed,False,2026-06-23T00:00:00Z,2027-02-18T00:00:00+03:00,2027-02-18T00:00:00+03:00,18.95,27.37,27.37,0.41,0,0.45,0.0012,True,False,False,False,False,False,2,False,False,False,342.8625
RU000A106Q47,RU000A106Q47,Фордевинд 03,RUB,Financial,Россия,Московская биржа,1,1000,1000,RUB,993.8,992.1,982.4,983.9,98.24,9.2,13.15,16,30,12,Fixed,False,2026-06-25T00:00:00Z,2027-01-21T00:00:00+03:00,2027-01-21T00:00:00+03:00,16.29,22.77,22.77,0.38,0,0.0,0,True,False,False,False,False,False,2,True,False,False,865.5
RU000A107209,RU000A107209,Сибирское Стекло БО-П04,RUB,Other,Россия,Московская биржа,1,1000,1000,RUB,975,971.1,968.4,958.9,96.84,6.5,17.67,21.5,30,12,Variable,False,2026-07-06T00:00:00Z,2027-09-28T00:00:00+03:00,2027-09-28T00:00:00+03:00,22.2,27.41,27.41,1.09,0,1.1,0.0011,True,False,False,False,False,False,2,False,False,False,1009.7
RU000A10BYR0,RU000A10BYR0,Самокат БО-03,RUB,Other,Россия,Московская биржа,1,1000,1000,RUB,1062.5,1059.5,1049.2,1040,104.92,13.3,22.19,27,30,12,Fixed,False,2026-06-29T00:00:00Z,2028-06-17T00:00:00+03:00,2028-06-17T00:00:00+03:00,25.73,,26.68,1.56,0,8.2,0.0079,True,False,False,False,False,False,2,False,False,False,1000.7
RU000A10CTJ5,RU000A10CTJ5,БЭЛТИ-ГРАНД БО-П08,RUB,Financial,Россия,Московская биржа,1,1000,1000,RUB,1041.9,1039.9,1023.6,1023.5,102.36,15.8,19.73,24,30,12,Fixed,False,2026-06-22T00:00:00Z,2029-09-04T00:00:00+03:00,2029-09-04T00:00:00+03:00,23.45,25.27,25.27,1.86,0,-2.8,-0.0027,True,False,False,False,False,False,2,False,False,False,999.9
RU000A103VD8,RU000A103VD8,МСБ-Лизинг 002P-05,RUB,Financial,Россия,Московская биржа,1,111.04,111.04,RUB,111.739552,111.239872,110.26272,110.995584,99.3,0.966048,1.12,12.25,30,12,Fixed,False,2026-06-22T00:00:00Z,2026-09-18T00:00:00+03:00,2026-09-18T00:00:00+03:00,12.34,19.12,19.12,0.13,0,-0.532992,-0.0048,False,True,False,False,False,False,2,False,False,False,103.056224
RU000A106YH6,RU000A106YH6,Банк ГПБ БО 003Р-01Р,RUB,Financial,Россия,Московская биржа,1,1000,1000,RUB,1011.9,1011.6,985,985.5,98.5,26.6,60.49,12,184,2,Variable,False,2026-09-28T00:00:00Z,2033-09-27T00:00:00+03:00,2027-03-31T00:00:00Z,12.18,,14.5,0.76,0,0.0,0,True,False,False,False,False,False,2,False,False,False,926.9
RU000A106KT0,RU000A106KT0,МигКредит БО-02,RUB,Financial,Россия,Московская биржа,1,40,40,RUB,40.188,40.1,39.884,39.996,99.71,0.212,0.48,14.75,30,12,Fixed,False,2026-07-03T00:00:00Z,2026-07-03T00:00:00+03:00,2026-07-03T00:00:00+03:00,14.79,22.84,22.84,0.05,0,0.0,0,False,True,False,False,False,False,2,True,False,False,37.576
RU000A105XE7,RU000A105XE7,ВымпелКом 001Р-02,RUB,Telecom,Россия,Московская биржа,1,1000,1000,RUB,948.9,947.2,921.7,921.2,92.17,22.7,23.19,9.3,91,4,Fixed,False,2026-06-18T00:00:00Z,2028-09-14T00:00:00+03:00,2028-09-14T00:00:00Z,10.09,,14.08,2,0,-5.8,-0.0063,False,True,False,False,False,False,2,False,False,False,828.3
RU000A10BS68,RU000A10BS68,Уральская Сталь БО-001Р-04,RUB,Materials,Россия,Московская биржа,1,7190.77,100,USD,7072.122295,7072.11510423,7046.94740923,6940.70378248,97.9999,25.167695,75.5,12.75,30,12,Fixed,False,2026-07-06T00:00:00Z,2027-11-28T00:00:00+03:00,2027-11-28T00:00:00+03:00,13.01,15.29,15.29,1.33,0,6.95347459,0.001,False,True,False,False,False,False,2,False,False,False,7153.19822675
RU000A106RJ6,RU000A106RJ6,Озон 001Р-02,RUB,HealthCare,Россия,Московская биржа,1,1000,1000,RUB,1009.4,1007.3,999.1,999.7,99.91,10.3,32.41,13,91,4,Fixed,False,2026-08-17T00:00:00Z,2026-08-17T00:00:00+03:00,2026-08-17T00:00:00+03:00,13.01,14.17,14.17,0.17,0,3.1,0.0031,True,False,False,False,False,False,2,False,False,False,948.3
RU000A101GD3,RU000A101GD3,ГТЛК БО 001P-16,RUB,Financial,Россия,Московская биржа,1,250,250,RUB,228.625,228.4,227.425,226.25,90.97,1.25,4.33,6.95,91,4,Fixed,False,2026-08-20T00:00:00Z,2028-02-17T00:00:00+03:00,2028-02-17T00:00:00+03:00,7.64,16.57,16.57,1.1,0,0.275,0.0012,True,False,False,False,False,False,2,False,False,False,207.7
RU000A10F4Z7,RU000A10F4Z7,МФК Быстроденьги 003Р-02,RUB,Financial,Россия,Московская биржа,1,1000,1000,RUB,1036.9,1035.6,1030.1,1032.1,103.01,5.5,18.29,22.25,30,12,Fixed,False,2026-07-07T00:00:00Z,2030-04-17T00:00:00+03:00,2030-04-17T00:00:00+03:00,21.6,,23.15,2.41,0,0.1,0.0001,True,False,False,False,False,False,2,True,False,False,1019.8
RU000A10DTW6,RU000A10DTW6,Пионер-Лизинг БО8,RUB,Financial,Россия,Московская биржа,1,1000,1000,RUB,1010,1008.8,1010,1011.7,101,0.8,23.42,28.5,30,12,Fixed,False,2026-06-15T00:00:00Z,2030-11-21T00:00:00+03:00,2030-11-21T00:00:00+03:00,28.22,32.02,32.02,2.57,0,4,0.004,True,False,False,False,False,False,2,True,False,False,999.2
RU000A10EMJ6,RU000A10EMJ6,ТЕХНО Лизинг 001Р-08,RUB,Financial,Россия,Московская биржа,1,1000,1000,RUB,1041.6,1039.8,1023.2,1020.9,102.32,18.4,19.73,24,30,12,Fixed,False,2026-06-18T00:00:00Z,2029-03-04T00:00:00+03:00,2029-03-04T00:00:00+03:00,23.46,25.33,25.33,1.89,0,0.4,0.0004,True,False,False,False,False,False,2,False,False,False,1000
RU000A107FG5,RU000A107FG5,Транс-Миссия БО-02,RUB,Consumer,Россия,Московская биржа,1,1000,1000,RUB,1100.5,1097.8,1093.9,1092.8,109.39,6.6,24.66,30,30,12,Variable,False,2026-07-08T00:00:00Z,2027-11-30T00:00:00+03:00,2027-11-30T00:00:00+03:00,27.42,23.65,23.65,1.07,0,0.4,0.0004,True,False,False,False,False,False,2,False,False,False,1075.7
RU000A107795,RU000A107795,МФК Лайм-Займ 04,RUB,Financial,Россия,Московская биржа,1,500,500,RUB,497.35,496.15,492.75,494.5,98.55,3.05,6.58,16,30,12,Fixed,False,2026-07-02T00:00:00Z,2026-10-30T00:00:00+03:00,2026-10-30T00:00:00+03:00,16.24,22.03,22.03,0.36,0,-1.7,-0.0034,True,False,False,False,False,False,2,True,False,False,453.25
RU000A108AK6,RU000A108AK6,Фордевинд 05,RUB,Financial,Россия,Московская биржа,1,1000,1000,RUB,1032.2,1029.4,1025.2,1025.7,102.52,5.4,18.08,22,30,12,Variable,False,2026-07-07T00:00:00Z,2027-09-30T00:00:00+03:00,2027-04-07T00:00:00Z,21.46,,20.29,0.75,0,0.0,0,True,False,False,False,False,False,2,True,False,False,1009.5
RU000A10EXU0,RU000A10EXU0,ЛК АдвансТрак 001Р-03,RUB,Other,Россия,Московская биржа,1,1000,1000,RUB,1023.6,1022,1007.8,1008.5,100.78,15.8,19.73,24,30,12,Fixed,False,2026-06-22T00:00:00Z,2031-03-28T00:00:00+03:00,2031-03-28T00:00:00+03:00,23.81,,26.45,2.56,0,0.6,0.0006,True,False,False,False,False,False,2,False,False,False,1011.9
RU000A109SZ4,RU000A109SZ4,МегаФон БО-002P-07,RUB,Telecom,Россия,Московская биржа,1,1000,1000,RUB,1030.6,1027.7,1003.6,1003.5,100.36,26.6,39.6,0,91,4,Floating,True,2026-07-16T00:00:00Z,2027-04-15T00:00:00+03:00,2027-04-15T00:00:00+03:00,15.83,14.81,14.81,0.78,0,3,0.003,True,False,False,False,False,False,2,False,False,False,990.3
RU000A108LN7,RU000A108LN7,Смартфакт БО-03-001P,RUB,Financial,Россия,Московская биржа,1,1000,1000,RUB,948.8,946.8,938.5,937.1,93.85,10.3,15.41,18.75,30,12,Floating,True,2026-06-26T00:00:00Z,2027-05-22T00:00:00+03:00,2027-05-22T00:00:00+03:00,19.98,27.75,27.75,0.85,0,-1.2,-0.0013,True,False,False,False,False,False,2,False,False,False,898.8
RU000A10EB07,RU000A10EB07,МСБ-Лизинг 003P-07,RUB,Financial,Россия,Московская биржа,1,1000,1000,RUB,1025.1,1024.2,1009,1009,100.9,16.1,17.26,21,30,12,Fixed,False,2026-06-18T00:00:00Z,2029-02-02T00:00:00+03:00,2029-02-02T00:00:00+03:00,20.81,22.37,22.37,1.39,0,0.0,0,True,False,False,False,False,False,2,False,False,False,998
RU000A0ZZ505,RU000A0ZZ505,Россельхозбанк 09Т1,RUB,Financial,Россия,Московская биржа,1,1000,1000,RUB,656.9,655.1,640,643.5,64,15,44.88,9,182,2,Variable,False,2026-10-15T00:00:00Z,,2028-04-13T00:00:00Z,14.06,,14.06,7.38,0,0.0,0,True,False,False,True,True,False,2,False,False,False,601.4
RU000A10CM89,RU000A10CM89,КИФА БО-01,RUB,Consumer,Россия,Московская биржа,1,1060.64,100,CNY,1042.39593136,1037.75351008,1035.18357936,1033.90975072,97.5999,7.212352,12.62,14.5,30,12,Fixed,False,2026-06-29T00:00:00Z,2027-08-23T00:00:00+03:00,2027-08-23T00:00:00+03:00,14.86,18.06,18.06,1.09,0,0.00424256,4.098381651545346e-06,True,False,False,False,False,False,2,False,False,False,1078.67406192
RU000A10B6K8,RU000A10B6K8,Технология БО-02,RUB,Materials,Россия,Московская биржа,1,1000,1000,RUB,1080.4,1080.3,1060.3,1060.1,106.03,20,23.01,28,30,12,Fixed,False,2026-06-22T00:00:00Z,2028-03-11T00:00:00+03:00,2028-03-11T00:00:00+03:00,26.41,,26.49,1.38,0,-0.4,-0.0004,True,False,False,False,False,False,2,False,False,False,1045.6
RU000A104362,RU000A104362,Восточная Стивидорная Компания 1P-02R,RUB,Industrials,Россия,Московская биржа,1,1000,1000,RUB,988.8,986,978.6,980.1,97.86,7.3,47.62,9.55,182,2,Fixed,False,2026-11-17T00:00:00Z,2026-11-17T00:00:00+03:00,2026-11-17T00:00:00+03:00,9.76,15.47,15.47,0.42,0,-0.5,-0.0005,True,False,False,False,False,False,2,False,False,False,894.7
RU000A106ZQ4,RU000A106ZQ4,Феррум БП1,RUB,Other,Россия,Московская биржа,1,1000,1000,RUB,989.1,983.2,967.1,973.6,96.71,15.1,18.08,22,30,12,Floating,True,2026-06-22T00:00:00Z,2028-09-08T00:00:00+03:00,2026-10-09T00:00:00Z,22.75,,38.02,0.3,0,-6.8,-0.007,True,False,False,False,False,False,2,False,False,False,1007
RU000A106037,RU000A106037,РусГидро БО-П10,RUB,Utilities,Россия,Московская биржа,1,1000,1000,RUB,1037.2,1035.2,992.6,995,99.26,39.1,41.88,16.8,91,4,Floating,True,2026-06-22T00:00:00Z,2028-03-20T00:00:00+03:00,2028-03-20T00:00:00+03:00,16.93,14.7,14.7,1.53,0,-5.2,-0.0052,True,False,False,False,False,False,2,False,False,False,976
RU000A107M32,RU000A107M32,Аквилон-Лизинг БО-03-001P,RUB,Financial,Россия,Московская биржа,1,280,280,RUB,288.932,287.728,281.372,279.776,100.49,7.588,12.36,17.7,91,4,Fixed,False,2026-07-21T00:00:00Z,2027-01-19T00:00:00+03:00,2027-01-19T00:00:00+03:00,17.61,17.32,17.32,0.36,0,0.0,0,False,True,False,False,False,False,2,False,False,False,267.232
RU000A10D3T4,RU000A10D3T4,ПКО СЗА БО-04,RUB,Financial,Россия,Московская биржа,1,1000,1000,RUB,994.8,991.9,990,992.9,99,2.7,20.14,24.5,30,12,Fixed,False,2026-06-15T00:00:00Z,2028-09-29T00:00:00+03:00,2028-09-29T00:00:00+03:00,24.75,,28.18,1.77,0,-10,-0.01,True,False,False,False,False,False,2,True,False,False,1001.8
RU000A10DYZ9,RU000A10DYZ9,АСГ ТРАНСФОРМАТОРЕН БО-01,RUB,Other,Россия,Московская биржа,1,1000,1000,RUB,1072,1071.1,1056,1050.8,105.6,15.1,19.73,24,30,12,Fixed,False,2026-06-23T00:00:00Z,2030-11-29T00:00:00+03:00,2030-11-29T00:00:00+03:00,22.73,,24.39,2.78,0,-1,-0.0009,True,False,False,False,False,False,2,False,False,False,1012.5
RU000A108JQ4,RU000A108JQ4,Альфа-Банк ЗО-350,RUB,Financial,Россия,Московская биржа,1,71907.7,1000,USD,68286.3563203,67639.4746511,67737.0534,65790.4400533,94.2,549.374828,1977.46,5.5,183,2,Variable,False,2026-10-26T00:00:00Z,2031-10-26T00:00:00+03:00,2031-10-26T00:00:00+03:00,5.84,,6.91,4.66,0,0.0,0,False,True,False,True,False,False,2,True,False,False,62847.6893385
RU000A105YH8,RU000A105YH8,ВЭБ.РФ ПБО-002Р-36,RUB,Financial,Россия,Московская биржа,1,1000,1000,RUB,1028.2,1026.3,989.4,989.8,98.94,36.7,,0,91,4,Floating,True,2026-06-24T00:00:00Z,2030-09-18T00:00:00+03:00,2030-09-18T00:00:00+03:00,17.4,15.15,15.15,3.16,0,-2.1,-0.0021,True,False,False,False,False,False,2,False,False,False,956.4
RU000A109T74,RU000A109T74,АйДи Коллект 001P-02,RUB,Financial,Россия,Московская биржа,1,664,664,RUB,664.4648,664,661.8752,660.016,99.68,2.4568,10.64,19.5,30,12,Floating,True,2026-07-09T00:00:00Z,2027-10-02T00:00:00+03:00,2027-10-02T00:00:00+03:00,19.56,20.42,20.42,0.62,0,1.8592,0.0028,True,False,False,False,False,False,2,False,False,False,647.4
RU000A109DT9,RU000A109DT9,Росагролизинг 002P-03,RUB,Financial,Россия,Московская биржа,1,1000,1000,RUB,995.8,993.1,997.5,993,99.75,0,13.76,0,31,12,Floating,True,2026-06-16T00:00:00Z,2027-09-24T00:00:00+03:00,2027-09-24T00:00:00+03:00,16.24,15.73,15.73,1.17,0,0.0,0,True,False,False,False,False,False,2,True,False,False,945
RU000A106HF5,RU000A106HF5,Электрорешения 001Р-01,RUB,Other,Россия,Московская биржа,1,1000,1000,RUB,1020.4,1018.4,996.6,995.6,99.66,23.9,30.67,12.3,91,4,Fixed,False,2026-07-06T00:00:00Z,2026-07-06T00:00:00+03:00,2026-07-06T00:00:00+03:00,12.34,19.77,19.77,0.05,0,0.3,0.0003,True,False,False,False,False,False,2,False,False,False,903.5
RU000A108AJ8,RU000A108AJ8,МСБ-Лизинг 003P-03,RUB,Financial,Россия,Московская биржа,1,333.4,333.4,RUB,333.66672,333.09994,331.59964,333.2333,99.46,1.46696,4.93,18,30,12,Fixed,False,2026-07-07T00:00:00Z,2027-04-03T00:00:00+03:00,2027-04-03T00:00:00+03:00,18.1,21.14,21.14,0.41,0,-0.63346,-0.0019,True,False,False,False,False,False,2,False,False,False,309.32852
RU000A10AYU6,RU000A10AYU6,МФК Мани Мен БО-01,RUB,Financial,Россия,Московская биржа,1,1000,1000,RUB,1113.3,1110.1,1093.9,1102.3,109.39,18.9,21.78,26.5,30,12,Fixed,False,2026-06-22T00:00:00Z,2028-02-10T00:00:00+03:00,2028-02-10T00:00:00+03:00,24.23,21.7,21.7,1.35,0,-4.3,-0.0039,True,False,False,False,False,False,2,True,False,False,1045.7
RU000A10DTT2,RU000A10DTT2,Совкомбанк Лизинг БО-П18,RUB,Financial,Россия,Московская биржа,1,1000,1000,RUB,1018.5,1015.5,1015.1,1013.8,101.51,0.5,14.3,0,30,12,Floating,True,2026-06-15T00:00:00Z,2027-12-07T00:00:00+03:00,2027-12-07T00:00:00+03:00,17.14,15.38,15.38,1.33,0,-0.1,-0.0001,True,False,False,False,False,False,2,False,False,False,1035
RU000A10D4V8,RU000A10D4V8,АйДи Коллект 001P-06,RUB,Financial,Россия,Московская биржа,1,1000,1000,RUB,1039.4,1037.2,1019.7,1021.9,101.97,17.3,18.49,22.5,30,12,Variable,False,2026-06-18T00:00:00Z,2029-09-30T00:00:00+03:00,2027-10-14T00:00:00Z,22.07,,22.89,1.14,0,-2.1,-0.0021,True,False,False,False,False,False,2,False,False,False,1017.3
RU000A107480,RU000A107480,Лизинг-Трейд 001P-10,RUB,Financial,Россия,Московская биржа,1,1000,1000,RUB,904.9,903.2,899.9,900.5,89.99,3.1,13.15,16,30,12,Fixed,False,2026-07-09T00:00:00Z,2028-09-26T00:00:00+03:00,2028-09-26T00:00:00+03:00,17.78,27.23,27.23,1.16,0,-0.7,-0.0008,True,False,False,False,False,False,2,False,False,False,804.1
RU000A10DJM8,RU000A10DJM8,Аквилон-Лизинг БО-04-001P,RUB,Financial,Россия,Московская биржа,1,840,840,RUB,858.9,856.8,846.216,844.536,100.74,12.684,46.07,22,91,4,Variable,False,2026-08-21T00:00:00Z,2028-11-17T00:00:00+03:00,2027-05-26T00:00:00Z,21.84,,22.62,0.73,0,-0.168,-0.0002,True,False,False,False,False,False,2,False,False,False,839.832
RU000A10DY01,RU000A10DY01,ГК Пионер БО 002P-02,RUB,RealEstate,Россия,Московская биржа,1,1000,1000,RUB,1044.8,1021.6,1010.2,1012.7,101.02,11.5,15.62,0,30,12,Floating,True,2026-06-24T00:00:00Z,2028-12-10T00:00:00+03:00,2028-12-10T00:00:00+03:00,18.81,17.66,17.66,2.02,0,-3,-0.003,True,False,False,False,False,False,2,False,False,False,1001.8
RU000A10BV89,RU000A10BV89,Арктик Технолоджи Сервис БО-01,RUB,Materials,,Московская биржа,1,1000,1000,RUB,1178.3,1173.4,1152.4,1155,115.24,20.7,23.01,28,30,12,Fixed,False,2026-06-19T00:00:00Z,2028-06-08T00:00:00+03:00,2028-06-08T00:00:00+03:00,24.3,20.42,20.42,1.55,0,-6.5,-0.0056,True,False,False,False,False,False,2,False,False,False,1047.8
RU000A10CJ84,RU000A10CJ84,Сибирское Стекло БО-02,RUB,Other,Россия,Московская биржа,1,1000,1000,RUB,992.1,991,975.3,971.1,97.53,16.8,20.14,24.5,30,12,Variable,False,2026-06-22T00:00:00Z,2028-08-09T00:00:00+03:00,2027-02-26T00:00:00Z,25.12,,32.6,0.62,0,2.5,0.0026,True,False,False,False,False,False,2,True,False,False,1006.2
RU000A104ZU1,RU000A104ZU1,АО им. Т.Г. Шевченко 001P-04,RUB,Consumer,Россия,Московская биржа,1,250,250,RUB,245.975,245.525,245.875,245.4,98.35,0,0.01,0.01,91,4,Variable,False,2026-07-23T00:00:00Z,2026-07-23T00:00:00+03:00,2026-07-23T00:00:00+03:00,0.01,17.88,17.88,0.1,0,0.0,0,False,True,False,False,False,False,2,False,False,False,213.05
RU000A10D4E4,RU000A10D4E4,Векус БО-01,RUB,,Россия,Московская биржа,1,1000,1000,RUB,1026.1,1024.2,1024.7,1024,102.47,1.5,22.19,27,30,12,Variable,False,2026-06-15T00:00:00Z,2028-10-01T00:00:00+03:00,2027-04-20T00:00:00Z,26.35,,26.51,0.76,0,1.4,0.0014,True,False,False,False,False,False,2,False,False,False,1000
RU000A107AU7,RU000A107AU7,ВЭБ.РФ ПБО-002Р-39,RUB,Financial,Россия,Московская биржа,1,1000,1000,RUB,989.4,986.6,981.2,980.4,98.12,8.1,,0,91,4,Floating,True,2026-08-27T00:00:00Z,2030-05-23T00:00:00+03:00,2030-05-23T00:00:00+03:00,16.47,15.16,15.16,3.07,0,0.5,0.0005,True,False,False,False,False,False,2,False,False,False,936
RU000A106NT4,RU000A106NT4,ПИМ БО-02,RUB,IT,Россия,Московская биржа,1,250,250,RUB,253.3,252.35,248.625,247.625,99.45,4.675,9.04,14.5,91,4,Fixed,False,2026-07-30T00:00:00Z,2026-07-30T00:00:00+03:00,2026-07-30T00:00:00+03:00,14.58,20.45,20.45,0.12,0,0.7,0.0028,True,False,False,False,False,False,2,False,False,False,229.075
RU000A1089L0,RU000A1089L0,АСВ БО-02-001P,RUB,Other,Россия,Московская биржа,1,680,680,RUB,699.448,697.612,674.56,674.356,99.2,24.956,33.91,20,91,4,Fixed,False,2026-07-10T00:00:00Z,2027-04-09T00:00:00+03:00,2027-04-09T00:00:00+03:00,20.16,23.7,23.7,0.43,0,2.244,0.0033,True,False,False,False,False,False,2,True,False,False,619.48
RU000A1070G0,RU000A1070G0,МФК Быстроденьги 002Р-03,RUB,Financial,Россия,Московская биржа,1,1000,1000,RUB,974.3,972.6,964.9,967.8,96.49,7.8,12.33,15,30,12,Fixed,False,2026-06-29T00:00:00Z,2027-03-24T00:00:00+03:00,2027-03-24T00:00:00+03:00,15.55,23.89,23.89,0.54,0,-0.5,-0.0005,True,False,False,False,False,False,2,True,False,False,840
RU000A10EPT8,RU000A10EPT8,ДиректЛизинг БО 002Р-06,RUB,Financial,Россия,Московская биржа,1,966.6,966.6,RUB,985.06206,982.64556,971.433,972.3996,100.5,13.62906,19.46,24.5,30,12,Fixed,False,2026-06-25T00:00:00Z,2031-03-01T00:00:00+03:00,2031-03-01T00:00:00+03:00,24.38,27.07,27.07,1.67,0,0.4833,0.0005,True,False,False,False,False,False,2,False,False,False,970.36974
RU000A10AG22,RU000A10AG22,Эн+ Гидро 001РС-06,RUB,Energy,Россия,Московская биржа,1,1000,1000,RUB,1033.8,1030.8,1019,1016,101.9,15,16.03,0,30,12,Floating,True,2026-06-18T00:00:00Z,2026-12-15T00:00:00+03:00,2026-12-15T00:00:00+03:00,19.14,15.66,15.66,0.47,0,0.0,0,True,False,False,False,False,False,2,False,False,False,1030
RU000A109QN4,RU000A109QN4,Экспобанк 001P-02,RUB,Financial,Россия,Московская биржа,1,1000,1000,RUB,1014.1,1010.2,1000.3,1000.1,100.03,9.4,14.1,0,30,12,Floating,True,2026-06-26T00:00:00Z,2029-09-08T00:00:00+03:00,2026-09-29T00:00:00Z,17.15,,17.83,0.28,0,0.1,0.0001,True,False,False,False,False,False,2,False,False,False,987.1
RU000A107076,RU000A107076,ЛК Роделен БО 002P-01,RUB,Financial,Россия,Московская биржа,1,1000,1000,RUB,1012.1,1010.7,999.5,998.6,99.95,12.3,18.49,22.5,30,12,Variable,False,2026-06-26T00:00:00Z,2028-09-13T00:00:00+03:00,2026-10-01T00:00:00Z,22.51,,25.18,0.28,0,0.3,0.0003,True,False,False,False,False,False,2,False,False,False,938.7
RU000A10EFW3,RU000A10EFW3,Лазерные системы БО-02,RUB,Other,Россия,Московская биржа,1,1000,1000,RUB,1079.6,1077.9,1073.1,1067.8,107.31,7.4,17.05,20.75,30,12,Fixed,False,2026-07-03T00:00:00Z,2029-02-17T00:00:00+03:00,2029-02-17T00:00:00+03:00,19.34,,18.76,2.09,0,3.8,0.0036,True,False,False,False,False,False,2,False,False,False,1027.1
RU000A1076A0,RU000A1076A0,БЭЛТИ-ГРАНД БО-П06,RUB,Financial,Россия,Московская биржа,1,1000,1000,RUB,917,914.3,909.2,915.1,90.92,8.1,11.51,14,30,12,Fixed,False,2026-06-25T00:00:00Z,2028-10-12T00:00:00+03:00,2028-10-12T00:00:00+03:00,15.4,24.98,24.98,1.1,0,-1.9,-0.0021,True,False,False,False,False,False,2,False,False,False,885.8
RU000A109B82,RU000A109B82,Бизнес Альянс 001P-06,RUB,Financial,Россия,Московская биржа,1,1000,1000,RUB,852.3,850.3,838.8,837.8,83.88,13.5,15.62,0,30,12,Floating,True,2026-06-22T00:00:00Z,2028-02-10T00:00:00+03:00,2028-02-10T00:00:00+03:00,22.65,33.87,33.87,1.4,0,0.1,0.0001,True,False,False,False,False,False,2,False,False,False,842
RU000A107FZ5,RU000A107FZ5,АПРИ БО-002Р-04,RUB,RealEstate,Россия,Московская биржа,1,1000,1000,RUB,1038.1,1035.8,981.1,980.4,98.11,57.9,59.84,24,91,4,Variable,False,2026-06-19T00:00:00Z,2027-12-17T00:00:00+03:00,2027-12-17T00:00:00+03:00,24.46,28.64,28.64,0.96,0,1.5,0.0015,True,False,False,False,False,False,2,False,False,False,1008.2
RU000A105WK6,RU000A105WK6,ВымпелКом 001Р-04,RUB,Telecom,Россия,Московская биржа,1,1000,1000,RUB,944.9,942.4,932.8,924.5,93.28,14.1,22.06,8.85,91,4,Fixed,False,2026-07-20T00:00:00Z,2028-04-17T00:00:00+03:00,2028-04-16T00:00:00Z,9.49,,13.67,1.68,0,3.8,0.0041,False,True,False,False,False,False,2,False,False,False,834.9
RU000A10CCJ1,RU000A10CCJ1,Славянск ЭКО ЭКО 001Р-04,RUB,Energy,Россия,Московская биржа,1,7190.77,100,USD,7228.68693021,7184.30549777,7110.82301914,7091.33603244,98.8882,74.064931,79.1,13,31,12,Fixed,False,2026-06-18T00:00:00Z,2028-09-01T00:00:00+03:00,2028-09-01T00:00:00+03:00,13.15,14.41,14.41,1.92,0,-29.59001855,-0.0041,False,True,False,False,False,False,2,False,False,False,7122.46487577
RU000A108L65,RU000A108L65,АйДи Коллект 07,RUB,Financial,Россия,Московская биржа,1,1000,1000,RUB,1012.2,1011.5,1000.7,1000.1,100.07,11.5,15.62,19,30,12,Fixed,False,2026-06-24T00:00:00Z,2027-05-20T00:00:00+03:00,2027-05-20T00:00:00+03:00,18.99,20.56,20.56,0.45,0,1,0.001,True,False,False,False,False,False,2,False,False,False,927.7
RU000A104V00,RU000A104V00,Пионер-Лизинг БР5,RUB,Financial,Россия,Московская биржа,1,1000,1000,RUB,798.6,790.1,798.6,787.9,79.86,0,19.14,23.29,30,12,Floating,True,2026-06-16T00:00:00Z,2032-04-15T00:00:00+03:00,2032-04-15T00:00:00+03:00,29.16,34.87,34.87,2.96,0,-4.5,-0.0056,True,False,False,False,False,False,2,True,False,False,970
RU000A102556,RU000A102556,СЭЗ им. Серго Орджоникидзе 001Р-02,RUB,Industrials,Россия,Московская биржа,1,1000,1000,RUB,933.7,926.3,926.3,928.9,92.63,0,26.8,10.75,91,4,Fixed,False,2026-06-16T00:00:00Z,2027-09-14T00:00:00+03:00,2027-09-14T00:00:00+03:00,11.61,18.63,18.63,1.18,0,-2.7,-0.0029,True,False,False,False,False,False,2,False,False,False,840.1
RU000A10ERA4,RU000A10ERA4,ЭкономЛизинг 002Р-02,RUB,Financial,Россия,Московская биржа,1,1000,1000,RUB,1080.4,1077.9,1029.1,1031,102.91,46.6,57.34,23,91,4,Fixed,False,2026-07-03T00:00:00Z,2029-03-30T00:00:00+03:00,2029-03-30T00:00:00+03:00,22.35,,23.38,2.05,0,-5.7,-0.0055,True,False,False,False,False,False,2,False,False,False,1008.9
RU000A108462,RU000A108462,МФК Джой Мани 001P-02,RUB,Financial,Россия,Московская биржа,1,1000,1000,RUB,984.4,980.5,975,969.4,97.5,14.7,15.21,18.5,30,12,Floating,True,2026-06-17T00:00:00Z,2027-03-14T00:00:00+03:00,2027-03-14T00:00:00+03:00,18.97,23.1,23.1,0.69,0,11.9,0.0124,True,False,False,False,False,False,2,True,False,False,868
RU000A107AZ6,RU000A107AZ6,МФК Саммит 001Р-02,RUB,Financial,Россия,Московская биржа,1,251.2,251.2,RUB,253.81248,252.35552,249.6928,250.39616,99.4,2.8888,3.1,15,30,12,Fixed,False,2026-06-18T00:00:00Z,2026-11-15T00:00:00+03:00,2026-11-15T00:00:00+03:00,15.09,19.48,19.48,0.21,0,0.0,0,False,True,False,False,False,False,2,True,False,False,229.24512
RU000A108VM8,RU000A108VM8,Ред Софт БО 002Р-05,RUB,IT,Россия,Московская биржа,1,1000,1000,RUB,1050.9,1047.9,1007.1,1007,100.71,43.8,51.11,20.5,91,4,Fixed,False,2026-06-29T00:00:00Z,2026-06-29T00:00:00+03:00,2026-06-29T00:00:00+03:00,20.36,0.54,0.54,0.04,0,0.0,0,True,False,False,False,False,False,2,False,False,False,1039.9
RU000A10B2D2,RU000A10B2D2,Патриот Групп 001Р-01,RUB,Consumer,Россия,Московская биржа,1,1000,1000,RUB,1049.9,1049.8,1042.5,1040.7,104.25,7.4,22.19,27,30,12,Fixed,False,2026-07-06T00:00:00Z,2028-02-26T00:00:00+03:00,2028-02-26T00:00:00+03:00,25.9,,26.74,1.38,0,1.8,0.0017,True,False,False,False,False,False,2,False,False,False,1042
RU000A10AEE2,RU000A10AEE2,ТГК-14 001Р-04,RUB,Utilities,Россия,Московская биржа,1,1000,1000,RUB,1029.8,1007.4,1004.2,1016.8,100.42,2.3,17.26,0,30,12,Floating,True,2026-06-15T00:00:00Z,2027-06-07T00:00:00+03:00,2027-06-07T00:00:00+03:00,20.91,20.89,20.89,0.89,0,0.0,0,True,False,False,False,False,False,2,False,False,False,982.2
RU000A10BGC9,RU000A10BGC9,МФК Мани Мен БО-02-01,RUB,Financial,,Московская биржа,1,1000,1000,RUB,1121.6,1119.7,1100,1104,110,19.6,20.96,25.5,30,12,Fixed,False,2026-06-18T00:00:00Z,2029-04-03T00:00:00+03:00,2029-04-03T00:00:00+03:00,23.18,22.24,22.24,1.83,0,0.0,0,True,False,False,False,False,False,2,True,False,False,1037.6
RU000A102SV8,RU000A102SV8,АФК Система БО 001P-18,RUB,Financial,Россия,Московская биржа,1,1000,1000,RUB,906,905.9,900,897.4,90,6,24.93,10,91,4,Variable,False,2026-08-24T00:00:00Z,2031-02-17T00:00:00+03:00,2028-05-25T00:00:00Z,11.11,,17.09,1.77,0,5.5,0.0061,True,False,False,False,False,False,2,False,False,False,1013.2
RU000A10BLP1,RU000A10BLP1,Регион-Продукт БО-01,RUB,Consumer,Россия,Московская биржа,1,1000,1000,RUB,1044,1039.2,1037.4,1050.2,103.74,1.7,25.48,31,30,12,Fixed,False,2026-06-15T00:00:00Z,2028-05-04T00:00:00+03:00,2028-05-04T00:00:00+03:00,29.88,,32.43,1.46,0,-2.6,-0.0025,True,False,False,False,False,False,2,True,False,False,1047.2
RU000A10CT09,RU000A10CT09,Интел Коллект БО-01,RUB,Financial,Россия,Московская биржа,1,900,900,RUB,937.17,935.82,921.15,919.8,102.35,16.02,18.49,25,30,12,Fixed,False,2026-06-22T00:00:00Z,2028-09-07T00:00:00+03:00,2028-09-07T00:00:00+03:00,24.43,,25.89,1.33,0,0.0,0,True,False,False,False,False,False,2,True,False,False,908.28
RU000A105DS9,RU000A105DS9,АПРИ БО-002Р-01,RUB,RealEstate,Россия,Московская биржа,1,1000,1000,RUB,1020.4,1020.3,992.8,991,99.28,27.6,59.84,24,91,4,Variable,False,2026-08-04T00:00:00Z,2026-11-03T00:00:00+03:00,2026-11-03T00:00:00+03:00,24.17,29.61,29.61,0.25,0,-0.8,-0.0008,True,False,False,False,False,False,2,False,False,False,989.9
RU000A10AFQ3,RU000A10AFQ3,Миррико БО-П02,RUB,Materials,Россия,Московская биржа,1,1000,1000,RUB,896.7,894,851.9,848.9,85.19,44.9,48.62,19.5,91,4,Floating,True,2026-06-23T00:00:00Z,2027-12-21T00:00:00+03:00,2027-12-21T00:00:00+03:00,22.89,,36.94,0.99,0,0.1,0.0001,True,False,False,False,False,False,2,False,False,False,910
RU000A107YT9,RU000A107YT9,Агрофирма Рубеж 001Р-02,RUB,Consumer,Россия,Московская биржа,1,1000,1000,RUB,825.7,825.4,822.1,816.6,82.21,3.6,46.12,18.5,91,4,Fixed,False,2026-09-08T00:00:00Z,2029-03-06T00:00:00+03:00,2029-03-06T00:00:00+03:00,22.5,31.14,31.14,2.13,0,-1.8,-0.0022,True,False,False,False,False,False,2,False,False,False,860
RU000A10ERH9,RU000A10ERH9,АВТОБАН-Финанс БО-П09,RUB,Financial,Россия,Московская биржа,1,1000,1000,RUB,1007.5,1005.6,998.4,1000,99.84,6.9,14.79,18,30,12,Floating,True,2026-07-02T00:00:00Z,2032-03-02T00:00:00+03:00,2027-12-29T00:00:00Z,18.03,,17.44,1.36,0,0.0,0,True,False,False,False,False,False,2,False,False,False,1000
RU000A105SK4,RU000A105SK4,ЛК Роделен БО 001Р-04,RUB,Financial,Россия,Московская биржа,1,633.7,633.7,RUB,630.97509,629.2641,627.74322,626.0956,99.06,0.69707,10.96,20,30,12,Variable,False,2026-06-15T00:00:00Z,2028-01-05T00:00:00+03:00,2027-03-16T00:00:00Z,20.19,,24.05,0.55,0,2.28132,0.0036,True,False,False,False,False,False,2,False,False,False,624.57472
RU000A10C5J1,RU000A10C5J1,Талан-Финанс БО 001Р-04,RUB,Financial,Россия,Московская биржа,1,1000,1000,RUB,942.6,939.8,925.3,925.4,92.53,15.5,16.03,0,30,12,Floating,True,2026-06-17T00:00:00Z,2028-07-06T00:00:00+03:00,2028-07-06T00:00:00+03:00,21.07,25.94,25.94,1.35,0,0.0,0,True,False,False,False,False,False,2,False,False,False,998.5
RU000A10DLN2,RU000A10DLN2,ПКО Финэква 001Р-01,RUB,Financial,Россия,Московская биржа,1,1000,1000,RUB,1048.3,1046.3,1034.8,1033,103.48,13.8,19.73,24,30,12,Fixed,False,2026-06-25T00:00:00Z,2029-11-06T00:00:00+03:00,2029-11-06T00:00:00+03:00,23.19,,24.82,2.12,0,0.1,0.0001,True,False,False,False,False,False,2,True,False,False,1029
RU000A10E9V6,RU000A10E9V6,ПЕРВОУРАЛЬСКБАНК 001Р-02,RUB,Financial,Россия,Московская биржа,1,1000,1000,RUB,1024.9,1022.8,1023.2,1023,102.32,1.7,17.26,21,30,12,Fixed,False,2026-06-15T00:00:00Z,2029-01-28T00:00:00+03:00,2029-01-28T00:00:00+03:00,20.52,20.77,20.77,1.18,0,0.5,0.0005,True,False,False,False,False,False,2,False,False,False,1004.2
RU000A109NA8,RU000A109NA8,СОЛИД СпецАвтоТехЛизинг 01,RUB,Financial,Россия,Московская биржа,1,600,600,RUB,614.04,613.86,603.18,601.68,100.53,10.68,11.84,24,30,12,Fixed,False,2026-06-19T00:00:00Z,2028-03-10T00:00:00+03:00,2028-03-10T00:00:00+03:00,23.87,26.12,26.12,0.93,0,-1.2,-0.002,True,False,False,False,False,False,2,False,False,False,581.4
RU000A10CZ35,RU000A10CZ35,Транспортная ЛК 001P-04,RUB,Other,Россия,Московская биржа,1,1000,1000,RUB,1012.3,1011.2,1000,1000,100,11.2,19.73,24,30,12,Variable,False,2026-06-29T00:00:00Z,2028-09-16T00:00:00+03:00,2027-01-19T00:00:00Z,24,,26.83,0.55,0,0,0,True,False,False,False,False,False,2,False,False,False,1000.2
RU000A105SP3,RU000A105SP3,Сегежа 003P-02R,RUB,Materials,Россия,Московская биржа,1,1000,1000,RUB,1035.8,1032.3,1003.2,1004.8,100.32,31.5,62.33,25,91,4,Variable,False,2026-07-31T00:00:00Z,2038-01-15T00:00:00+03:00,2027-05-04T00:00:00Z,24.92,,26.89,0.79,0,2.7,0.0027,True,False,False,False,False,False,2,False,False,False,1010.5
RU000A10DY27,RU000A10DY27,Артген БО-02,RUB,HealthCare,Россия,Московская биржа,1,1000,1000,RUB,1077.4,1077,1063,1059,106.3,14.4,17.26,21,30,12,Fixed,False,2026-06-22T00:00:00Z,2030-11-27T00:00:00+03:00,2030-11-27T00:00:00+03:00,19.76,,20.62,2.94,0,3,0.0028,True,False,False,False,False,False,2,False,False,False,1061.7
RU000A10CF88,RU000A10CF88,Банк ГПБ БО 006Р-01P,RUB,Energy,Россия,Московская биржа,1,1000,1000,RUB,578.1,576.5,578.2,576.1,57.82,0,,0,,0,Zero,False,,2030-08-26T00:00:00+03:00,2030-08-26T00:00:00+03:00,,13.94,13.94,4.2,0,3.2,0.0056,True,False,False,False,False,False,2,False,False,False,548.2
RU000A107DM8,RU000A107DM8,Росагролизинг 001P-04,RUB,Financial,Россия,Московская биржа,1,1000,1000,RUB,1016,1006.9,1006.7,1007.9,100.67,2.3,82.27,16.5,182,2,Floating,True,2026-12-10T00:00:00Z,2028-12-07T00:00:00+03:00,2028-12-07T00:00:00+03:00,16.39,14.61,14.61,2.16,0,0.0,0,False,True,False,False,False,False,2,True,False,False,971.1
RU000A1098T4,RU000A1098T4,СибСульфур БО-01-001P,RUB,Materials,Россия,Московская биржа,1,1000,1000,RUB,1001.5,999,979,979.3,97.9,22.6,62.33,25,91,4,Fixed,False,2026-08-13T00:00:00Z,2027-08-12T00:00:00+03:00,2027-08-12T00:00:00+03:00,25.54,30.59,30.59,0.83,0,3.2,0.0033,True,False,False,False,False,False,2,False,False,False,986.4
RU000A1067H4,RU000A1067H4,Легенда БО 002Р-01,RUB,Consumer,Россия,Московская биржа,1,1000,1000,RUB,1017.6,1013,988.7,997.5,98.87,21.4,48.62,0,91,4,Floating,True,2026-08-06T00:00:00Z,2027-05-06T00:00:00+03:00,2027-05-06T00:00:00+03:00,19.72,22.43,22.43,0.48,0,0.0,0,False,True,False,False,False,False,2,False,False,False,911.6
RU000A10CU30,RU000A10CU30,Патриот Групп 001Р-02,RUB,Consumer,Россия,Московская биржа,1,1000,1000,RUB,1013.9,1013.8,1000,998.3,100,13.9,18.08,22,30,12,Fixed,False,2026-06-23T00:00:00Z,2028-09-10T00:00:00+03:00,2028-09-10T00:00:00+03:00,22,,24.36,1.76,0,0.2,0.0002,True,False,False,False,False,False,2,False,False,False,1001
RU000A10B4T4,RU000A10B4T4,Пионер-Лизинг БО7,RUB,Financial,Россия,Московская биржа,1,1000,1000,RUB,711.1,707.5,697,676.9,69.7,17.1,17.67,21.5,30,12,Floating,True,2026-06-17T00:00:00Z,2035-01-31T00:00:00+03:00,2035-01-31T00:00:00+03:00,30.85,,36.02,3.14,0,2,0.0029,True,False,False,False,False,False,2,True,False,False,999.9
RU000A107BP5,RU000A107BP5,Сегежа 003P-03R,RUB,Materials,Россия,Московская биржа,1,1000,1000,RUB,992.7,987.3,984.3,982.9,98.43,6.4,,0,91,4,Floating,True,2026-09-02T00:00:00Z,2026-09-02T00:00:00+03:00,2026-09-02T00:00:00+03:00,18.74,27.68,27.68,0.21,0,0.8,0.0008,True,False,False,False,False,False,2,False,False,False,902.2
RU000A104CF1,RU000A104CF1,Солид-Лизинг 01,RUB,Financial,Россия,Московская биржа,1,250,250,RUB,264.825,263.975,249.125,248.9,99.65,14.95,16.21,26,91,4,Variable,False,2026-06-23T00:00:00Z,2026-12-22T00:00:00+03:00,2026-06-30T00:00:00Z,26.09,,36.99,0.03,0,0.0,0,False,True,False,False,False,False,2,True,False,False,248.375
RU000A108VL0,RU000A108VL0,Банк ГПБ БО 005Р-12Р,RUB,Energy,Россия,Московская биржа,1,1000,1000,RUB,998,996.3,991.8,987.4,99.18,6.2,12.33,15,30,12,Floating,True,2026-07-01T00:00:00Z,2028-02-01T00:00:00+03:00,2028-02-01T00:00:00+03:00,15.12,14.43,14.43,1.46,0,0.7,0.0007,True,False,False,False,False,False,2,False,False,False,966.8
RU000A10EF11,RU000A10EF11,Промомед ДМ 002P-03,RUB,HealthCare,Россия,Московская биржа,1,1000,1000,RUB,1000.9,999.5,994.7,993.4,99.47,6.4,13.73,0,30,12,Floating,True,2026-07-02T00:00:00Z,2028-02-22T00:00:00+03:00,2028-02-22T00:00:00+03:00,16.79,16.16,16.16,1.49,0,0.0,0,True,False,False,False,False,False,2,False,False,False,999.8
RU000A104FG2,RU000A104FG2,Сегежа 002P-03R,RUB,Materials,Россия,Московская биржа,1,1000,1000,RUB,1021.6,1016.1,986.5,986,98.65,35.4,58.59,23.5,91,4,Variable,False,2026-07-22T00:00:00Z,2037-01-07T00:00:00+03:00,2027-07-26T00:00:00Z,23.82,,27.32,0.97,0,-0.1,-0.0001,True,False,False,False,False,False,2,False,False,False,912.4
RU000A106169,RU000A106169,ППК РЭО 02,RUB,Other,Россия,Московская биржа,1,707.69,707.69,RUB,738.191439,736.139138,707.69,707.69,100,29.227597,33.26,18.85,91,4,Floating,True,2026-06-29T00:00:00Z,2031-12-22T00:00:00+03:00,2031-12-20T00:00:00Z,18.85,,16.86,2.04,0,0.0,0,False,True,False,False,False,False,2,False,False,False,680.019321
RU000A10B727,RU000A10B727,МСБ-Лизинг 003P-05,RUB,Financial,Россия,Московская биржа,1,1000,1000,RUB,975,969.7,955,961.5,95.5,14.6,16.85,0,30,12,Floating,True,2026-06-22T00:00:00Z,2030-03-01T00:00:00+03:00,2030-03-01T00:00:00+03:00,21.47,23.22,23.22,1.77,0,-5.8,-0.006,True,False,False,False,False,False,2,False,False,False,999.7
RU000A10F710,RU000A10F710,Южноуральский ЛЦ 001Р-02,RUB,Other,Россия,Московская биржа,1,1000,1000,RUB,1041.4,1038.8,1024,1023.3,102.4,17.4,19.32,23.5,30,12,Fixed,False,2026-06-19T00:00:00Z,2029-05-04T00:00:00+03:00,2029-05-04T00:00:00+03:00,22.95,,24.63,1.85,0,1.3,0.0013,True,False,False,False,False,False,2,False,False,False,1024
RU000A10DLC5,RU000A10DLC5,АСВ БО-04-001P,RUB,Other,Россия,Московская биржа,1,1000,1000,RUB,1092.3,1086.4,1077.2,1076.8,107.72,15.1,20.55,25,30,12,Fixed,False,2026-06-24T00:00:00Z,2028-11-10T00:00:00+03:00,2028-11-10T00:00:00+03:00,23.21,23.01,23.01,1.83,0,0.0,0,True,False,False,False,False,False,2,True,False,False,1040
RU000A0ZYWU3,RU000A0ZYWU3,АФК Система БО 001P-08,RUB,Financial,Россия,Московская биржа,1,1000,1000,RUB,1010.6,1008.5,972.6,984.6,97.26,36.5,59.84,12,182,2,Variable,False,2026-08-26T00:00:00Z,2028-02-23T00:00:00+03:00,2028-02-23T00:00:00+03:00,12.34,14.32,14.32,1.53,0,0.0,0,True,False,False,False,False,False,2,False,False,False,999.9
RU000A10AYD2,RU000A10AYD2,Новые Технологии 001Р-03,RUB,Materials,Россия,Московская биржа,1,1000,1000,RUB,1020.1,1015.7,1006.4,1006.5,100.64,13.7,49.86,0,91,4,Floating,True,2026-08-21T00:00:00Z,2027-02-19T00:00:00+03:00,2027-02-19T00:00:00+03:00,19.87,19.09,19.09,0.65,0,-0.1,-0.0001,True,False,False,False,False,False,2,False,False,False,971.8
RU000A10C5U8,RU000A10C5U8,Гидромашсервис 001Р-05,RUB,Consumer,,Московская биржа,1,1000,1000,RUB,1018,1014,1003.3,1002.9,100.33,13.6,14.59,17.75,30,12,Floating,True,2026-06-18T00:00:00Z,2035-07-01T00:00:00+03:00,2027-07-16T00:00:00Z,17.69,,17,0.98,0,0.0,0,True,False,False,False,False,False,2,False,False,False,1012.4
RU000A10A1N4,RU000A10A1N4,Альфа-Лизинг БО-02,RUB,Financial,Россия,Московская биржа,1,1000,1000,RUB,1025.5,1025.3,1008.5,1005.8,100.85,16.8,43.63,0,91,4,Floating,True,2026-08-11T00:00:00Z,2027-11-09T00:00:00+03:00,2027-11-09T00:00:00+03:00,17.35,15.6,15.6,1.26,0,1.2,0.0012,True,False,False,False,False,False,2,False,False,False,1006.4
RU000A106VN0,RU000A106VN0,Трейдберри БО-01,RUB,Consumer,Россия,Московская биржа,1,1000,1000,RUB,984.7,978.4,975.8,975.8,97.58,8.9,14.79,18,30,12,Fixed,False,2026-06-29T00:00:00Z,2026-08-27T00:00:00+03:00,2026-08-27T00:00:00+03:00,18.45,35.5,35.5,0.19,0,0.0,0,True,False,False,False,False,False,2,True,False,False,848.2
RU000A109JS8,RU000A109JS8,Ростелеком 001P-11R,RUB,Telecom,Россия,Московская биржа,1,1000,1000,RUB,1002.5,1000.4,1000,1002.2,100,0.4,39.98,0,91,4,Floating,True,2026-06-15T00:00:00Z,2027-09-13T00:00:00+03:00,2027-09-13T00:00:00+03:00,16.04,14.76,14.76,1.16,0,0,0,True,False,False,False,False,False,2,False,False,False,989.9
RU000A10C3N8,RU000A10C3N8,Миррико БО-П03,RUB,Materials,,Московская биржа,1,1000,1000,RUB,995.5,992.2,995,993.4,99.5,1.9,18.49,22.5,30,12,Fixed,False,2026-06-15T00:00:00Z,2028-07-02T00:00:00+03:00,2028-07-02T00:00:00+03:00,22.61,,25.37,1.57,0,-2.5,-0.0025,True,False,False,False,False,False,2,False,False,False,994
RU000A10E5S0,RU000A10E5S0,ТАЛК 002P-04,RUB,Financial,Россия,Московская биржа,1,1000,1000,RUB,1014.6,1013.4,1000.8,1000.2,100.08,13.8,19.73,24,30,12,Variable,False,2026-06-25T00:00:00Z,2030-01-05T00:00:00+03:00,2030-01-05T00:00:00+03:00,23.98,26.77,26.77,1.61,0,0.6,0.0006,True,False,False,False,False,False,2,False,False,False,999.9
RU000A104WZ7,RU000A104WZ7,Электроаппарат БО-01,RUB,Utilities,Россия,Московская биржа,1,1000,1000,RUB,1059.1,1056.3,1001.9,1000.2,100.19,56.2,62.33,25,91,4,Variable,False,2026-06-25T00:00:00Z,2026-06-25T00:00:00+03:00,2026-06-25T00:00:00+03:00,24.95,17.74,17.74,0.02,0,0.0,0,False,True,False,False,False,False,2,False,False,False,985.5
RU000A10AC67,RU000A10AC67,ВОКСИС 01,RUB,Other,Россия,Московская биржа,1,1000,1000,RUB,1033.3,1029.3,1019.6,1019.9,101.96,16.5,17.67,21.5,30,12,Floating,True,2026-06-18T00:00:00Z,2028-12-04T00:00:00+03:00,2028-12-04T00:00:00+03:00,21.09,,19.76,1.65,0,1.8,0.0018,True,False,False,False,False,False,2,False,False,False,1018
RU000A105W08,RU000A105W08,Металлоинвест 001P-04,RUB,Industrials,Россия,Московская биржа,1,1000,1000,RUB,1047.2,1045.6,994,994.9,99.4,52.6,80.32,0,182,2,Floating,True,2026-08-19T00:00:00Z,2027-02-17T00:00:00+03:00,2027-02-17T00:00:00+03:00,16.21,16.13,16.13,0.64,0,0.0,0,True,False,False,False,False,False,2,False,False,False,973
RU000A106EV9,RU000A106EV9,КИФА 001P-01,RUB,Consumer,Россия,Московская биржа,1,500,500,RUB,516.6,515.15,498.3,497.8,99.66,16.9,18.08,14.5,91,4,Fixed,False,2026-06-22T00:00:00Z,2026-06-22T00:00:00+03:00,2026-06-22T00:00:00+03:00,14.55,40.7,40.7,0.02,0,-1.05,-0.0021,True,False,False,False,False,False,2,False,False,False,465.75
RU000A10BHX3,RU000A10BHX3,Сибирский КХП 001P-03,RUB,Other,Россия,Московская биржа,1,1000,1000,RUB,1039.1,1036.1,1023,1029.9,102.3,16.1,20.96,25.5,30,12,Fixed,False,2026-06-23T00:00:00Z,2029-04-08T00:00:00+03:00,2029-04-08T00:00:00+03:00,24.93,,26.49,1.3,0,0.9,0.0009,True,False,False,False,False,False,2,False,False,False,1001
RU000A107FN1,RU000A107FN1,ТЕХНО Лизинг 001Р-06,RUB,Financial,Россия,Московская биржа,1,1000,1000,RUB,880.7,879.8,877,879.2,87.7,3.7,13.97,17,30,12,Fixed,False,2026-07-08T00:00:00Z,2028-11-24T00:00:00+03:00,2028-11-24T00:00:00+03:00,19.38,26.87,26.87,1.87,0,-3.9,-0.0044,True,False,False,False,False,False,2,False,False,False,806.7
RU000A100W60,RU000A100W60,Европлан БО 03,RUB,Other,Россия,Московская биржа,1,1000,1000,RUB,1074.2,1072.3,1030.4,1029.8,103.04,43.8,97.23,19.5,182,2,Variable,False,2026-09-24T00:00:00Z,2029-09-20T00:00:00+03:00,2027-03-30T00:00:00Z,18.92,,15.72,0.74,0,-0.5,-0.0005,True,False,False,False,False,False,2,False,False,False,1038.1
RU000A1094T3,RU000A1094T3,ДиректЛизинг БО 002Р-03,RUB,Financial,Россия,Московская биржа,1,632.6,632.6,RUB,569.15022,567.25242,559.5347,559.78774,88.45,7.71772,9.62,18.5,30,12,Floating,True,2026-06-22T00:00:00Z,2029-07-06T00:00:00+03:00,2029-07-06T00:00:00+03:00,20.92,29.74,29.74,1.22,0,0.0,0,False,True,False,False,False,False,2,False,False,False,559.851
RU000A10ERS6,RU000A10ERS6,Бустер.Ру БО-03,RUB,Financial,Россия,Московская биржа,1,1000,1000,RUB,1044.2,1041.9,1035.5,1034.9,103.55,6.4,19.32,23.5,30,12,Fixed,False,2026-07-06T00:00:00Z,2029-03-22T00:00:00+03:00,2029-03-22T00:00:00+03:00,22.69,,23.72,1.75,0,-2.5,-0.0024,True,False,False,False,False,False,2,True,False,False,1014.3
RU000A10B735,RU000A10B735,МСБ-Лизинг 003P-04,RUB,Financial,Россия,Московская биржа,1,1000,1000,RUB,1029.2,1026.9,1010.5,1007.6,101.05,18.9,21.78,26.5,30,12,Variable,False,2026-06-22T00:00:00Z,2030-03-01T00:00:00+03:00,2026-09-23T00:00:00Z,26.22,,24.94,0.26,0,0.4,0.0004,True,False,False,False,False,False,2,False,False,False,1000
RU000A102GJ8,RU000A102GJ8,Банк ГПБ БО 001Р-19Р,RUB,Financial,Россия,Московская биржа,1,1000,1000,RUB,987.5,987.4,985.5,987.1,98.55,1.8,63.92,12.75,183,2,Variable,False,2026-12-11T00:00:00Z,2030-12-11T00:00:00+03:00,2027-06-16T00:00:00Z,12.94,,14.87,0.97,0,-0.2,-0.0002,True,False,False,False,False,False,2,False,False,False,925.4
RU000A10BNE1,RU000A10BNE1,Компания Симпл 001Р-03,RUB,Other,Россия,Московская биржа,1,1000,1000,RUB,1027.1,1026,1007.9,1010,100.79,17.9,18.49,22.5,30,12,Fixed,False,2026-06-17T00:00:00Z,2026-08-16T00:00:00+03:00,2026-08-16T00:00:00+03:00,22.32,19.16,19.16,0.16,0,-2.3,-0.0023,True,False,False,False,False,False,2,False,False,False,1023.1
RU000A108BX7,RU000A108BX7,Татнефтехим 001-P-02,RUB,Consumer,Россия,Московская биржа,1,1000,1000,RUB,1011.2,1011,1010.1,1014.3,101.01,1.1,33.7,20.5,60,6,Variable,False,2026-06-15T00:00:00Z,2029-03-30T00:00:00+03:00,2027-04-14T00:00:00Z,20.3,,20.77,0.78,0,-5.9,-0.0058,True,False,False,False,False,False,2,False,False,False,1033.7
RU000A10D4S4,RU000A10D4S4,ПЭТ ПЛАСТ 001Р-01,RUB,Other,Россия,Московская биржа,1,1000,1000,RUB,1055.7,1052.9,1035.7,1032.5,103.57,20,21.37,26,30,12,Fixed,False,2026-06-18T00:00:00Z,2028-10-05T00:00:00+03:00,2028-10-05T00:00:00+03:00,25.1,26.33,26.33,1.46,0,-0.1,-0.0001,True,False,False,False,False,False,2,False,False,False,1017.3
RU000A1084N7,RU000A1084N7,Сергиевское БО-01,RUB,Other,Россия,Московская биржа,1,1000,1000,RUB,1038.5,1035.5,991.9,991.2,99.19,44.4,49.86,20,91,4,Fixed,False,2026-06-26T00:00:00Z,2027-03-26T00:00:00+03:00,2027-03-26T00:00:00+03:00,20.16,24.09,24.09,0.37,0,0.4,0.0004,True,False,False,False,False,False,2,False,False,False,955
RU000A10F8G8,RU000A10F8G8,СПМК БО-03,RUB,Consumer,Россия,Московская биржа,1,1000,1000,RUB,1019.6,1018.3,1009.7,1006.9,100.97,9.9,14.79,18,30,12,Fixed,False,2026-06-26T00:00:00Z,2029-11-07T00:00:00+03:00,2029-11-07T00:00:00+03:00,17.83,,19.05,2.26,0,0.3,0.0003,True,False,False,False,False,False,2,False,False,False,1009.7
RU000A1074N8,RU000A1074N8,Практика ЛК 001Р-02,RUB,Industrials,Россия,Московская биржа,1,160,160,RUB,160.384,159.824,159.52,160.048,99.7,0.288,2.53,15.7,31,12,Fixed,False,2026-06-15T00:00:00Z,2026-11-14T00:00:00+03:00,2026-11-14T00:00:00+03:00,15.75,18.22,18.22,0.25,0,-0.32,-0.002,False,True,False,False,False,False,2,False,False,False,152.128
RU000A10CLT1,RU000A10CLT1,СФО РЛО-2 класс А А,RUB,Other,Россия,Московская биржа,1,893.7,893.7,RUB,940.26177,938.11689,895.04055,895.04055,100.15,45.22122,53.48,24,91,4,Fixed,False,2026-06-30T00:00:00Z,2030-08-23T00:00:00+03:00,2030-08-23T00:00:00+03:00,23.96,26.1,26.1,1.44,0,1.87677,0.0021,True,False,False,False,False,False,2,False,False,False,927.6606
RU000A1075R6,RU000A1075R6,Регион-Продукт БО 001Р-04,RUB,Consumer,Россия,Московская биржа,1,1000,1000,RUB,1004.2,999.3,990.1,994.7,99.01,14.1,15.62,19,30,12,Fixed,False,2026-06-19T00:00:00Z,2026-10-17T00:00:00+03:00,2026-10-17T00:00:00+03:00,19.19,24.46,24.46,0.32,0,2.6,0.0026,True,False,False,False,False,False,2,False,False,False,921
RU000A106GB6,RU000A106GB6,Лизинг-Трейд 001P-09,RUB,Financial,Россия,Московская биржа,1,1000,1000,RUB,921.2,919.2,908.3,910.3,90.83,10.7,11.51,14,30,12,Fixed,False,2026-06-18T00:00:00Z,2028-06-07T00:00:00+03:00,2028-06-07T00:00:00+03:00,15.41,27.42,27.42,0.91,0,0.1,0.0001,True,False,False,False,False,False,2,False,False,False,800.9
RU000A103RL9,RU000A103RL9,Петроинжиниринг 001P-01,RUB,Materials,Россия,Московская биржа,1,1000,1000,RUB,1010.6,1007.8,987.4,987.4,98.74,23.5,24.31,9.75,91,4,Variable,False,2026-06-19T00:00:00Z,2026-09-18T00:00:00+03:00,2026-09-18T00:00:00+03:00,9.87,15.67,15.67,0.25,0,0.0,0,False,True,False,False,False,False,2,False,False,False,895.4
RU000A107P62,RU000A107P62,Сибирский КХП 001P-02,RUB,Other,Россия,Московская биржа,1,1000,1000,RUB,901,897.2,877.7,874.3,87.77,21.9,39.89,16,91,4,Fixed,False,2026-07-27T00:00:00Z,2028-01-24T00:00:00+03:00,2028-01-24T00:00:00+03:00,18.23,26.9,26.9,1.41,0,0.3,0.0003,True,False,False,False,False,False,2,False,False,False,847.5
RU000A10AFT7,RU000A10AFT7,ЭР-Телеком Холдинг ПБО-02-07,RUB,Telecom,Россия,Московская биржа,1,1000,1000,RUB,1030.8,1028.4,1014,1020.9,101.4,16.3,16.85,0,30,12,Floating,True,2026-06-17T00:00:00Z,2026-12-14T00:00:00+03:00,2026-12-14T00:00:00+03:00,20.22,17.97,17.97,0.47,0,2.9,0.0029,False,True,False,False,False,False,2,False,False,False,1036.9
RU000A0ZYR91,RU000A0ZYR91,ГТЛК БО 001Р-08,RUB,Financial,Россия,Московская биржа,1,1000,1000,RUB,958.5,958.1,943.3,948.7,94.33,15.2,28.22,11.32,91,4,Variable,False,2026-07-28T00:00:00Z,2033-01-18T00:00:00+03:00,2027-07-30T00:00:00Z,12,,18.08,1.05,0,-0.8,-0.0008,True,False,False,False,False,False,2,False,False,False,869
RU000A102FS1,RU000A102FS1,АФК Система БО 001P-16,RUB,Financial,Россия,Московская биржа,1,1000,1000,RUB,929.1,926.1,924.9,920,92.49,4.2,25.68,10.3,91,4,Variable,False,2026-08-31T00:00:00Z,2030-11-25T00:00:00+03:00,2027-06-03T00:00:00Z,11.14,,20.4,0.93,0,2.3,0.0025,True,False,False,False,False,False,2,False,False,False,849.6
RU000A0ZYKH5,RU000A0ZYKH5,Оренбургская область 35004,RUB,Municipal,Россия,Московская биржа,1,600,600,RUB,591.24,583.68,582.06,585.96,97.01,1.62,12.24,8.18,91,4,Fixed,False,2026-09-03T00:00:00Z,2027-12-02T00:00:00+03:00,2027-12-02T00:00:00+03:00,8.43,12.69,12.69,0.78,0,-4.26,-0.0073,True,False,False,False,False,False,2,False,False,False,542.52
RU000A108YZ4,RU000A108YZ4,Михайловский молочный завод 001P-01,RUB,Consumer,Россия,Московская биржа,1,375,375,RUB,381.7125,380.3625,378.5625,374.85,100.95,3.075,6.16,20,30,12,Fixed,False,2026-07-01T00:00:00Z,2027-06-26T00:00:00+03:00,2027-06-26T00:00:00+03:00,19.81,19.41,19.41,0.45,0,1.65,0.0044,False,True,False,False,False,False,2,False,False,False,378.5625
RU000A10B5A1,RU000A10B5A1,Бианка Премиум БО-02,RUB,Other,Россия,Московская биржа,1,1000,1000,RUB,1102.7,1099,1081.3,1077,108.13,21.9,23.42,28.5,30,12,Fixed,False,2026-06-18T00:00:00Z,2028-03-09T00:00:00+03:00,2028-03-09T00:00:00+03:00,26.36,,25.31,1.38,0,-4,-0.0037,True,False,False,False,False,False,2,False,False,False,1034.2
RU000A10BJL4,RU000A10BJL4,Транспортная ЛК 001P-02,RUB,Other,Россия,Московская биржа,1,958.4,958.4,RUB,965.97136,963.47952,955.81232,957.4416,99.73,10.0632,18.91,24,30,12,Variable,False,2026-06-30T00:00:00Z,2028-04-20T00:00:00+03:00,2027-05-12T00:00:00Z,24.06,,27.36,0.62,0,0.0,0,True,False,False,False,False,False,2,False,False,False,967.12144
RU000A104Z71,RU000A104Z71,Биннофарм Групп 001Р-02,RUB,HealthCare,Россия,Московская биржа,1,1000,1000,RUB,1015.8,1011.8,984.1,991.6,98.41,25.1,37.4,15,91,4,Variable,False,2026-07-16T00:00:00Z,2037-07-02T00:00:00+03:00,2026-10-20T00:00:00Z,15.24,,21.36,0.33,0,-6.6,-0.0067,True,False,False,False,False,False,2,False,False,False,1014.8
RU000A10E4U9,RU000A10E4U9,БЭЛТИ-ГРАНД БО-П09,RUB,Financial,Россия,Московская биржа,1,1000,1000,RUB,1012.9,1010,1000,1000.1,100,13,15.62,19,30,12,Fixed,False,2026-06-22T00:00:00Z,2030-01-01T00:00:00+03:00,2030-01-01T00:00:00+03:00,19,20.75,20.75,2.38,0,0,0,False,True,False,False,False,False,2,False,False,False,1001
RU000A106U90,RU000A106U90,Проект 111 001Р-01,RUB,Consumer,Россия,Московская биржа,1,1000,1000,RUB,989.3,988.8,986.2,984.6,98.62,4.8,36.15,14.5,91,4,Fixed,False,2026-09-03T00:00:00Z,2026-09-03T00:00:00+03:00,2026-09-03T00:00:00+03:00,14.7,22.87,22.87,0.22,0,2.9,0.0029,True,False,False,False,False,False,2,False,False,False,909.8
RU000A107NJ3,RU000A107NJ3,Лизинг-Трейд 001P-11,RUB,Financial,Россия,Московская биржа,1,1000,1000,RUB,885.9,885.6,887.3,880.5,88.73,0.9,13.15,16,30,12,Fixed,False,2026-06-15T00:00:00Z,2028-12-30T00:00:00+03:00,2028-12-30T00:00:00+03:00,18.03,27.01,27.01,1.37,0,-0.4,-0.0005,True,False,False,False,False,False,2,False,False,False,800
RU000A106GY8,RU000A106GY8,ДиректЛизинг БО 002Р-01,RUB,Financial,Россия,Московская биржа,1,312.5,312.5,RUB,305.21875,303.65625,296.09375,293.5,94.75,9,10.91,14,91,4,Fixed,False,2026-07-02T00:00:00Z,2027-07-01T00:00:00+03:00,2027-07-01T00:00:00+03:00,14.78,27.32,27.32,0.5,0,0.0,0,False,True,False,False,False,False,2,False,False,False,273.53125
RU000A10EYX2,RU000A10EYX2,МегаФон БО-002Р-11,RUB,Telecom,Россия,Московская биржа,1,1000,1000,RUB,1007.6,1005.6,997.3,998.7,99.73,8.2,12.95,0,30,12,Floating,True,2026-06-29T00:00:00Z,2029-02-11T00:00:00+03:00,2029-02-11T00:00:00+03:00,15.79,14.62,14.62,2.22,0,-2.1,-0.0021,True,False,False,False,False,False,2,False,False,False,999.9
RU000A10B4W8,RU000A10B4W8,СИБУР Холдинг 001Р-05,RUB,Energy,Россия,Московская биржа,1,1000,1000,RUB,1021.8,1020.1,1008.3,1007.5,100.83,13.5,13.97,0,30,12,Floating,True,2026-06-17T00:00:00Z,2032-03-17T00:00:00+03:00,2032-03-17T00:00:00+03:00,16.86,,15.88,3.49,0,-0.6,-0.0006,True,False,False,False,False,False,2,False,False,False,1005
RU000A104EP6,RU000A104EP6,НЗРМ БО-01,RUB,Materials,Россия,Московская биржа,1,400,400,RUB,394.32,393.28,389.6,390.76,97.4,3.64,5.18,15.75,30,12,Floating,True,2026-06-25T00:00:00Z,2026-12-22T00:00:00+03:00,2026-12-22T00:00:00+03:00,16.17,,25.66,0.36,0,-1.12,-0.0029,False,True,False,False,False,False,2,False,False,False,355.36
RU000A10C626,RU000A10C626,ЛК Роделен БО 002P-04,RUB,Financial,,Московская биржа,1,866.8,866.8,RUB,829.35424,829.26756,816.87232,819.64608,94.24,12.48192,13.89,0,30,12,Floating,True,2026-06-19T00:00:00Z,2028-07-08T00:00:00+03:00,2028-07-08T00:00:00+03:00,20.69,27.37,27.37,0.89,0,-2.34036,-0.0029,True,False,False,False,False,False,2,False,False,False,866.8
RU000A10D1U6,RU000A10D1U6,Бустер.Ру БО-01,RUB,Financial,Россия,Московская биржа,1,1000,1000,RUB,1031.7,1028.9,1022.1,1024.7,102.21,6.7,20.14,24.5,30,12,Fixed,False,2026-07-06T00:00:00Z,2028-09-23T00:00:00+03:00,2028-09-23T00:00:00+03:00,23.97,,25.51,1.42,0,-4.7,-0.0046,True,False,False,False,False,False,2,True,False,False,1001.1
RU000A10DSU2,RU000A10DSU2,КЛВЗ КРИСТАЛЛ 001P-04,RUB,Consumer,Россия,Московская биржа,1,1000,1000,RUB,1065.5,1065.4,1064.8,1054.9,106.48,0.6,58.59,23.5,91,4,Fixed,False,2026-06-15T00:00:00Z,2028-12-11T00:00:00+03:00,2028-12-11T00:00:00+03:00,22.07,21.17,21.17,1.73,0,0.6,0.0006,True,False,False,False,False,False,2,False,False,False,1001
RU000A1041B2,RU000A1041B2,Сегежа 002P-01R,RUB,Materials,Россия,Московская биржа,1,1000,1000,RUB,941.2,939.4,931.9,926.8,93.19,9.2,49.12,9.85,182,2,Variable,False,2026-11-11T00:00:00Z,2036-10-29T00:00:00+03:00,2026-11-16T00:00:00Z,10.57,,30.05,0.42,0,0.1,0.0001,True,False,False,False,False,False,2,False,False,False,823.3
RU000A1089A3,RU000A1089A3,А Спэйс 001Р-01,RUB,RealEstate,Россия,Московская биржа,1,889,889,RUB,881.2657,880.0211,873.4425,875.8428,98.25,6.5786,12.42,17,30,12,Fixed,False,2026-06-30T00:00:00Z,2027-09-23T00:00:00+03:00,2027-09-23T00:00:00+03:00,17.3,21.85,21.85,0.61,0,-2.1336,-0.0024,True,False,False,False,False,False,2,False,False,False,782.0533
RU000A0JXN21,RU000A0JXN21,АФК Система БО-001P-06,RUB,Financial,Россия,Московская биржа,1,1000,1000,RUB,989,987.4,966.7,967.9,96.67,23.3,52.36,10.5,182,2,Variable,False,2026-09-25T00:00:00Z,2027-03-26T00:00:00+03:00,2027-03-26T00:00:00+03:00,10.86,15.72,15.72,0.75,0,-1.9,-0.002,True,False,False,False,False,False,2,False,False,False,864.8
RU000A10B925,RU000A10B925,ЕнисейАгроСоюз БО 001P-02,RUB,Consumer,Россия,Московская биржа,1,1000,1000,RUB,1011.7,1008.3,1000,1004.1,100,8.3,17.67,21.5,30,12,Floating,True,2026-07-02T00:00:00Z,2030-03-13T00:00:00+03:00,2030-03-13T00:00:00+03:00,21.5,,21.23,2.05,0,0,0,True,False,False,False,False,False,2,False,False,False,997.2
RU000A106UK8,RU000A106UK8,МигКредит БО-03,RUB,Financial,Россия,Московская биржа,1,120,120,RUB,123.072,122.46,120.768,121.452,100.64,1.704,2.22,22.5,30,12,Variable,False,2026-06-23T00:00:00Z,2026-08-22T00:00:00+03:00,2026-08-22T00:00:00+03:00,22.36,17.31,17.31,0.1,0,0.0,0,False,True,False,False,False,False,2,True,False,False,118.788
RU000A106MV2,RU000A106MV2,МГКЛ 001Р-04,RUB,Financial,Россия,Московская биржа,1,1000,1000,RUB,902.7,897.5,881.2,877.4,88.12,21.5,39.89,16,91,4,Fixed,False,2026-07-28T00:00:00Z,2028-01-25T00:00:00+03:00,2028-01-25T00:00:00+03:00,18.16,27.65,27.65,1.41,0,0.2,0.0002,True,False,False,False,False,False,2,True,False,False,850.4
RU000A103M36,RU000A103M36,ТрансФин-М 001P-07,RUB,Financial,Россия,Московская биржа,1,1000,1000,RUB,988.9,988.7,978.1,977.8,97.81,10.9,44.88,18,91,4,Floating,True,2026-08-24T00:00:00Z,2031-08-18T00:00:00+03:00,2027-02-26T00:00:00Z,18.4,,22.07,0.67,0,0.0,0,True,False,False,False,False,False,2,False,False,False,960.1
RU000A10ARZ9,RU000A10ARZ9,ТГК-14 001Р-06,RUB,Utilities,Россия,Московская биржа,1,1000,1000,RUB,1019.1,1016.9,1006.6,1006.3,100.66,12.4,16.85,0,30,12,Floating,True,2026-06-24T00:00:00Z,2029-01-09T00:00:00+03:00,2029-01-09T00:00:00+03:00,20.37,19.62,19.62,2.03,0,-0.4,-0.0004,True,False,False,False,False,False,2,False,False,False,931.1
RU000A10DTB0,RU000A10DTB0,ЭЛТЕРА БО-01,RUB,Industrials,Россия,Московская биржа,1,1000,1000,RUB,1060.4,1056.9,1055.6,1047.6,105.56,1.2,17.26,21,30,12,Fixed,False,2026-06-15T00:00:00Z,2027-12-06T00:00:00+03:00,2027-12-06T00:00:00+03:00,19.89,18.06,18.06,1.28,0,-1.8,-0.0017,True,False,False,False,False,False,2,False,False,False,1050.2
RU000A100DG5,RU000A100DG5,Европлан БО 06,RUB,Other,Россия,Московская биржа,1,400,400,RUB,419.56,418.44,413.12,417,103.28,6.92,44.88,22.5,182,2,Variable,False,2026-11-17T00:00:00Z,2029-05-15T00:00:00+03:00,2026-11-20T00:00:00Z,21.79,,14.78,0.43,0,-2.84,-0.0068,True,False,False,False,False,False,2,False,False,False,422.72
RU000A107L82,RU000A107L82,Совкомбанк Т1-01,RUB,Financial,Россия,Московская биржа,1,71907.7,1000,USD,69799.366236,68505.5309899,68898.9380166,68428.086397,95.8158,911.789636,2104.74,11.708,92,4,Floating,True,2026-08-07T00:00:00Z,,2030-02-07T00:00:00Z,12.22,,12.22,6.69,0,0.0,0,False,True,False,True,True,False,2,True,False,False,70677.2873453
RU000A105HH3,RU000A105HH3,РЕСО-Лизинг БО-02П-02,RUB,Financial,Россия,Московская биржа,1,1000,1000,RUB,1038.5,996,1026.2,1009.4,102.62,8.7,72.3,0,182,2,Floating,True,2026-11-23T00:00:00Z,2032-11-15T00:00:00+03:00,2026-11-26T00:00:00Z,14.13,,7.67,0.45,0,0.0,0,False,True,False,False,False,False,2,False,False,False,973
RU000A103UL3,RU000A103UL3,Татнефтехим 001-P-01,RUB,Consumer,Россия,Московская биржа,1,1000,1000,RUB,1026.4,1023.5,1009,1012,100.9,17.1,35.34,21.5,60,6,Variable,False,2026-07-17T00:00:00Z,2026-09-15T00:00:00+03:00,2026-09-15T00:00:00+03:00,21.31,16.98,16.98,0.16,0,1.3,0.0013,True,False,False,False,False,False,2,False,False,False,1000.2
RU000A105LS2,RU000A105LS2,Реиннольц 001Р-02,RUB,Other,Россия,Московская биржа,1,400,400,RUB,395.68,394.24,392.56,394.04,98.14,1.4,17.95,18,91,4,Fixed,False,2026-09-08T00:00:00Z,2026-12-08T00:00:00+03:00,2026-12-08T00:00:00+03:00,18.34,24.09,24.09,0.47,0,-1.48,-0.0038,True,False,False,False,False,False,2,False,False,False,381.48
RU000A0ZYBM4,RU000A0ZYBM4,Альфа-Банк БО-21,RUB,Financial,Россия,Московская биржа,1,1000,1000,RUB,1021.6,1019.7,997.7,996,99.77,24.3,65.43,13.05,183,2,Variable,False,2026-10-09T00:00:00Z,2032-10-13T00:00:00+03:00,2026-10-13T00:00:00Z,13.08,,14.11,0.33,0,0.0,0,True,False,False,False,False,False,2,False,False,False,948.9
RU000A102K39,RU000A102K39,РЕСО-Лизинг БО-П-08,RUB,Financial,Россия,Московская биржа,1,1000,1000,RUB,1024.2,1020.7,1022.2,1001.4,102.22,0.4,69.81,14,182,2,Variable,False,2026-06-15T00:00:00Z,2030-12-09T00:00:00+03:00,2026-12-17T00:00:00Z,13.7,,9.61,0.5,0,-0.6,-0.0006,False,True,False,False,False,False,2,False,False,False,1182.5
RU000A1097X8,RU000A1097X8,Бианка Премиум БО-01,RUB,Other,Россия,Московская биржа,1,1000,1000,RUB,999.5,995.8,987.4,992.9,98.74,7.6,18.9,23,30,12,Fixed,False,2026-07-06T00:00:00Z,2027-07-29T00:00:00+03:00,2027-07-29T00:00:00+03:00,23.29,,27.19,0.99,0,-8.6,-0.0086,True,False,False,False,False,False,2,False,False,False,967
RU000A10EC48,RU000A10EC48,ПКО СЗА БО-06,RUB,Financial,Россия,Московская биржа,1,1000,1000,RUB,1026.7,1022.7,1001.6,1004,100.16,18.9,20.96,25.5,30,12,Variable,False,2026-06-19T00:00:00Z,2031-01-24T00:00:00+03:00,2029-02-09T00:00:00Z,25.46,,28.6,1.92,0,-3.3,-0.0033,True,False,False,False,False,False,2,True,False,False,1000.5
RU000A109LC8,RU000A109LC8,РОЛЬФ БО 001Р-03,RUB,Consumer,Россия,Московская биржа,1,1000,1000,RUB,953.1,952.5,952.5,952,95.25,0,14.38,17.5,30,12,Floating,True,2026-06-16T00:00:00Z,2027-09-09T00:00:00+03:00,2027-09-09T00:00:00+03:00,18.37,22.09,22.09,1.12,0,-8.1,-0.0084,True,False,False,False,False,False,2,False,False,False,910
RU000A1092S9,RU000A1092S9,Элемент Лизинг БО 001P-09,RUB,Financial,Россия,Московская биржа,1,362.9,362.9,RUB,368.96043,368.92414,368.74269,368.7064,101.61,0.18145,5.94,18.5,30,12,Fixed,False,2026-06-15T00:00:00Z,2027-07-10T00:00:00+03:00,2027-07-10T00:00:00+03:00,18.21,16.68,16.68,0.55,0,-0.39919,-0.0011,False,True,False,False,False,False,2,False,False,False,355.46055
RU000A108CE5,RU000A108CE5,Ю Ди Пи Авто БО-01,RUB,IT,Россия,Московская биржа,1,1000,1000,RUB,751.3,749.1,751.3,750.9,75.13,0,15,18.25,30,12,Fixed,False,2026-06-16T00:00:00Z,2029-04-01T00:00:00+03:00,2029-04-01T00:00:00+03:00,24.29,,36.86,2.1,0,0.6,0.0008,True,False,False,False,False,False,2,False,False,False,923.9
RU000A107UB5,RU000A107UB5,МГКЛ 001Р-05,RUB,Financial,Россия,Московская биржа,1,1000,1000,RUB,907.4,902.9,896.3,892.3,89.63,11.5,49.86,20,91,4,Fixed,False,2026-08-25T00:00:00Z,2029-02-20T00:00:00+03:00,2029-02-20T00:00:00+03:00,22.31,27.96,27.96,2.08,0,6.8,0.0076,True,False,False,False,False,False,2,True,False,False,923.5
RU000A1070A3,RU000A1070A3,Охта Групп БО-П03,RUB,RealEstate,Россия,Московская биржа,1,1000,1000,RUB,1010.5,1006.3,984.7,979.5,98.47,26.5,34.9,14,91,4,Fixed,False,2026-07-08T00:00:00Z,2026-10-07T00:00:00+03:00,2026-10-07T00:00:00+03:00,14.22,20.57,20.57,0.3,0,1.8,0.0018,True,False,False,False,False,False,2,False,False,False,849
RU000A10D491,RU000A10D491,Банк ГПБ БО 006Р-03P,RUB,Energy,Россия,Московская биржа,1,1000,1000,RUB,566.7,565,565.1,559.9,56.51,0,,0,,0,Zero,False,,2030-10-30T00:00:00+03:00,2030-10-30T00:00:00+03:00,,13.93,13.93,4.38,0,0.0,0,False,True,False,False,False,False,2,False,False,False,530
RU000A106RB3,RU000A106RB3,АСВ БО-01-001P,RUB,Other,Россия,Московская биржа,1,1000,1000,RUB,1004.8,1003.9,989,988.3,98.9,14.9,42.38,17,91,4,Fixed,False,2026-08-14T00:00:00Z,2026-08-14T00:00:00+03:00,2026-08-14T00:00:00+03:00,17.19,26.2,26.2,0.16,0,0.0,0,True,False,False,False,False,False,2,True,False,False,902.2
RU000A1094U1,RU000A1094U1,Байсэл 001P-01,RUB,Other,Россия,Московская биржа,1,1000,1000,RUB,1031.5,1029.8,998.1,999.2,99.81,31.6,61.08,24.5,91,4,Variable,False,2026-07-30T00:00:00Z,2027-07-29T00:00:00+03:00,2026-08-06T00:00:00Z,24.55,,28.25,0.14,0,0.1,0.0001,True,False,False,False,False,False,2,False,False,False,983
RU000A1042W6,RU000A1042W6,ВЭБ.РФ ПБО-002Р-31,RUB,Financial,Россия,Московская биржа,1,1000,1000,RUB,1021.7,1019.2,995.4,997,99.54,23.8,,0,91,4,Floating,True,2026-07-22T00:00:00Z,2028-10-18T00:00:00+03:00,2028-10-18T00:00:00+03:00,17.78,14.74,14.74,1.99,0,-1.1,-0.0011,True,False,False,False,False,False,2,False,False,False,973
RU000A0JWVL2,RU000A0JWVL2,Европлан БО 07,RUB,Other,Россия,Московская биржа,1,1000,1000,RUB,1063.6,1060.3,1018.3,1015.6,101.83,42.4,100.22,20.1,182,2,Variable,False,2026-09-29T00:00:00Z,2026-09-29T00:00:00+03:00,2026-09-29T00:00:00+03:00,19.74,13.56,13.56,0.29,0,-3,-0.0029,True,False,False,False,False,False,2,False,False,False,1040.2
RU000A109JX8,RU000A109JX8,Лазерные системы БО-01,RUB,Other,Россия,Московская биржа,1,1000,1000,RUB,1002.6,998.9,995,998.8,99.5,3.6,15.41,18.75,30,12,Floating,True,2026-07-09T00:00:00Z,2027-09-02T00:00:00+03:00,2027-09-02T00:00:00+03:00,18.84,18.99,18.99,1.1,0,-3.8,-0.0038,True,False,False,False,False,False,2,False,False,False,953
RU000A108UJ6,RU000A108UJ6,Новосибирскавтодор БО-01,RUB,Other,Россия,Московская биржа,1,1000,1000,RUB,1042.7,1041,1000,998.2,100,42.7,48.41,19,93,4,Fixed,False,2026-06-29T00:00:00Z,2026-06-27T00:00:00+03:00,2026-06-27T00:00:00+03:00,19,19.94,19.94,0.03,0,0,0,True,False,False,False,False,False,2,False,False,False,955.8
RU000A10CCB8,RU000A10CCB8,ПКО СЗА БО-03,RUB,Financial,Россия,Московская биржа,1,1000,1000,RUB,1007.8,1006.2,1002,1001.4,100.2,5.5,20.55,25,30,12,Fixed,False,2026-07-08T00:00:00Z,2028-07-27T00:00:00+03:00,2028-07-27T00:00:00+03:00,24.95,,27.92,1.65,0,2,0.002,True,False,False,False,False,False,2,True,False,False,1024.8
RU000A10D3R8,RU000A10D3R8,СтанкоМашСтрой БО-01,RUB,Industrials,Россия,Московская биржа,1,1000,1000,RUB,997.5,995.9,957.3,957.1,95.73,40.3,59.21,23.75,91,4,Fixed,False,2026-07-15T00:00:00Z,2028-10-11T00:00:00+03:00,2028-10-11T00:00:00+03:00,24.81,29.41,29.41,1.53,0,0.2,0.0002,True,False,False,False,False,False,2,False,False,False,979.8
RU000A1079G1,RU000A1079G1,Мани Капитал 001P-02,RUB,Financial,Россия,Московская биржа,1,1000,1000,RUB,976.3,973.9,975.8,974.7,97.58,0.4,12.33,15,30,12,Fixed,False,2026-06-15T00:00:00Z,2026-11-12T00:00:00+03:00,2026-11-12T00:00:00+03:00,15.37,28.59,28.59,0.24,0,1,0.001,True,False,False,False,False,False,2,True,False,False,859.2
RU000A108FC2,RU000A108FC2,ДОМ.РФ 002P-04,RUB,Financial,Россия,Московская биржа,1,1000,1000,RUB,1006.9,1004.5,995.9,995,99.59,10.4,,0,91,4,Floating,True,2026-08-21T00:00:00Z,2028-05-19T00:00:00+03:00,2028-05-19T00:00:00+03:00,15.89,14.24,14.24,1.71,0,3.7,0.0037,True,False,False,False,False,False,2,False,False,False,985.5
RU000A1099W6,RU000A1099W6,Простая еда 001Р-01,RUB,Other,Россия,Московская биржа,1,1000,1000,RUB,1020.2,1017.7,1001.5,1005,100.15,15.8,57.34,23,91,4,Fixed,False,2026-08-21T00:00:00Z,2027-08-20T00:00:00+03:00,2027-08-20T00:00:00+03:00,22.97,,24.85,1.05,0,-3.9,-0.0039,True,False,False,False,False,False,2,False,False,False,1005.5
RU000A1038M5,RU000A1038M5,ГТЛК БО 001P-20,RUB,Financial,Россия,Московская биржа,1,1000,1000,RUB,962.7,961.8,960,964.2,96,2.7,41.51,16.65,91,4,Floating,True,2026-09-09T00:00:00Z,2036-05-28T00:00:00+03:00,2028-03-13T00:00:00Z,17.34,,18.6,1.55,0,-3.7,-0.0038,True,False,False,False,False,False,2,False,False,False,940
RU000A10BUN7,RU000A10BUN7,ДиректЛизинг БО 002Р-05,RUB,Financial,Россия,Московская биржа,1,816.3,816.3,RUB,862.25769,858.25782,845.85006,846.33984,103.62,16.326,18.12,27,30,12,Fixed,False,2026-06-19T00:00:00Z,2030-05-29T00:00:00+03:00,2030-05-29T00:00:00+03:00,26.06,,27.46,1.44,0,-2.28564,-0.0027,True,False,False,False,False,False,2,False,False,False,810.5859
RU000A1022E6,RU000A1022E6,ПР-Лизинг БО 002Р-01,RUB,Other,Россия,Московская биржа,1,1000,1000,RUB,1012.5,1009.8,999.5,1000.8,99.95,9.9,15.62,19,30,12,Variable,False,2026-06-29T00:00:00Z,2029-08-10T00:00:00+03:00,2027-01-29T00:00:00Z,19.01,,20.85,0.59,0,-1.4,-0.0014,True,False,False,False,False,False,2,False,False,False,1000
RU000A1065Y3,RU000A1065Y3,Агротек БО-02,RUB,Consumer,Россия,Московская биржа,1,1000,1000,RUB,952.6,947.8,929.8,941.4,92.98,22.2,37.4,15,91,4,Fixed,False,2026-07-23T00:00:00Z,2027-07-22T00:00:00+03:00,2027-07-22T00:00:00+03:00,16.13,28.69,28.69,0.67,0,-0.4,-0.0004,True,False,False,False,False,False,2,False,False,False,820.2
RU000A103S30,RU000A103S30,ДиректЛизинг БО 001Р-07,RUB,Financial,Россия,Московская биржа,1,400,400,RUB,398.24,397.4,387.76,386.92,96.94,10.48,11.47,11.5,91,4,Fixed,False,2026-06-24T00:00:00Z,2026-09-23T00:00:00+03:00,2026-09-23T00:00:00+03:00,11.86,25.59,25.59,0.26,0,1.96,0.0051,False,True,False,False,False,False,2,False,False,False,349
RU000A1097S8,RU000A1097S8,Банк ГПБ БО 005Р-04Р,RUB,Financial,Россия,Московская биржа,1,1000,1000,RUB,998.6,996.3,981.2,981.1,98.12,14.6,38.02,0,91,4,Floating,True,2026-08-11T00:00:00Z,2028-02-08T00:00:00+03:00,2028-02-08T00:00:00+03:00,15.54,15.39,15.39,1.48,0,-1.3,-0.0013,True,False,False,False,False,False,2,False,False,False,948.8
RU000A107225,RU000A107225,Частная пивоварня Афанасий БО-01,RUB,Consumer,Россия,Московская биржа,1,1000,1000,RUB,1020.9,1015.3,992.6,986.6,99.26,26.7,39.89,16,91,4,Fixed,False,2026-07-16T00:00:00Z,2026-10-15T00:00:00+03:00,2026-10-15T00:00:00+03:00,16.12,19.58,19.58,0.32,0,-1.5,-0.0015,True,False,False,False,False,False,2,False,False,False,971.1
RU000A10BUM9,RU000A10BUM9,ЭнергоТехСервис 001Р-07,RUB,Industrials,,Московская биржа,1,1000,1000,RUB,1062.3,1051.7,1046.9,1049.3,104.69,15.5,17.26,21,30,12,Variable,False,2026-06-19T00:00:00Z,2029-06-03T00:00:00+03:00,2027-06-23T00:00:00Z,20.06,,17.21,0.92,0,11.2,0.0108,True,False,False,False,False,False,2,False,False,False,1028.9
RU000A105054,RU000A105054,ММЦБ БО-П01-02,RUB,HealthCare,Россия,Московская биржа,1,1000,1000,RUB,1025.6,1022.9,969.3,972.5,96.93,53.7,69.81,14,182,2,Fixed,False,2026-07-28T00:00:00Z,2027-01-26T00:00:00+03:00,2027-01-26T00:00:00+03:00,14.44,20.39,20.39,0.58,0,-0.3,-0.0003,True,False,False,False,False,False,2,False,False,False,855.3
RU000A109890,RU000A109890,МФК ВЭББАНКИР 07,RUB,Financial,Россия,Московская биржа,1,1000,1000,RUB,970.7,968.1,964.9,963.5,96.49,5.9,16.03,19.5,30,12,Floating,True,2026-07-06T00:00:00Z,2028-01-26T00:00:00+03:00,2028-01-26T00:00:00+03:00,20.21,,23.5,1.04,0,0.0,0,True,False,False,False,False,False,2,True,False,False,974.4
RU000A107EP9,RU000A107EP9,Смартфакт БО-02-001P,RUB,Financial,Россия,Московская биржа,1,1000,1000,RUB,1000.1,991.3,1000.5,998.8,100.05,0,47.37,19,91,4,Fixed,False,2026-06-16T00:00:00Z,2026-12-15T00:00:00+03:00,2026-12-15T00:00:00+03:00,18.99,20.28,20.28,0.49,0,4.8,0.0048,True,False,False,False,False,False,2,False,False,False,872.1
RU000A105492,RU000A105492,Энергоника 001Р-03,RUB,Energy,Россия,Московская биржа,1,500,500,RUB,469.9,468.6,464.95,462.1,92.99,5,16.21,13,91,4,Fixed,False,2026-08-18T00:00:00Z,2027-08-17T00:00:00+03:00,2027-08-17T00:00:00+03:00,13.98,27.61,27.61,0.61,0,0.0,0,True,False,False,False,False,False,2,False,False,False,435.65
RU000A10EMS7,RU000A10EMS7,Село Зелёное 001Р-03,RUB,Consumer,Россия,Московская биржа,1,1000,1000,RUB,1011.8,1009.8,1000.2,999.9,100.02,11.8,14.18,0,30,12,Floating,True,2026-06-22T00:00:00Z,2031-02-25T00:00:00+03:00,2031-02-25T00:00:00+03:00,17.25,16.28,16.28,2.49,0,0.2,0.0002,True,False,False,False,False,False,2,False,False,False,1000.4
RU000A1094E5,RU000A1094E5,МегаФон БО-002P-06,RUB,Telecom,Россия,Московская биржа,1,1000,1000,RUB,1022.8,1020.3,999.4,1001.4,99.94,20.9,38.81,0,91,4,Floating,True,2026-07-28T00:00:00Z,2026-07-28T00:00:00+03:00,2026-07-28T00:00:00+03:00,15.58,16.11,16.11,0.12,0,-2.6,-0.0026,True,False,False,False,False,False,2,False,False,False,989.7
RU000A0JWYQ5,RU000A0JWYQ5,АФК Система БО 001P-04,RUB,Financial,Россия,Московская биржа,1,1000,1000,RUB,1052.6,1046.4,1021.4,1036.1,102.14,26.5,104.71,21,182,2,Variable,False,2026-10-30T00:00:00Z,2026-10-30T00:00:00+03:00,2026-10-30T00:00:00+03:00,20.56,15.23,15.23,0.37,0,-2,-0.002,True,False,False,False,False,False,2,False,False,False,1045.3
RU000A10B255,RU000A10B255,Михайловский Молочный Завод 001P-02,RUB,Consumer,Россия,Московская биржа,1,880,880,RUB,953.568,951.984,946.44,937.464,107.55,7.128,19.53,27,30,12,Fixed,False,2026-07-06T00:00:00Z,2029-02-19T00:00:00+03:00,2029-02-19T00:00:00+03:00,25.1,22.72,22.72,1.18,0,1.848,0.002,True,False,False,False,False,False,2,False,False,False,949.256
RU000A0JWST1,RU000A0JWST1,ГТЛК БО-08,RUB,Financial,Россия,Московская биржа,1,1000,1000,RUB,980.7,977.5,985.1,978.1,98.51,0.3,0.5,0.1,182,2,Variable,False,2026-09-01T00:00:00Z,2026-09-01T00:00:00+03:00,2026-09-04T00:00:00Z,0.1,,7.48,0.21,0,0.0,0,True,False,False,False,False,False,2,False,False,False,958.5
RU000A10DBE2,RU000A10DBE2,СОПФ ДОМ.РФ 12,RUB,Financial,Россия,Московская биржа,1,1000,1000,RUB,1009.3,1008.9,1000.1,1002.2,100.01,8.9,40.26,0,91,4,Floating,True,2026-08-26T00:00:00Z,2028-02-23T00:00:00+03:00,2028-02-23T00:00:00+03:00,16.15,14.91,14.91,1.52,0,0.6,0.0006,False,True,False,False,False,False,2,False,False,False,1003.7
RU000A108LU2,RU000A108LU2,ИКС 5 Финанс 003P-05,RUB,Financial,Россия,Московская биржа,1,1000,1000,RUB,1005.4,1002.9,1000.7,1000.5,100.07,4.7,38.89,0,91,4,Floating,True,2026-09-04T00:00:00Z,2034-05-26T00:00:00+03:00,2027-06-09T00:00:00Z,15.59,,14.89,0.93,0,-0.8,-0.0008,True,False,False,False,False,False,2,False,False,False,990.9
RU000A1008D7,RU000A1008D7,РЖД БО 001Р-14R,RUB,Industrials,Россия,Московская биржа,1,1000,1000,RUB,901.5,899.6,891.8,888.1,89.18,9.7,45.38,9.1,182,2,Fixed,False,2026-11-06T00:00:00Z,2029-05-04T00:00:00+03:00,2029-05-04T00:00:00+03:00,10.2,14.23,14.23,2.56,0,0.8,0.0009,True,False,False,False,False,False,2,False,False,False,823.4
RU000A1078Y6,RU000A1078Y6,ЭкономЛизинг 001Р-06,RUB,Financial,Россия,Московская биржа,1,1000,1000,RUB,990.1,988,976.4,973.3,97.64,11.4,39.89,16,91,4,Fixed,False,2026-08-20T00:00:00Z,2026-11-19T00:00:00+03:00,2026-11-19T00:00:00+03:00,16.39,23.74,23.74,0.42,0,-0.2,-0.0002,True,False,False,False,False,False,2,False,False,False,882.5
RU000A100KY3,RU000A100KY3,Роснефть 002P-08,RUB,Energy,Россия,Московская биржа,1,1000,1000,RUB,993.4,977.5,952.5,934.3,95.25,40,44.88,9,182,2,Variable,False,2026-07-06T00:00:00Z,2029-07-02T00:00:00+03:00,2029-07-02T00:00:00+03:00,9.45,11.17,11.17,2.61,0,0.0,0,False,True,False,False,False,False,2,False,False,False,880.7
RU000A103DS4,RU000A103DS4,СИБУР Холдинг БО-03,RUB,Materials,Россия,Московская биржа,1,1000,1000,RUB,1104.1,1102.4,1017.3,1036.9,101.73,68.4,77.29,15.5,182,2,Variable,False,2026-07-07T00:00:00Z,2031-07-01T00:00:00+03:00,2027-07-09T00:00:00Z,15.24,,14.14,0.96,0,-11.9,-0.0116,True,False,False,False,False,False,2,False,False,False,994.9
RU000A103TS0,RU000A103TS0,ТЕХНО Лизинг 001P-05,RUB,Financial,Россия,Московская биржа,1,850,850,RUB,753.78,751.825,752.165,751.655,88.49,1.615,8.03,11.5,30,12,Fixed,False,2026-07-10T00:00:00Z,2027-09-03T00:00:00+03:00,2027-09-03T00:00:00+03:00,13,26.69,26.69,0.99,0,1.19,0.0016,True,False,False,False,False,False,2,False,False,False,647.53
RU000A106Y88,RU000A106Y88,МФК ВЭББАНКИР 04,RUB,Financial,Россия,Московская биржа,1,750.1,750.1,RUB,735.39804,732.62267,731.3475,733.82283,97.5,1.20016,10.27,15,30,12,Fixed,False,2026-06-15T00:00:00Z,2027-03-09T00:00:00+03:00,2027-03-09T00:00:00+03:00,15.38,23.94,23.94,0.38,0,-2.85038,-0.0039,True,False,False,False,False,False,2,True,False,False,650.56173
RU000A0ZYG52,RU000A0ZYG52,Ростелеком 001P-03R,RUB,Telecom,Россия,Московская биржа,1,1000,1000,RUB,1010.7,1008.6,997.9,1000.3,99.79,13.2,68.81,13.8,182,2,Variable,False,2026-11-10T00:00:00Z,2027-11-09T00:00:00+03:00,2027-11-09T00:00:00+03:00,13.83,14.43,14.43,1.31,0,-0.6,-0.0006,True,False,False,False,False,False,2,False,False,False,965.2
RU000A104UA4,RU000A104UA4,Сегежа 002P-04R,RUB,Materials,Россия,Московская биржа,1,1000,1000,RUB,883.9,877,878,883.3,87.8,5.9,24.56,9.85,91,4,Variable,False,2026-08-24T00:00:00Z,2037-05-11T00:00:00+03:00,2027-05-27T00:00:00Z,11.22,,27.09,0.91,0,-11.9,-0.0134,True,False,False,False,False,False,2,False,False,False,875.4
RU000A106987,RU000A106987,Лизинг-Трейд 001P-08,RUB,Financial,Россия,Московская биржа,1,958.4,958.4,RUB,888.72432,885.65744,886.13664,883.6448,92.46,3.8336,11.42,14.5,30,12,Fixed,False,2026-07-06T00:00:00Z,2028-04-26T00:00:00+03:00,2028-04-26T00:00:00+03:00,15.68,26.39,26.39,0.85,0,3.8336,0.0043,True,False,False,False,False,False,2,False,False,False,776.01648
RU000A10A828,RU000A10A828,ОВОЗ РФ 12978110V,RUB,Government,Россия,Московская биржа,1,8297430.0,100000,EUR,8204581.7583,7730815.10016,7915748.22,7914711.04125,95.4,53194.82373,93346.09,1.125,365,1,Fixed,False,2026-11-20T00:00:00Z,2027-11-20T00:00:00+03:00,2027-11-20T00:00:00+03:00,1.18,4.48,4.48,1.42,0,0.0,0,True,False,False,False,False,False,2,False,False,False,7480282.49874
RU000A1026H0,RU000A1026H0,Гидромашсервис БО-03,RUB,Consumer,Россия,Московская биржа,1,1000,1000,RUB,1040.6,1037.7,1002,1004.5,100.2,35.5,79.78,16,182,2,Variable,False,2026-09-25T00:00:00Z,2030-09-20T00:00:00+03:00,2026-09-30T00:00:00Z,15.97,,15.6,0.29,0,0.0,0,True,False,False,False,False,False,2,False,False,False,992.7
RU000A1031K4,RU000A1031K4,ДОМ.РФ ИА БО 1P8,RUB,Financial,Россия,Московская биржа,1,371.95,371.95,RUB,308.42094,304.77583,301.316695,300.126455,81.01,3.459135,6.44,6.95,91,4,Fixed,False,2026-07-28T00:00:00Z,2051-04-28T00:00:00+03:00,2051-04-28T00:00:00+03:00,8.58,,8.58,,0,0.0,0,True,False,False,False,False,False,2,False,False,False,319.80261
RU000A10FDD5,RU000A10FDD5,Электроаппарат БО-04,RUB,Utilities,Россия,Московская биржа,1,1000,1000,RUB,1011.1,1007.5,1008.7,1003.5,100.87,2.4,43.15,17.5,90,4,Fixed,False,2026-09-09T00:00:00Z,2031-05-16T00:00:00+03:00,2031-05-16T00:00:00+03:00,17.35,18.38,18.38,3.39,0,-0.1,-0.0001,False,True,False,False,False,False,2,False,False,False,1008.7
RU000A10DRE8,RU000A10DRE8,Бустер.Ру БО-02,RUB,Financial,Россия,Московская биржа,1,1000,1000,RUB,1033.7,1027.8,1028.9,1025.7,102.89,5.3,19.93,24.25,30,12,Fixed,False,2026-07-08T00:00:00Z,2028-11-24T00:00:00+03:00,2028-11-24T00:00:00+03:00,23.57,,24.81,1.54,0,-0.1,-0.0001,True,False,False,False,False,False,2,True,False,False,1006
RU000A10DYB0,RU000A10DYB0,Россети Волга 001Р-01,RUB,Utilities,Россия,Московская биржа,1,1000,1000,RUB,1015.6,1012.9,1004.6,1006.8,100.46,11,13.15,0,30,12,Floating,True,2026-06-22T00:00:00Z,2028-12-07T00:00:00+03:00,2028-12-07T00:00:00+03:00,15.93,14.53,14.53,2.08,0,4.2,0.0042,True,False,False,False,False,False,2,False,False,False,1002.5
RU000A105MN1,RU000A105MN1,ДОМ.РФ 002P-01,RUB,Financial,Россия,Московская биржа,1,1000,1000,RUB,1046.9,1039.4,1011,1002.5,101.1,35.9,,0,91,4,Floating,True,2026-06-24T00:00:00Z,2027-09-22T00:00:00+03:00,2027-09-22T00:00:00+03:00,16.69,13.65,13.65,1.14,0,1,0.001,True,False,False,False,False,False,2,False,False,False,973.6
RU000A103N43,RU000A103N43,ДОМ.РФ ИА БО 1P9,RUB,Financial,Россия,Московская биржа,1,398.06,398.06,RUB,342.13257,335.484968,339.266538,339.266538,85.23,1.59224,7.68,7.65,92,4,Fixed,False,2026-08-28T00:00:00Z,2031-08-28T00:00:00+03:00,2031-08-28T00:00:00+03:00,8.98,,8.98,,0,0.0,0,False,True,False,False,False,False,2,False,False,False,310.805248
RU000A10E5Y8,RU000A10E5Y8,Сергиевское БО-02,RUB,Other,Россия,Московская биржа,1,1000,1000,RUB,1052.6,1049.9,1017.7,1015.3,101.77,34.3,61.64,25,90,4,Variable,False,2026-07-27T00:00:00Z,2035-12-06T00:00:00+03:00,2028-01-31T00:00:00Z,24.57,,25.83,1.35,0,2.7,0.0027,True,False,False,False,False,False,2,False,False,False,1013.5
RU000A1043Z7,RU000A1043Z7,Биннофарм Групп 001Р-01,RUB,HealthCare,Россия,Московская биржа,1,1000,1000,RUB,1001.6,993.6,982.4,988.2,98.24,11.1,37.4,15,91,4,Variable,False,2026-08-19T00:00:00Z,2036-11-05T00:00:00+03:00,2026-11-23T00:00:00Z,15.27,,20.68,0.43,0,-3.8,-0.0039,True,False,False,False,False,False,2,False,False,False,1020.6
RU000A0ZZ5J9,RU000A0ZZ5J9,Почта России БО-001P-05,RUB,Other,Россия,Московская биржа,1,1000,1000,RUB,1038.5,1035,1014.5,1012.6,101.45,24,87.26,17.5,182,2,Variable,False,2026-10-26T00:00:00Z,2028-04-24T00:00:00+03:00,2027-04-29T00:00:00Z,17.25,,16.18,0.83,0,0.1,0.0001,True,False,False,False,False,False,2,False,False,False,937.8
RU000A10ETT0,RU000A10ETT0,Промсвязьбанк 004P-04,RUB,Financial,Россия,Московская биржа,1,1000,1000,RUB,1006.5,1003.6,1005.8,1004.4,100.58,1.3,13.23,0,30,12,Floating,True,2026-06-15T00:00:00Z,2028-04-03T00:00:00+03:00,2028-04-03T00:00:00+03:00,16.01,14.59,14.59,1.59,0,-0.4,-0.0004,True,False,False,False,False,False,2,False,False,False,999.5
RU000A101T56,RU000A101T56,Росэксимбанк 002P-02,RUB,Financial,Россия,Московская биржа,1,1000,1000,RUB,1037.3,1030.6,1034,1024.9,103.4,3.5,91.75,18.4,182,2,Variable,False,2026-12-08T00:00:00Z,2030-06-04T00:00:00+03:00,2027-06-11T00:00:00Z,17.79,,15.1,0.94,0,0.8,0.0008,False,True,False,False,False,False,2,False,False,False,1000
RU000A108Q29,RU000A108Q29,Альфа-Банк ЗО-850,RUB,Financial,Россия,Московская биржа,1,71907.7,1000,USD,74375.5003563,73973.608221,72827.3275753,73243.025989,101.2789,1029.718264,3038.1,8.45,183,2,Floating,True,2026-10-15T00:00:00Z,2030-04-15T00:00:00+03:00,2030-04-15T00:00:00+03:00,8.34,8.09,8.09,3.32,0,0.0,0,True,False,False,True,False,False,2,True,False,False,70110.0075
RU000A10EPW2,RU000A10EPW2,Брусника 002Р-07,RUB,RealEstate,Россия,Московская биржа,1,1000,1000,RUB,1012.5,1004.5,994.6,1000,99.46,11.2,16.03,0,30,12,Floating,True,2026-06-25T00:00:00Z,2029-03-11T00:00:00+03:00,2028-02-17T00:00:00Z,19.61,,19.47,1.44,0,0.0,0,False,True,False,False,False,False,2,False,False,False,1018.8
RU000A106XT3,RU000A106XT3,АйДи Коллект 04,RUB,Financial,Россия,Московская биржа,1,1000,1000,RUB,1000.1,998,997.6,999.4,99.76,2.3,13.56,16.5,30,12,Fixed,False,2026-07-13T00:00:00Z,2026-09-09T00:00:00+03:00,2026-09-09T00:00:00+03:00,16.54,19.04,19.04,0.23,0,0.8,0.0008,True,False,False,False,False,False,2,True,False,False,912
RU000A10C6Y8,RU000A10C6Y8,Легенда БО 002Р-05,RUB,Consumer,Россия,Московская биржа,1,1000,1000,RUB,1004.2,1002.5,990.7,992.6,99.07,11.7,15.21,0,30,12,Floating,True,2026-06-23T00:00:00Z,2027-07-18T00:00:00+03:00,2027-07-18T00:00:00+03:00,18.67,19.46,19.46,0.99,0,-1.8,-0.0018,False,True,False,False,False,False,2,False,False,False,1004
RU000A108Z77,RU000A108Z77,Практика ЛК 001Р-03,RUB,Industrials,Россия,Московская биржа,1,390.6,390.6,RUB,393.37326,390.75624,386.26434,389.2329,98.89,4.02318,5.67,17.1,31,12,Floating,True,2026-06-25T00:00:00Z,2027-08-02T00:00:00+03:00,2027-08-02T00:00:00+03:00,17.29,20.94,20.94,0.54,0,-3.5154,-0.009,False,True,False,False,False,False,2,False,False,False,377.08524
RU000A107ET1,RU000A107ET1,Газпром капитал БО-002Р-11,RUB,Energy,Россия,Московская биржа,1,1000,1000,RUB,995.8,995.6,995.8,996,99.58,0,39.33,0,91,4,Floating,True,2026-06-16T00:00:00Z,2027-12-14T00:00:00+03:00,2027-12-14T00:00:00+03:00,15.84,14.83,14.83,1.37,0,-1.7,-0.0017,True,False,False,False,False,False,2,False,False,False,968.1
RU000A0ZZ885,RU000A0ZZ885,КАМАЗ БО-09,RUB,Industrials,Россия,Московская биржа,1,1000,1000,RUB,840.9,837.2,828.1,827.2,82.81,11.7,76.34,15.31,182,2,Floating,True,2026-11-17T00:00:00Z,2033-05-10T00:00:00+03:00,2033-05-10T00:00:00+03:00,18.49,18.57,18.57,4.45,0,0.0,0,True,False,False,False,False,False,2,False,False,False,823.1
RU000A10A398,RU000A10A398,Компания Симпл 001Р-01,RUB,Other,Россия,Московская биржа,1,1000,1000,RUB,1011,1008.3,1004,1006,100.4,4.2,15.62,0,30,12,Floating,True,2026-07-08T00:00:00Z,2026-11-05T00:00:00+03:00,2026-11-05T00:00:00+03:00,18.92,18.53,18.53,0.38,0,0.3,0.0003,True,False,False,False,False,False,2,False,False,False,1010.5
RU000A107TK8,RU000A107TK8,СОПФ ДОМ.РФ 8,RUB,Financial,Россия,Московская биржа,1,1000,1000,RUB,1003.5,1000.8,992.2,994.9,99.22,8.5,,0,91,4,Floating,True,2026-08-26T00:00:00Z,2029-02-21T00:00:00+03:00,2029-02-21T00:00:00+03:00,16.2,14.64,14.64,2.27,0,0.0,0,False,True,False,False,False,False,2,False,False,False,944
RU000A10D9L8,RU000A10D9L8,Авто Финанс Банк БО-001Р-17,RUB,Financial,Россия,Московская биржа,1,1000,1000,RUB,1016.1,1015.5,1006,1006.5,100.6,10,13.68,0,30,12,Floating,True,2026-06-24T00:00:00Z,2028-10-11T00:00:00+03:00,2028-10-11T00:00:00+03:00,16.55,15.18,15.18,1.96,0,-0.1,-0.0001,True,False,False,False,False,False,2,False,False,False,1005
RU000A109221,RU000A109221,Миррико БО-П01,RUB,Materials,Россия,Московская биржа,1,1000,1000,RUB,898.4,897.2,867.2,868.9,86.72,29.2,47.37,19,91,4,Floating,True,2026-07-21T00:00:00Z,2027-07-20T00:00:00+03:00,2027-07-20T00:00:00+03:00,21.91,35.5,35.5,0.98,0,-1.8,-0.0021,True,False,False,False,False,False,2,False,False,False,904
RU000A107720,RU000A107720,МК Лизинг БO-01,RUB,Financial,Россия,Московская биржа,1,278.5,278.5,RUB,277.24675,276.9961,275.24155,275.7707,98.83,2.03305,4.17,17.65,31,12,Fixed,False,2026-07-02T00:00:00Z,2026-11-10T00:00:00+03:00,2026-11-10T00:00:00+03:00,17.86,25.85,25.85,0.21,0,-0.86335,-0.0031,True,False,False,False,False,False,2,False,False,False,258.03025
RU000A1090H6,RU000A1090H6,Пионер-Лизинг БО6,RUB,Financial,Россия,Московская биржа,1,1000,1000,RUB,727.5,726.4,722.2,712.6,72.22,2.4,18.35,22.33,30,12,Floating,True,2026-06-15T00:00:00Z,2034-05-31T00:00:00+03:00,2034-05-31T00:00:00+03:00,30.41,36.5,36.5,3.15,0,7.8,0.0109,True,False,False,False,False,False,2,True,False,False,984
RU000A102JB9,RU000A102JB9,ДОМ.РФ ИА БО 1P2,RUB,Financial,Россия,Московская биржа,1,289.38,289.38,RUB,228.89958,226.613478,226.121532,232.66152,78.14,0.897078,4.41,6.05,92,4,Fixed,False,2026-08-28T00:00:00Z,2050-11-28T00:00:00+03:00,2050-11-28T00:00:00+03:00,7.74,,7.74,,0,-11.893518,-0.05,True,False,False,False,False,False,2,False,False,False,209.597934
RU000A0ZZV86,RU000A0ZZV86,ДОМ.РФ ИА 06-002P,RUB,Financial,Россия,Московская биржа,1,88.84,88.84,RUB,84.948808,83.438528,84.211436,83.349688,94.79,0.461968,2.23,9.95,92,4,Fixed,False,2026-08-28T00:00:00Z,2048-05-28T00:00:00+03:00,2048-05-28T00:00:00+03:00,10.5,,10.5,,0,0.328708,0.0039,True,False,False,False,False,False,2,False,False,False,83.056516
RU000A106FN3,RU000A106FN3,СПМК БО-02,RUB,Consumer,Россия,Московская биржа,1,1000,1000,RUB,970.8,968,969.6,968.3,96.96,1.2,35.51,14.4,90,4,Fixed,False,2026-06-15T00:00:00Z,2027-06-08T00:00:00+03:00,2027-06-08T00:00:00+03:00,14.85,21.43,21.43,0.58,0,1.2,0.0012,True,False,False,False,False,False,2,False,False,False,828.5
RU000A1078S8,RU000A1078S8,МТС 002P-02,RUB,Telecom,Россия,Московская биржа,1,1000,1000,RUB,991.9,991.8,980.4,979.7,98.04,11.4,,0,91,4,Floating,True,2026-08-19T00:00:00Z,2028-11-15T00:00:00+03:00,2028-11-15T00:00:00+03:00,16.37,15.23,15.23,2.07,0,0.8,0.0008,True,False,False,False,False,False,2,False,False,False,952.7
RU000A105RF6,RU000A105RF6,Лизинг-Трейд 001P-06,RUB,Financial,Россия,Московская биржа,1,792,792,RUB,746.46,743.3712,741.708,741.2328,93.65,4.4352,9.44,14.5,30,12,Fixed,False,2026-07-02T00:00:00Z,2027-12-24T00:00:00+03:00,2027-12-24T00:00:00+03:00,15.48,26.45,26.45,0.71,0,2.2968,0.0031,True,False,False,False,False,False,2,False,False,False,664.884
RU000A10DRV2,RU000A10DRV2,Защита онлайн БО-01,RUB,Financial,Россия,Московская биржа,1,1000,1000,RUB,1008.5,1006.2,1002.9,1002,100.29,5.8,21.78,26.5,30,12,Variable,False,2026-07-08T00:00:00Z,2028-11-24T00:00:00+03:00,2027-03-17T00:00:00Z,26.42,,29.43,0.68,0,2.4,0.0024,True,False,False,False,False,False,2,True,False,False,1006.9
RU000A10CMD3,RU000A10CMD3,Ростелеком 001P-19R,RUB,Telecom,Россия,Московская биржа,1,1000,1000,RUB,1006,1005.1,998.9,999.7,99.89,6.2,10.93,13.3,30,12,Fixed,False,2026-06-29T00:00:00Z,2027-10-22T00:00:00+03:00,2027-10-22T00:00:00+03:00,13.31,14.24,14.24,1.24,0,-1.1,-0.0011,True,False,False,False,False,False,2,False,False,False,1000
RU000A10BPQ0,RU000A10BPQ0,СОПФ ДОМ.РФ 13,RUB,Financial,Россия,Московская биржа,1,1000,1000,RUB,1051.5,1048.1,1034.2,1040,103.42,9.3,44.75,17.95,91,4,Fixed,False,2026-08-27T00:00:00Z,2027-05-27T00:00:00+03:00,2027-05-27T00:00:00+03:00,17.36,14.76,14.76,0.88,0,-6.1,-0.0059,True,False,False,False,False,False,2,False,False,False,1033
RU000A1068S9,RU000A1068S9,ЛайфСтрим БО-П02,RUB,IT,Россия,Московская биржа,1,1000,1000,RUB,967.7,964.9,954.8,953.2,95.48,12.2,33.66,13.5,91,4,Fixed,False,2026-08-13T00:00:00Z,2028-05-11T00:00:00+03:00,2028-05-11T00:00:00+03:00,14.14,18.02,18.02,1.38,0,0.2,0.0002,True,False,False,False,False,False,2,False,False,False,792.5
RU000A0ZZ4T1,RU000A0ZZ4T1,Россельхозбанк 01Т1,RUB,Financial,Россия,Московская биржа,1,1000,1000,RUB,659.7,657.7,642.3,644.8,64.23,15.3,44.88,9,182,2,Variable,False,2026-10-14T00:00:00Z,,2028-04-12T00:00:00Z,14.01,,14.01,7.38,0,0.0,0,True,False,False,True,True,False,2,False,False,False,599.9
RU000A10DEE6,RU000A10DEE6,Байсэл 001P-04,RUB,Other,Россия,Московская биржа,1,1000,1000,RUB,1037.6,1035.1,1011.1,1013.7,101.11,22.1,62.95,25.25,91,4,Variable,False,2026-08-14T00:00:00Z,2029-08-10T00:00:00+03:00,2027-03-01T00:00:00Z,24.97,,25.62,0.65,0,-2.8,-0.0028,True,False,False,False,False,False,2,False,False,False,1002.3
RU000A108Y60,RU000A108Y60,ПЕРВОУРАЛЬСКБАНК 001Р-01,RUB,Financial,Россия,Московская биржа,1,543.5,543.5,RUB,564.64215,563.066,559.20715,558.718,102.89,5.5437,9.83,22,30,12,Fixed,False,2026-06-29T00:00:00Z,2027-06-24T00:00:00+03:00,2027-06-24T00:00:00+03:00,21.38,17.48,17.48,0.5,0,0.27175,0.0005,True,False,False,False,False,False,2,False,False,False,524.1514
RU000A10AHN6,RU000A10AHN6,Совкомбанк Факторинг 002P-01,RUB,Financial,Россия,Московская биржа,1,1000,1000,RUB,1021.4,1012.7,1001.8,1001.4,100.18,4.1,14.01,0,31,12,Floating,True,2026-07-08T00:00:00Z,2028-01-17T00:00:00+03:00,2026-12-15T00:00:00Z,16.47,,16.38,0.48,0,-5.7,-0.0057,False,True,False,False,False,False,2,False,False,False,1002.9
XS0114288789,XS0114288789,Russia 2030,RUB,Government,Россия,Московская биржа,1000,2.876308,0.04,USD,3.119965803296,3.045869232908,3.06263523224,3.062640984856,106.478,0.045540584564,0.11,7.5,180,2,Fixed,False,2026-09-30T00:00:00Z,2030-03-31T00:00:00+03:00,2030-03-31T00:00:00+03:00,7.04,3.25,3.25,,0,0.0,0,False,True,False,False,False,False,2,False,False,False,3.062945873504
RU000A1009Z8,RU000A1009Z8,О'КЕЙ БО 001Р-02,RUB,Consumer,Россия,Московская биржа,1,1000,1000,RUB,910.8,908.2,891.3,890.7,89.13,18.4,24.93,10,91,4,Variable,False,2026-07-10T00:00:00Z,2029-04-06T00:00:00+03:00,2029-04-06T00:00:00+03:00,11.22,15.64,15.64,2.41,0,0.6,0.0007,True,False,False,False,False,False,2,False,False,False,812.9
RU000A106R12,RU000A106R12,ЭкономЛизинг 001Р-05,RUB,Financial,Россия,Московская биржа,1,1000,1000,RUB,1007.6,1005,993.2,992.7,99.32,14.4,38.64,15.5,91,4,Fixed,False,2026-08-12T00:00:00Z,2026-08-12T00:00:00+03:00,2026-08-12T00:00:00+03:00,15.61,21.41,21.41,0.16,0,2.3,0.0023,True,False,False,False,False,False,2,False,False,False,904.8
RU000A100VX2,RU000A100VX2,МБЭС 001P-01,RUB,Financial,Россия,Московская биржа,1,1000,1000,RUB,1038.9,1030.1,1006.8,1009.5,100.68,30.2,72.3,14.5,182,2,Variable,False,2026-09-30T00:00:00Z,2029-09-26T00:00:00+03:00,2027-10-04T00:00:00Z,14.4,,14.35,1.2,0,0.0,0,False,True,False,False,False,False,2,False,False,False,972.6
RU000A102BK7,RU000A102BK7,О'КЕЙ БО 001Р-04,RUB,Consumer,Россия,Московская биржа,1,1000,1000,RUB,857.6,853.8,845,850,84.5,12.5,24.68,9.9,91,4,Variable,False,2026-07-31T00:00:00Z,2030-10-25T00:00:00+03:00,2030-10-25T00:00:00+03:00,11.72,15.62,15.62,3.46,0,-5.2,-0.0061,True,False,False,False,False,False,2,False,False,False,807.6
RU000A10CT74,RU000A10CT74,ФЕРА 001Р-01,RUB,Other,Россия,Московская биржа,1,850,850,RUB,873.12,864.11,857.65,860.965,100.9,12.75,14.67,21,30,12,Variable,False,2026-06-22T00:00:00Z,2028-09-07T00:00:00+03:00,2026-09-23T00:00:00Z,20.81,,18.76,0.24,0,-0.425,-0.0005,False,True,False,False,False,False,2,False,False,False,842.52
RU000A108C17,RU000A108C17,ПИР БО-02-001P,RUB,Industrials,Россия,Московская биржа,1,1000,1000,RUB,1034.1,1031.1,1029.7,1019.1,102.97,1.3,20.14,24.5,30,12,Variable,False,2026-06-15T00:00:00Z,2029-03-30T00:00:00+03:00,2029-03-30T00:00:00+03:00,23.79,25.54,25.54,1.94,0,-4.6,-0.0044,True,False,False,False,False,False,2,False,False,False,1012.8
RU000A107217,RU000A107217,Аренза-Про 001P-03,RUB,Financial,Россия,Московская биржа,1,1000,1000,RUB,1017.1,1013.9,1006.3,1009.4,100.63,5.5,16.99,20,31,12,Variable,False,2026-07-07T00:00:00Z,2028-11-21T00:00:00+03:00,2026-11-11T00:00:00Z,19.87,,20,0.39,0,-5.5,-0.0054,True,False,False,False,False,False,2,False,False,False,960.8
RU000A10A026,RU000A10A026,Аренза-Про 001P-06,RUB,Financial,Россия,Московская биржа,1,800,800,RUB,816.64,808.88,800,802.32,100,12,12.4,18.25,31,12,Floating,True,2026-06-17T00:00:00Z,2027-11-26T00:00:00+03:00,2027-11-26T00:00:00+03:00,18.25,17.85,17.85,0.87,0,0,0,False,True,False,False,False,False,2,False,False,False,792.8
RU000A10ESN5,RU000A10ESN5,Вернём 1Р2,RUB,Financial,Россия,Московская биржа,1,1000,1000,RUB,1022,1018.4,1017.3,1017.3,101.73,4.9,20.96,25.5,30,12,Fixed,False,2026-07-09T00:00:00Z,2029-03-25T00:00:00+03:00,2029-03-25T00:00:00+03:00,25.07,,27.62,2.01,0,0.2,0.0002,True,False,False,False,False,False,2,True,False,False,1005.1
RU000A10E6Q2,RU000A10E6Q2,ИКС 5 Финанс 003P-16,RUB,Consumer,Россия,Московская биржа,1,1000,1000,RUB,1005.8,1003.7,998.8,1002.8,99.88,4.8,12.99,0,30,12,Floating,True,2026-07-06T00:00:00Z,2036-01-14T00:00:00+03:00,2028-04-28T00:00:00Z,15.82,,14.72,1.64,0,-2.3,-0.0023,True,False,False,False,False,False,2,False,False,False,999.9
RU000A10D2Q2,RU000A10D2Q2,Газпром капитал БО-003Р-06,RUB,Energy,Россия,Московская биржа,1,1000,1000,RUB,1005.9,1005.2,1000.3,1003,100.03,3.9,13.07,0,30,12,Floating,True,2026-07-07T00:00:00Z,2027-09-30T00:00:00+03:00,2027-09-30T00:00:00+03:00,15.9,15.09,15.09,1.18,0,-2.8,-0.0028,True,False,False,False,False,False,2,False,False,False,1000.1
RU000A10AZN8,RU000A10AZN8,Органик Парк БО-П01,RUB,Other,Россия,Московская биржа,1,1000,1000,RUB,1164.1,1160.4,1145.8,1140.7,114.58,18.6,24.25,29.5,30,12,Fixed,False,2026-06-23T00:00:00Z,2028-02-13T00:00:00+03:00,2028-02-13T00:00:00+03:00,25.75,,20.98,1.34,0,1.2,0.001,True,False,False,False,False,False,2,False,False,False,1098.8
RU000A103DT2,RU000A103DT2,Артген БО-01,RUB,HealthCare,Россия,Московская биржа,1,1000,1000,RUB,1016.4,1013.2,992.1,995.9,99.21,20.3,26.8,10.75,91,4,Fixed,False,2026-07-08T00:00:00Z,2026-07-08T00:00:00+03:00,2026-07-08T00:00:00+03:00,10.84,26.36,26.36,0.06,0,-4.7,-0.0047,True,False,False,False,False,False,2,False,False,False,886.8
RU000A0ZYEB1,RU000A0ZYEB1,ТрансФин-М 001P-04,RUB,Financial,Россия,Московская биржа,1,1000,1000,RUB,1039.4,1037.2,1007.1,1009,100.71,30.1,89.75,18,182,2,Variable,False,2026-10-15T00:00:00Z,2027-10-14T00:00:00+03:00,2027-04-20T00:00:00Z,17.87,,17.69,0.8,0,-2.2,-0.0022,True,False,False,False,False,False,2,False,False,False,873
RU000A107PW1,RU000A107PW1,МФК Быстроденьги 002Р-05,RUB,Financial,Россия,Московская биржа,1,1000,1000,RUB,1024.3,1020.9,1008,1008,100.8,16.3,18.08,22,30,12,Variable,False,2026-06-19T00:00:00Z,2027-07-14T00:00:00+03:00,2027-07-14T00:00:00+03:00,21.83,23.13,23.13,0.79,0,2.9,0.0029,True,False,False,False,False,False,2,True,False,False,1003.6
RU000A106P97,RU000A106P97,СОПФ ДОМ.РФ 6,RUB,Financial,Россия,Московская биржа,1,1000,1000,RUB,1003.6,1001.7,995.5,995.3,99.55,8.1,,0,91,4,Floating,True,2026-08-27T00:00:00Z,2027-08-26T00:00:00+03:00,2027-08-26T00:00:00+03:00,16.08,15.17,15.17,1.11,0,0.9,0.0009,True,False,False,False,False,False,2,False,False,False,964.4
RU000A10B7S9,RU000A10B7S9,ПКО СЗА БО-02,RUB,Financial,,Московская биржа,1,1000,1000,RUB,1070.6,1059.4,1047.4,1041.3,104.74,15.6,23.42,28.5,30,12,Fixed,False,2026-06-26T00:00:00Z,2028-03-17T00:00:00+03:00,2028-03-17T00:00:00+03:00,27.21,,28.23,1.39,0,2.5,0.0024,True,False,False,False,False,False,2,True,False,False,1015
RU000A101RW0,RU000A101RW0,Республика Казахстан 08,RUB,Government,Казахстан,Московская биржа,1,1000,1000,RUB,931,929.1,894,894.7,89.4,37.1,38.34,7.69,182,2,Fixed,False,2026-06-22T00:00:00Z,2028-06-19T00:00:00+03:00,2028-06-19T00:00:00+03:00,8.6,14.39,14.39,1.82,0,2.6,0.0029,True,False,False,False,False,False,2,False,False,False,810.4
RU000A10CT58,RU000A10CT58,ДОМ.РФ 002P-07,RUB,Financial,Россия,Московская биржа,1,1000,1000,RUB,1035.8,1033,1000.1,997.3,100.01,35.8,76.91,0,182,2,Floating,True,2026-09-22T00:00:00Z,2027-03-23T00:00:00+03:00,2026-09-25T00:00:00Z,15.42,,14.83,0.28,0,0.1,0.0001,False,True,False,False,False,False,2,False,False,False,993
RU000A100Q35,RU000A100Q35,ПР-Лизинг БО 001Р-03,RUB,Other,Россия,Московская биржа,1,1000,1000,RUB,1007.6,1007.3,1002.6,1002.3,100.26,4.7,15.62,19,30,12,Variable,False,2026-07-07T00:00:00Z,2026-07-07T00:00:00+03:00,2026-07-07T00:00:00+03:00,18.95,15.41,15.41,0.06,0,3,0.003,True,False,False,False,False,False,2,False,False,False,997
RU000A106AU9,RU000A106AU9,Ультра БО-01,RUB,Other,Россия,Московская биржа,1,520,520,RUB,509.964,508.04,510.016,504.66,98.08,0.832,8.55,20,30,12,Variable,False,2026-06-15T00:00:00Z,2027-05-09T00:00:00+03:00,2027-05-09T00:00:00+03:00,20.39,25.8,25.8,0.62,0,-0.416,-0.0008,False,True,False,False,False,False,2,False,False,False,495.196
RU000A1084Q0,RU000A1084Q0,РЖД ЗО26-2-Р,RUB,Industrials,Россия,Московская биржа,1,100000,100000,RUB,100550,100370,98490,98480,98.49,2050,3837.5,7.675,184,2,Fixed,False,2026-09-10T00:00:00Z,2026-09-10T00:00:00+03:00,2026-09-10T00:00:00+03:00,7.79,14.7,14.7,0.24,0,0.0,0,True,False,False,False,False,False,2,False,False,False,89660
RU000A1074E7,RU000A1074E7,Руссойл БО-01,RUB,Industrials,Россия,Московская биржа,1,500,500,RUB,506.95,503.9,488.6,489.8,97.72,15.35,24.93,20,91,4,Floating,True,2026-07-21T00:00:00Z,2026-10-20T00:00:00+03:00,2026-10-20T00:00:00+03:00,20.47,33.61,33.61,0.21,0,-3.1,-0.0063,True,False,False,False,False,False,2,False,False,False,412.3
RU000A1003A4,RU000A1003A4,ГТЛК БО 001P-13,RUB,Financial,Россия,Московская биржа,1,1000,1000,RUB,972.5,970,958.7,957.7,95.87,12.1,23.86,9.57,91,4,Variable,False,2026-07-31T00:00:00Z,2034-01-20T00:00:00+03:00,2027-02-03T00:00:00Z,9.98,,17.59,0.62,0,0.5,0.0005,True,False,False,False,False,False,2,False,False,False,862.8
RU000A0JXQ44,RU000A0JXQ44,РЖД БО-001P-02R,RUB,Industrials,Россия,Московская биржа,1,1000,1000,RUB,1024.7,1024.2,1000.6,1000,100.06,24.1,71.8,14.4,182,2,Variable,False,2026-10-15T00:00:00Z,2037-04-02T00:00:00+03:00,2028-04-18T00:00:00Z,14.39,,14.84,1.65,0,-0.2,-0.0002,True,False,False,False,False,False,2,False,False,False,915.2
RU000A1056T2,RU000A1056T2,Центр-Резерв БО-02,RUB,Consumer,Россия,Московская биржа,1,450,450,RUB,450.27,448.785,444.24,446.355,98.72,4.455,6.66,18,30,12,Fixed,False,2026-06-26T00:00:00Z,2026-08-25T00:00:00+03:00,2026-08-25T00:00:00+03:00,18.23,27.94,27.94,0.19,0,-1.35,-0.003,True,False,False,False,False,False,2,False,False,False,416.025
RU000A103125,RU000A103125,ДОМ.РФ ИА БО 1P7,RUB,Financial,Россия,Московская биржа,1,280.43,280.43,RUB,253.929365,243.497369,238.113113,242.656079,84.91,4.234493,4.88,6.9,92,4,Fixed,False,2026-06-29T00:00:00Z,2049-06-28T00:00:00+03:00,2049-06-28T00:00:00+03:00,8.13,,8.13,,0,0.0,0,True,False,False,False,False,False,2,False,False,False,228.129805
RU000A107EW5,RU000A107EW5,МФК Джой Мани 001P-01,RUB,Financial,Россия,Московская биржа,1,1000,1000,RUB,985.2,984.2,979.8,982,97.98,4.2,13.97,17,30,12,Fixed,False,2026-07-07T00:00:00Z,2026-12-04T00:00:00+03:00,2026-12-04T00:00:00+03:00,17.35,23.83,23.83,0.45,0,-2.2,-0.0022,True,False,False,False,False,False,2,True,False,False,882
RU000A10BP38,RU000A10BP38,Республика Саха (Якутия) 34005,RUB,Municipal,Россия,Московская биржа,1,1000,1000,RUB,1020.4,1017.4,1009.1,1009.7,100.91,11.3,13.56,16.5,30,12,Floating,True,2026-06-22T00:00:00Z,2028-05-11T00:00:00+03:00,2028-05-11T00:00:00+03:00,16.35,14.64,14.64,1.19,0,-0.6,-0.0006,False,True,False,False,False,False,2,False,False,False,1015.1
RU000A108FG3,RU000A108FG3,Агро-Фрегат БО-01,RUB,Consumer,Россия,Московская биржа,1,1000,1000,RUB,994.9,991.8,974.9,975.1,97.49,20.3,56.1,22.5,91,4,Fixed,False,2026-08-13T00:00:00Z,2027-05-13T00:00:00+03:00,2027-05-13T00:00:00+03:00,23.08,30.76,30.76,0.5,0,0.5,0.0005,True,False,False,False,False,False,2,False,False,False,919.8
RU000A10B8D9,RU000A10B8D9,ВЭБ.РФ ПБО-002Р-50,RUB,Financial,Россия,Московская биржа,1,1000,1000,RUB,1038,1036,1005.6,1005.8,100.56,32.4,,0,91,4,Floating,True,2026-07-07T00:00:00Z,2027-04-06T00:00:00+03:00,2027-04-06T00:00:00+03:00,17.87,14.76,14.76,0.75,0,0.0,0,True,False,False,False,False,False,2,False,False,False,1008.9
RU000A104XE0,RU000A104XE0,Лизинг-Трейд 001P-04,RUB,Financial,Россия,Московская биржа,1,1000,1000,RUB,928,925.6,925.4,922.7,92.54,0.8,12.33,15,30,12,Variable,False,2026-06-15T00:00:00Z,2027-06-09T00:00:00+03:00,2027-06-09T00:00:00+03:00,16.21,26.32,26.32,0.92,0,-4.3,-0.0046,True,False,False,False,False,False,2,False,False,False,829.5
RU000A1089U1,RU000A1089U1,РЖД ЗО28-3-Р,RUB,Industrials,Россия,Московская биржа,1,100000,100000,RUB,89190,86950,85910,87000,85.91,1820,3725,7.45,184,2,Fixed,False,2026-09-18T00:00:00Z,2028-09-18T00:00:00+03:00,2028-09-18T00:00:00+03:00,8.67,15.56,15.56,2.07,0,0.0,0,True,False,False,False,False,False,2,False,False,False,78150
RU000A10B081,RU000A10B081,ЭкономЛизинг 001Р-08,RUB,Financial,Россия,Московская биржа,1,1000,1000,RUB,1097.3,1094.2,1083,1085.7,108.3,13.3,22.19,27,30,12,Fixed,False,2026-06-29T00:00:00Z,2028-02-18T00:00:00+03:00,2028-02-18T00:00:00+03:00,24.93,,23.24,1.36,0,0.1,0.0001,True,False,False,False,False,False,2,False,False,False,1060
RU000A107050,RU000A107050,Газпром капитал БО-002Р-09,RUB,Energy,Россия,Московская биржа,1,1000,1000,RUB,1021.5,1018.8,988.6,989,98.86,30,,0,91,4,Floating,True,2026-07-07T00:00:00Z,2028-04-04T00:00:00+03:00,2028-04-04T00:00:00+03:00,16.81,15.06,15.06,1.58,0,-2.9,-0.0029,True,False,False,False,False,False,2,False,False,False,960
RU000A101XD8,RU000A101XD8,МаксимаТелеком БО-П01,RUB,Telecom,Россия,Московская биржа,1,1000,1000,RUB,1095.3,1093.1,1000.3,1002.1,100.03,92.8,109.7,22,182,2,Variable,False,2026-07-14T00:00:00Z,2026-07-14T00:00:00+03:00,2026-07-14T00:00:00+03:00,21.99,21.68,21.68,0.08,0,-2.3,-0.0023,True,False,False,False,False,False,2,False,False,False,997.4
RU000A0ZZ984,RU000A0ZZ984,ГТЛК БО 001P-10,RUB,Financial,Россия,Московская биржа,1,1000,1000,RUB,765,719.8,742.8,742.8,74.28,0.1,0.25,0.1,91,4,Variable,False,2026-08-28T00:00:00Z,2033-05-20T00:00:00+03:00,2028-08-30T00:00:00Z,0.13,,14.45,2.21,0,0.0,0,True,False,False,False,False,False,2,False,False,False,956.7
RU000A1053H4,RU000A1053H4,Лизинг-Трейд 001P-05,RUB,Financial,Россия,Московская биржа,1,1000,1000,RUB,924.4,921.5,917,917.7,91.7,7.8,12.33,15,30,12,Fixed,False,2026-06-29T00:00:00Z,2027-07-22T00:00:00+03:00,2027-07-22T00:00:00+03:00,16.36,26.39,26.39,1.01,0,4.2,0.0046,True,False,False,False,False,False,2,False,False,False,820.4
RU000A1097C2,RU000A1097C2,Аренза-Про 001P-05,RUB,Financial,Россия,Московская биржа,1,700,700,RUB,706.79,703.5,698.25,698.25,99.75,8.54,10.55,17.75,31,12,Floating,True,2026-06-22T00:00:00Z,2027-08-30T00:00:00+03:00,2027-08-30T00:00:00+03:00,17.79,17.81,17.81,0.77,0,0.0,0,False,True,False,False,False,False,2,False,False,False,695.38
RU000A108Y11,RU000A108Y11,Домодедово Фьюэл Фасилитис ЗО28,RUB,Industrials,Россия,Московская биржа,1,71907.7,1000,USD,62453.2036963,61959.8449666,61013.68345,60877.05882,84.85,1367.684454,1923.53,5.35,181,2,Fixed,False,2026-08-10T00:00:00Z,2028-02-08T00:00:00+03:00,2028-02-08T00:00:00+03:00,6.31,16.8,16.8,1.56,0,107.9334577,0.0018,True,False,False,False,False,False,2,False,False,False,50858.5185175
RU000A105EW9,RU000A105EW9,Сегежа 003P-01R,CNY,Materials,Россия,Московская биржа,1,1000,1000,CNY,1007.983,996.195,989.001,983.994,98.9001,16.99,38.64,15.5,91,4,Variable,False,2026-08-06T00:00:00Z,2037-10-22T00:00:00+03:00,2027-05-11T00:00:00Z,15.67,,17.91,0.84,0,5.106,0.0052,True,False,False,False,False,False,2,False,False,False,953.202
RU000A10CH37,RU000A10CH37,Денум Солюшнз 001Р-02,RUB,Other,Россия,Московская биржа,1,1000,1000,RUB,1037.4,1035.1,1017.8,1018.5,101.78,19.5,20.14,24.5,30,12,Fixed,False,2026-06-17T00:00:00Z,2028-08-05T00:00:00+03:00,2028-08-05T00:00:00+03:00,24.07,,26.13,1.66,0,-0.1,-0.0001,True,False,False,False,False,False,2,True,False,False,1015.2
RU000A10BG05,RU000A10BG05,МегаФон БО-002Р-08,RUB,Telecom,Россия,Московская биржа,1,1000,1000,RUB,1011.2,1006.9,1005.1,1009.7,100.51,0,13.4,0,30,12,Floating,True,2026-06-16T00:00:00Z,2027-03-13T00:00:00+03:00,2027-03-13T00:00:00+03:00,16.22,15.45,15.45,0.7,0,-6.7,-0.0066,True,False,False,False,False,False,2,False,False,False,1003.7
RU000A108NQ6,RU000A108NQ6,МКБ ЗО-2027,RUB,Financial,Россия,Московская биржа,1,71907.7,1000,USD,68163.466061,67806.2286074,67261.5277799,66529.0759477,93.5387,1063.514883,2696.54,7.5,183,2,Fixed,False,2026-10-05T00:00:00Z,2027-10-05T00:00:00+03:00,2027-10-05T00:00:00+03:00,8.02,13.24,13.24,1.25,0,600.2135719,0.009,False,True,False,True,False,False,2,True,False,False,57310.4369
RU000A0ZYU21,RU000A0ZYU21,Альфа-Банк БО-40,RUB,Financial,Россия,Московская биржа,1,1000,1000,RUB,1038.6,1036.1,1000.7,1000,100.07,39.4,66.18,13.2,183,2,Variable,False,2026-08-31T00:00:00Z,2033-03-04T00:00:00+03:00,2027-03-03T00:00:00Z,13.19,,13.44,0.68,0,0.0,0,True,False,False,False,False,False,2,False,False,False,955
RU000A0ZYLK7,RU000A0ZYLK7,Верхнебаканский цементный завод 1P-1R,RUB,Materials,Россия,Московская биржа,1,1000,1000,RUB,925.5,915.2,915.1,925.4,91.51,0.1,1.87,0.75,91,4,Variable,False,2026-06-15T00:00:00Z,2027-12-10T00:00:00+03:00,2026-12-16T00:00:00Z,0.82,,20.28,0.5,0,0.0,0,True,False,False,False,False,False,2,False,False,False,896.3
RU000A1004W6,RU000A1004W6,ДОМ.РФ 001Р-05R,RUB,Financial,Россия,Московская биржа,1,1000,1000,RUB,1065.5,1057.7,1008.8,1002.9,100.88,48.9,76.79,15.4,182,2,Variable,False,2026-08-21T00:00:00Z,2029-02-16T00:00:00+03:00,2026-08-26T00:00:00Z,15.27,,10.78,0.19,0,3.8,0.0038,False,True,False,False,False,False,2,False,False,False,1005.9
RU000A107C59,RU000A107C59,Совкомбанк СЗО-02,RUB,Financial,Россия,Московская биржа,1,71907.7,1000,USD,68850.1126883,67066.9455437,67240.89027,67952.7045923,93.51,825.500396,1856.66,10.328,92,4,Floating,True,2026-08-06T00:00:00Z,,2030-05-06T00:00:00Z,11.04,,11.04,7.05,0,0.0,0,False,True,False,True,True,False,2,True,False,False,71883.0356589
RU000A106JZ9,RU000A106JZ9,Башкирская содовая компания 001Р-03,RUB,Industrials,Россия,Московская биржа,1,250,250,RUB,254.325,253.95,249.1,249.175,99.64,4.85,6.61,10.6,91,4,Fixed,False,2026-07-10T00:00:00Z,2026-07-10T00:00:00+03:00,2026-07-10T00:00:00+03:00,10.64,17.1,17.1,0.07,0,0.0,0,True,False,False,False,False,False,2,False,False,False,235.6
RU000A10CHX1,RU000A10CHX1,МГКЛ-G01,RUB,Financial,Россия,Московская биржа,1,9988.54,9988.54,RUB,10293.19047,10080.434568,10185.314238,9924.613344,101.97,106.877378,,14,30,12,Fixed,False,2026-06-18T00:00:00Z,2028-08-06T00:00:00+03:00,2028-08-06T00:00:00+03:00,13.73,13.18,13.18,,0,222.744442,0.0224,True,False,False,False,False,False,2,True,False,True,10923.467344
RU000A1099P0,RU000A1099P0,МФК Быстроденьги 002Р-07,RUB,Financial,Россия,Московская биржа,1,1000,1000,RUB,1007.5,1005.4,1003.5,1004.6,100.35,1.9,18.9,23,30,12,Variable,False,2026-06-15T00:00:00Z,2028-02-03T00:00:00+03:00,2026-08-19T00:00:00Z,22.92,,23.09,0.17,0,0.2,0.0002,True,False,False,False,False,False,2,True,False,False,995.5
RU000A103C53,RU000A103C53,РЕСО-Лизинг БО-П-11,RUB,Financial,Россия,Московская биржа,1,1000,1000,RUB,1131.8,1128.4,1044.2,1040.9,104.42,87.7,92.75,18.6,182,2,Variable,False,2026-06-26T00:00:00Z,2031-06-20T00:00:00+03:00,2027-06-30T00:00:00Z,17.81,,14.36,0.92,0,0.0,0,True,False,False,False,False,False,2,False,False,False,1005.8
RU000A108991,RU000A108991,Сегежа 003P-04R,RUB,Materials,Россия,Московская биржа,1,1000,1000,RUB,977.4,974.4,939.6,942.2,93.96,34.8,,0,91,4,Floating,True,2026-07-09T00:00:00Z,2027-04-08T00:00:00+03:00,2027-04-08T00:00:00+03:00,20.91,28.49,28.49,0.75,0,0.7,0.0007,True,False,False,False,False,False,2,False,False,False,893.8
RU000A0ZYJ91,RU000A0ZYJ91,ФСК Россети БО-04,RUB,Utilities,Россия,Московская биржа,1,1000,1000,RUB,1001.2,998.3,995.8,994.5,99.58,6.6,29.92,12,91,4,Variable,False,2026-08-26T00:00:00Z,2052-10-23T00:00:00+03:00,2026-12-02T00:00:00Z,12.05,,13.58,0.45,0,5,0.005,True,False,False,False,False,False,2,False,False,False,1039.1
RU000A1043E2,RU000A1043E2,Новосибирская область 35022,RUB,Municipal,Россия,Московская биржа,1,800,800,RUB,771.04,767.44,755.76,751.92,94.47,11.68,18.01,9.03,91,4,Fixed,False,2026-07-20T00:00:00Z,2028-11-14T00:00:00+03:00,2028-11-14T00:00:00+03:00,9.56,14.01,14.01,1.32,0,0.24,0.0003,False,True,False,False,False,False,2,False,False,False,739.04
RU000A105PH6,RU000A105PH6,ФСК Россети БО 001P-07R,RUB,Utilities,Россия,Московская биржа,1,1000,1000,RUB,1027.6,1024.5,1000,997.5,100,27.6,29.92,12,91,4,Variable,False,2026-06-23T00:00:00Z,2037-12-08T00:00:00+03:00,2026-06-26T00:00:00Z,12,,12.48,0.03,0,-1,-0.001,False,True,False,False,False,False,2,False,False,False,997
RU000A10DCM3,RU000A10DCM3,ГК Самолет БО-П21,RUB,RealEstate,Россия,Московская биржа,1,50000,50000,RUB,39550,39005,38700,38595,77.4,305,534.25,13,30,12,Fixed,False,2026-06-29T00:00:00Z,2028-12-15T00:00:00+03:00,2028-12-15T00:00:00+03:00,16.8,28.43,28.43,2.07,0,0.0,0,True,False,False,False,False,False,2,False,False,False,49235
RU000A102D46,RU000A102D46,ДОМ.РФ ИА 18-002P,RUB,Financial,Россия,Московская биржа,1,270.88,270.88,RUB,225.047104,216.43312,217.895872,217.895872,80.44,0.81264,3.99,5.85,92,4,Fixed,False,2026-08-28T00:00:00Z,2051-02-28T00:00:00+03:00,2051-02-28T00:00:00+03:00,7.27,,7.27,,0,0.0,0,True,False,False,False,False,False,2,False,False,False,197.661136
RU000A107E99,RU000A107E99,Совкомбанк СЗО-04,RUB,Financial,Россия,Московская биржа,1,71907.7,1000,USD,79812.513461,76646.1297992,76261.3516965,76261.3516965,106.0545,1441.749385,3762.21,10.463,183,2,Floating,True,2026-10-07T00:00:00Z,2030-04-07T00:00:00+03:00,2030-04-07T00:00:00+03:00,9.87,8.74,8.74,3.21,0,0.0,0,False,True,False,True,False,False,2,True,False,False,78554.5601572
RU000A107C91,RU000A107C91,МСБ-Лизинг 003P-02,RUB,Financial,Россия,Московская биржа,1,200.08,200.08,RUB,201.240464,200.900328,198.659432,199.439744,99.29,1.840736,2.63,16,30,12,Fixed,False,2026-06-25T00:00:00Z,2026-11-22T00:00:00+03:00,2026-11-22T00:00:00+03:00,16.11,20.97,20.97,0.22,0,0.10004,0.0005,True,False,False,False,False,False,2,False,False,False,186.87472
RU000A103QL1,RU000A103QL1,Росагролизинг 001P-03,RUB,Financial,Россия,Московская биржа,1,1000,1000,RUB,1004.1,1001.6,983.4,983.1,98.34,20.8,42.13,8.45,182,2,Fixed,False,2026-09-16T00:00:00Z,2026-09-16T00:00:00+03:00,2026-09-16T00:00:00+03:00,8.59,15.75,15.75,0.25,0,0.0,0,False,True,False,False,False,False,2,True,False,False,930
RU000A107B84,RU000A107B84,Совкомбанк СЗО-01,RUB,Financial,Россия,Московская биржа,1,71907.7,1000,USD,56527.7215855,55445.151162,55090.7900164,55090.7900164,76.6132,440.075124,1366.25,7.6,92,4,Variable,False,2026-08-17T00:00:00Z,,2027-02-17T00:00:00Z,9.92,,9.92,8.91,0,0.0,0,False,True,False,True,True,False,2,True,False,False,56519.4522
RU000A10A1P9,RU000A10A1P9,АПРИ БО-002Р-05,RUB,RealEstate,Россия,Московская биржа,1,1000,1000,RUB,989.5,987.5,966.5,964.6,96.65,23,59.84,24,91,4,Variable,False,2026-08-11T00:00:00Z,2028-11-07T00:00:00+03:00,2027-02-24T00:00:00Z,24.83,,32.9,0.64,0,1.8,0.0019,True,False,False,False,False,False,2,False,False,False,1000
RU000A107T27,RU000A107T27,Газпром капитал БО-002Р-12,RUB,Energy,Россия,Московская биржа,1,1000,1000,RUB,1002.1,999.9,987.6,989.6,98.76,12.3,,0,91,4,Floating,True,2026-08-17T00:00:00Z,2029-02-12T00:00:00+03:00,2029-02-12T00:00:00+03:00,16.33,14.82,14.82,2.24,0,-1.9,-0.0019,True,False,False,False,False,False,2,False,False,False,951
RU000A105H23,RU000A105H23,ДОМ.РФ ИА БО 1P25,RUB,Financial,Россия,Московская биржа,1,485.52,485.52,RUB,433.715016,430.219272,431.87004,431.62728,88.95,2.379048,3.86,9.35,31,12,Fixed,False,2026-06-29T00:00:00Z,2032-10-28T00:00:00+03:00,2032-10-28T00:00:00+03:00,10.51,,10.51,,0,0.0,0,False,True,False,False,False,False,2,False,False,False,359.479008
RU000A1064L3,RU000A1064L3,ЕАБР 003P-007,RUB,Financial,Казахстан,Московская биржа,1,1000,1000,RUB,1022.7,1021.4,997.2,998.8,99.72,24,,0,182,2,Floating,True,2026-10-22T00:00:00Z,2028-04-20T00:00:00+03:00,2028-04-20T00:00:00+03:00,17.72,17.06,17.06,1.63,0,0.0,0,True,False,False,False,False,False,2,False,False,False,934.8
RU000A1071Q7,RU000A1071Q7,Моторика БO-01,RUB,HealthCare,Россия,Московская биржа,1,700,700,RUB,717.22,715.68,698.39,699.44,99.77,17.22,25.31,14.5,91,4,Variable,False,2026-07-15T00:00:00Z,2026-10-14T00:00:00+03:00,2026-10-14T00:00:00+03:00,14.53,16.44,16.44,0.22,0,-1.19,-0.0017,True,False,False,False,False,False,2,False,False,False,693.42
RU000A10EV52,RU000A10EV52,ПКО СЗА БО-07,RUB,Financial,Россия,Московская биржа,1,1000,1000,RUB,1020.4,1006.4,1019,1008.1,101.9,1.4,20.96,25.5,30,12,Fixed,False,2026-06-15T00:00:00Z,2029-03-30T00:00:00+03:00,2029-03-30T00:00:00+03:00,25.02,,27.52,2.03,0,4,0.0039,True,False,False,False,False,False,2,True,False,False,1002.3
RU000A1008V9,RU000A1008V9,Роснано 08,RUB,Financial,Россия,Московская биржа,1,1000,1000,RUB,942.2,939.5,908,904.4,90.8,34.3,80.03,16.05,182,2,Floating,True,2026-09-28T00:00:00Z,2028-03-27T00:00:00+03:00,2028-03-27T00:00:00+03:00,17.68,21.05,21.05,1.57,0,4.4,0.0049,True,False,False,False,False,False,2,False,False,False,805.1
RU000A103WB0,RU000A103WB0,Славянск ЭКО 001Р-01,RUB,Energy,Россия,Московская биржа,1,1000,1000,RUB,989.3,986.6,967.6,970.5,96.76,19,27.42,11,91,4,Variable,False,2026-07-14T00:00:00Z,2026-10-13T00:00:00+03:00,2026-10-13T00:00:00+03:00,11.37,23.3,23.3,0.32,0,-2.9,-0.003,True,False,False,False,False,False,2,False,False,False,881.9
RU000A107SX3,RU000A107SX3,ЭкономЛизинг 001Р-07,RUB,Financial,Россия,Московская биржа,1,1000,1000,RUB,979.5,979.4,966.7,965.3,96.67,12.7,39.89,16,91,4,Fixed,False,2026-08-17T00:00:00Z,2027-02-15T00:00:00+03:00,2027-02-15T00:00:00+03:00,16.55,23.23,23.23,0.64,0,0.1,0.0001,True,False,False,False,False,False,2,False,False,False,883.6
RU000A10CDX0,RU000A10CDX0,ЭкономЛизинг 002Р-01,RUB,Financial,Россия,Московская биржа,1,1000,1000,RUB,1023.3,1020.5,1003.5,1001.1,100.35,19.9,54.85,22,91,4,Variable,False,2026-08-13T00:00:00Z,2028-08-10T00:00:00+03:00,2027-02-26T00:00:00Z,21.92,,23.2,0.65,0,3,0.003,True,False,False,False,False,False,2,False,False,False,1005.9
RU000A1071U9,RU000A1071U9,Элемент Лизинг БО 001P-06,RUB,Financial,Россия,Московская биржа,1,113.6,113.6,RUB,114.15664,113.95216,113.3728,113.62272,99.8,0.57936,1.45,15.5,30,12,Fixed,False,2026-07-06T00:00:00Z,2026-10-02T00:00:00+03:00,2026-10-02T00:00:00+03:00,15.53,17.97,17.97,0.17,0,-0.23856,-0.0021,True,False,False,False,False,False,2,False,False,False,108.61296
RU000A1014J2,RU000A1014J2,Банк ВТБ Т2-3,RUB,Financial,Россия,Московская биржа,1,10000000,10000000,RUB,10305000,9994000,10160000,10195000,101.6,105000,908504.11,18.22,182,2,Floating,True,2026-11-24T00:00:00Z,2030-05-21T00:00:00+03:00,2030-05-21T00:00:00+03:00,17.93,,18.4,2.95,0,-35000,-0.0034,True,False,False,False,False,False,2,True,False,False,9199000
RU000A10ECM1,RU000A10ECM1,Газпром капитал БО-003Р-21,RUB,Energy,Россия,Московская биржа,1,1000,1000,RUB,1011.2,1009.4,1001.4,1001.7,100.14,9.6,13.15,0,30,12,Floating,True,2026-06-24T00:00:00Z,2028-08-12T00:00:00+03:00,2028-08-12T00:00:00+03:00,15.98,14.71,14.71,1.85,0,0.0,0,True,False,False,False,False,False,2,False,False,False,1000.3
RU000A106YL8,RU000A106YL8,Агротек БО-03,RUB,Consumer,Россия,Московская биржа,1,1000,1000,RUB,977.1,977,939.9,939.5,93.99,37.1,41.14,16.5,91,4,Fixed,False,2026-06-25T00:00:00Z,2027-06-24T00:00:00+03:00,2027-06-24T00:00:00+03:00,17.56,,29.92,0.59,0,6.9,0.0074,True,False,False,False,False,False,2,False,False,False,909
RU000A1089X5,RU000A1089X5,РЖД ЗО28-1-Р,RUB,Industrials,Россия,Московская биржа,1,100000,100000,RUB,89890,89720,87980,87970,87.98,1910,3299,6.598,184,2,Fixed,False,2026-09-02T00:00:00Z,2028-03-02T00:00:00+03:00,2028-03-02T00:00:00+03:00,7.5,15.32,15.32,1.61,0,-10,-0.0001,True,False,False,False,False,False,2,False,False,False,81480
RU000A10D5H4,RU000A10D5H4,СинараСекьюр А,RUB,Financial,Россия,Московская биржа,1,1000,1000,RUB,1070.4,1064.5,1032.3,1022.5,103.23,37.1,41.59,16.5,92,12,Fixed,False,2026-06-26T00:00:00Z,2029-10-26T00:00:00+03:00,2029-10-26T00:00:00+03:00,15.98,16.38,16.38,2.53,0,0.0,0,True,False,False,False,False,False,2,True,False,False,1007.6
RU000A105559,RU000A105559,ФСК Россети БО 001P-06R,RUB,Utilities,Россия,Московская биржа,1,1000,1000,RUB,992.1,989,987.3,989.7,98.73,4.8,21.69,8.7,91,4,Variable,False,2026-08-26T00:00:00Z,2032-08-18T00:00:00+03:00,2026-08-31T00:00:00Z,8.81,,15.85,0.21,0,0.1,0.0001,False,True,False,False,False,False,2,False,False,False,900.4
RU000A1039A8,RU000A1039A8,Газпром капитал 001Б-02,RUB,Energy,Россия,Московская биржа,1,1000000,1000000,RUB,1049700,1043100,967100,970000,96.71,80500,81875.07,16.42,182,2,Floating,True,2026-06-19T00:00:00Z,,2030-12-13T00:00:00Z,16.98,,16.98,9.55,0,0.0,0,True,False,False,False,True,False,2,True,False,False,800000
RU000A10DYH7,RU000A10DYH7,ГПБ Финанс 001Р-07Р,RUB,Financial,Россия,Московская биржа,1,1000,1000,RUB,1009.3,1002.9,999.8,1000,99.98,9.5,11.92,0,30,12,Floating,True,2026-06-22T00:00:00Z,2027-06-17T00:00:00+03:00,2026-07-01T00:00:00Z,14.5,,15.97,0.04,0,0.7,0.0007,True,False,False,False,False,False,2,False,False,False,1000
RU000A10BQD6,RU000A10BQD6,Металлоинвест 001P-14,RUB,Industrials,,Московская биржа,1,1000,1000,RUB,1009.3,1008.6,1000.7,999.9,100.07,8.1,13.48,0,30,12,Floating,True,2026-06-29T00:00:00Z,2028-05-18T00:00:00+03:00,2028-05-18T00:00:00+03:00,16.39,15.23,15.23,1.67,0,-0.2,-0.0002,True,False,False,False,False,False,2,False,False,False,1000
RU000A103SC6,RU000A103SC6,Банк ВТБ СУБ-Т1-12,RUB,Financial,Россия,Московская биржа,1,10000000,10000000,RUB,7700000,7481000,7225000,7299000,72.25,401000,934931.51,18.75,182,2,Floating,True,2026-09-28T00:00:00Z,,2027-03-29T00:00:00Z,25.95,,25.95,6.88,0,0.0,0,True,False,False,True,True,False,2,True,False,False,7600000
RU000A108LF3,RU000A108LF3,Ростелеком 001P-08R,RUB,Telecom,Россия,Московская биржа,1,1000,1000,RUB,1005.9,1002.2,1000.7,1000.9,100.07,5.2,39.02,0,91,4,Floating,True,2026-09-03T00:00:00Z,2027-09-02T00:00:00+03:00,2027-09-02T00:00:00+03:00,15.64,14.65,14.65,1.13,0,-1.8,-0.0018,False,True,False,False,False,False,2,False,False,False,979.1
RU000A106K35,RU000A106K35,АВТОБАН-Финанс БО-П04,RUB,Financial,Россия,Московская биржа,1,1000,1000,RUB,1055.4,1045,1013.7,1029.9,101.37,23,37.4,15,91,4,Variable,False,2026-07-21T00:00:00Z,2028-07-18T00:00:00+03:00,2027-01-22T00:00:00Z,14.8,,13.19,0.58,0,-16.2,-0.0157,False,True,False,False,False,False,2,False,False,False,999.2
BYM000002469,BYM000002469,Республика Беларусь346 28.02.2030,RUB,Government,Беларусь,Московская биржа,1,71907.7,1000,USD,,69325.8540315,70110.0075,70110.0075,97.5,1319.1467565,2211.16,6.2,181,2,Fixed,False,2026-08-28T00:00:00Z,2030-02-28T00:00:00+03:00,2030-02-28T00:00:00+03:00,6.36,7.08,7.08,3.32,0,0.0,0,False,True,False,False,False,False,2,False,False,False,70332.92137
RU000A1095W4,RU000A1095W4,Ростелеком 001P-09R,RUB,Telecom,Россия,Московская биржа,1,1000,1000,RUB,1015.8,1014.2,996.6,998.3,99.66,17.6,39.02,0,91,4,Floating,True,2026-08-05T00:00:00Z,2027-08-04T00:00:00+03:00,2027-08-04T00:00:00+03:00,15.7,15.16,15.16,1.05,0,-1.7,-0.0017,True,False,False,False,False,False,2,False,False,False,977.9
RU000A1034P7,RU000A1034P7,Банк ВТБ СУБ-Т1-5,RUB,Financial,Россия,Московская биржа,1,10000000,10000000,RUB,7574000,7354000,7360000,7360000,73.6,74000,498630.14,10,182,2,Variable,False,2026-11-18T00:00:00Z,,2026-11-18T00:00:00Z,13.59,,13.59,8.6,0,0.0,0,True,False,False,True,True,False,2,True,False,False,5200000
RU000A10DXL1,RU000A10DXL1,ДОМ.РФ 002P-08,RUB,Financial,Россия,Московская биржа,1,1000,1000,RUB,1077.7,1076.1,998.3,999.9,99.83,77.8,80.36,0,182,2,Floating,True,2026-06-22T00:00:00Z,2027-06-21T00:00:00+03:00,2026-06-25T00:00:00Z,16.14,,23.23,0.02,0,-1.6,-0.0016,False,True,False,False,False,False,2,False,False,False,1009
RU000A0ZZ877,RU000A0ZZ877,КАМАЗ БО-10,RUB,Industrials,Россия,Московская биржа,1,1000,1000,RUB,840.8,838.3,826.3,831.4,82.63,11.7,76.34,15.31,182,2,Floating,True,2026-11-17T00:00:00Z,2033-05-10T00:00:00+03:00,2033-05-10T00:00:00+03:00,18.53,18.62,18.62,4.44,0,0.0,0,False,True,False,False,False,False,2,False,False,False,818.9
RU000A100VG7,RU000A100VG7,СУЭК-Финанс 001Р-03R,RUB,Industrials,Россия,Московская биржа,1,1000,1000,RUB,916.3,898,916.2,902.4,91.62,5.1,10.47,2.1,182,2,Variable,False,2026-09-17T00:00:00Z,2029-09-13T00:00:00+03:00,2027-03-23T00:00:00Z,2.29,,14.48,0.76,0,0.0,0,False,True,False,False,False,False,2,False,False,False,886.7
RU000A103DY2,RU000A103DY2,БЭЛТИ-ГРАНД БО-П04,RUB,Financial,Россия,Московская биржа,1,280,280,RUB,271.292,268.856,268.716,269.64,95.97,2.632,2.82,12.25,30,12,Fixed,False,2026-06-18T00:00:00Z,2027-02-13T00:00:00+03:00,2027-02-13T00:00:00+03:00,12.76,25.78,25.78,0.38,0,-0.392,-0.0015,False,True,False,False,False,False,2,False,False,False,250.684
RU000A105ZC6,RU000A105ZC6,Роснефть 002P-13,CNY,Energy,Россия,Московская биржа,1,1000,1000,CNY,1053.377,1029.38,1036.997,1043.816,103.6997,16.38,32.41,6.5,182,2,Variable,False,2026-09-14T00:00:00Z,2033-03-07T00:00:00+03:00,2027-03-18T00:00:00Z,6.27,,1.63,0.74,0,0.0,0,True,False,False,False,False,False,2,False,False,False,1020
RU000A0JWTN2,RU000A0JWTN2,Ростелеком 001P-01R,RUB,Telecom,Россия,Московская биржа,1,1000,1000,RUB,1066.4,1063.4,1015.9,1015.4,101.59,50.6,95.99,19.25,182,2,Variable,False,2026-09-10T00:00:00Z,2026-09-10T00:00:00+03:00,2026-09-10T00:00:00+03:00,18.95,12.26,12.26,0.24,0,-0.1,-0.0001,True,False,False,False,False,False,2,False,False,False,1031.7
RU000A102879,RU000A102879,Банк ВТБ СУБ-Т2-1,RUB,Financial,Россия,Московская биржа,1,10000000,10000000,RUB,10045000,9915000,9695000,9695000,96.95,315000,830717.81,16.66,182,2,Floating,True,2026-10-07T00:00:00Z,2031-04-02T00:00:00+03:00,2031-04-02T00:00:00+03:00,17.18,,18.38,3.35,0,0.0,0,True,False,False,True,False,False,2,True,False,False,6775000
RU000A104UV0,RU000A104UV0,ДОМ.РФ ИА БО 1P18,RUB,Financial,Россия,Московская биржа,1,588.51,588.51,RUB,592.923825,572.973336,568.382958,573.149889,96.58,4.531527,7.45,14.9,31,12,Floating,True,2026-06-29T00:00:00Z,2032-05-28T00:00:00+03:00,2032-05-28T00:00:00+03:00,15.43,,15.43,,0,0.0,0,False,True,False,False,False,False,2,False,False,False,565.381557
RU000A10BFZ2,RU000A10BFZ2,МегаФон БО-002Р-09,RUB,Telecom,Россия,Московская биржа,1,1000,1000,RUB,1011,1006.5,1006.1,1009.7,100.61,0,13.4,0,30,12,Floating,True,2026-06-16T00:00:00Z,2027-07-11T00:00:00+03:00,2027-07-11T00:00:00+03:00,16.2,15.11,15.11,0.99,0,-5.5,-0.0054,True,False,False,False,False,False,2,False,False,False,1004.3
RU000A103PC2,RU000A103PC2,АВТОБАН-Финанс БО-П03,RUB,Financial,Россия,Московская биржа,1,1000,1000,RUB,1016.2,1013.3,989.3,989.1,98.93,26.9,49.86,10,182,2,Variable,False,2026-09-08T00:00:00Z,2026-09-08T00:00:00+03:00,2026-09-08T00:00:00+03:00,10.11,15.24,15.24,0.23,0,2.8,0.0028,False,True,False,False,False,False,2,False,False,False,908.1
RU000A101RJ7,RU000A101RJ7,МБЭС 001P-02,RUB,Financial,Россия,Московская биржа,1,1000,1000,RUB,1031.9,1024.9,1028.7,1028.3,102.87,3.6,81.78,16.4,182,2,Variable,False,2026-12-07T00:00:00Z,2030-06-03T00:00:00+03:00,2027-12-09T00:00:00Z,15.94,,14.68,1.37,0,5,0.0049,True,False,False,False,False,False,2,False,False,False,980.9
RU000A0ZZ1M2,RU000A0ZZ1M2,ПИК СЗ БО-П04,RUB,RealEstate,Россия,Московская биржа,1,1000,1000,RUB,1021.2,1013.7,985.5,985.5,98.55,35.5,79.78,16,182,2,Floating,True,2026-09-25T00:00:00Z,2028-03-24T00:00:00+03:00,2028-03-24T00:00:00+03:00,16.24,14.32,14.32,1.58,0,0.0,0,False,True,False,False,False,False,2,False,False,False,1135.3
RU000A102986,RU000A102986,СУЭК-Финанс 001Р-06R,RUB,Industrials,Россия,Московская биржа,1,1000,1000,RUB,1055.1,1051.1,1023.4,1020.7,102.34,31.6,94.24,18.9,182,2,Variable,False,2026-10-15T00:00:00Z,2030-10-10T00:00:00+03:00,2027-04-20T00:00:00Z,18.47,,16.36,0.8,0,-0.1,-0.0001,True,False,False,False,False,False,2,False,False,False,949.9
RU000A108C58,RU000A108C58,Элемент Лизинг БО 001P-08,RUB,Financial,Россия,Московская биржа,1,279.8,279.8,RUB,281.42284,281.39486,281.28294,281.31092,100.53,0.11192,4.04,16,30,12,Fixed,False,2026-06-15T00:00:00Z,2027-04-11T00:00:00+03:00,2027-04-11T00:00:00+03:00,15.92,15.82,15.82,0.44,0,2.2384,0.008,False,True,False,False,False,False,2,False,False,False,268.97174
RU000A0JXS83,RU000A0JXS83,Ярославская область 2017г.,RUB,Municipal,Россия,Московская биржа,1,375,375,RUB,375.2625,373.4625,370.425,368.4,98.78,4.8375,7.85,8.4,91,4,Fixed,False,2026-07-21T00:00:00Z,2027-04-20T00:00:00+03:00,2027-04-20T00:00:00+03:00,8.5,11.88,11.88,0.41,0,-0.075,-0.0002,False,True,False,False,False,False,2,False,False,False,348.75
RU000A0JSGV0,RU000A0JSGV0,РЖД 32,RUB,Industrials,Россия,Московская биржа,1,1000,1000,RUB,1041.6,1038.9,997.7,996.9,99.77,44.3,48.87,9.8,182,2,Variable,False,2026-07-03T00:00:00Z,2032-06-25T00:00:00+03:00,2026-07-08T00:00:00Z,9.82,,14.07,0.06,0,-7.7,-0.0077,True,False,False,False,False,False,2,False,False,False,924.1
RU000A102GD1,RU000A102GD1,ДОМ.РФ ИА БО 1P3,RUB,Financial,Россия,Московская биржа,1,227.93,227.93,RUB,198.116756,188.133422,195.10808,189.432623,85.6,3.008676,3.45,6,92,4,Fixed,False,2026-06-29T00:00:00Z,2049-12-28T00:00:00+03:00,2049-12-28T00:00:00+03:00,7.01,,7.01,,0,3.852017,0.0201,True,False,False,False,False,False,2,False,False,False,177.762607
RU000A1006S9,RU000A1006S9,Russia 2035,RUB,Government,Россия,Московская биржа,1,14381540.0,200000,USD,,12088403.447,12871478.3,12871478.3,89.5,158916.017,366729.27,5.1,184,2,Fixed,False,2026-09-28T00:00:00Z,2035-03-28T00:00:00+03:00,2035-03-28T00:00:00+03:00,5.7,,5.7,7.62,0,0.0,0,True,False,False,False,False,False,2,False,False,False,12871478.3
RU000A108F63,RU000A108F63,МФК Быстроденьги 002Р-06,RUB,Financial,Россия,Московская биржа,1,1000,1000,RUB,983.3,969.9,963.7,975.9,96.37,5.9,16.03,19.5,30,12,Floating,True,2026-07-06T00:00:00Z,2027-10-28T00:00:00+03:00,2027-10-28T00:00:00+03:00,20.23,,23.6,1.05,0,0.4,0.0004,True,False,False,False,False,False,2,True,False,False,932.1
RU000A0ZYWZ2,RU000A0ZYWZ2,Совкомбанк 2В03,RUB,Financial,Россия,Московская биржа,100,7190.77,100,USD,9528.48213623,5807.265852,7909.847,5800.56405436,110,180.488327,295.54,8.25,182,2,Fixed,False,2026-08-26T00:00:00Z,2029-02-21T00:00:00+03:00,2029-02-21T00:00:00+03:00,7.5,4.63,4.63,2.5,0,0.0,0,False,True,False,True,False,False,2,False,False,False,7190.77
RU000A102HC1,RU000A102HC1,Сбербанк 002СУБ-02R,RUB,Financial,Россия,Московская биржа,1,10000000,10000000,RUB,10274000,9977000,9900000,9900000,99,374000,747945.21,15,182,2,Floating,True,2026-09-15T00:00:00Z,2031-03-11T00:00:00+03:00,2031-03-11T00:00:00+03:00,15.15,15.87,15.87,3.43,0,0.0,0,True,False,False,True,False,False,2,True,False,False,8010000
RU000A100GW5,RU000A100GW5,Альфа-Банк С01-01,RUB,Financial,Россия,Московская биржа,1,10000000,10000000,RUB,9066000,8467000,8550000,8550000,85.5,366000,373972.6,15,91,4,Floating,True,2026-06-18T00:00:00Z,,,17.54,,17.54,5.54,0,0.0,0,True,False,False,True,True,False,2,True,False,False,7500000
RU000A105XG2,RU000A105XG2,Банк ДОМ.РФ СУБ-T2-1,RUB,Financial,Россия,Московская биржа,1,10000000,10000000,RUB,9403000,8993000,8700000,8700000,87,363000,648219.18,13,182,2,Variable,False,2026-09-04T00:00:00Z,2033-08-26T00:00:00+03:00,2033-08-26T00:00:00+03:00,14.94,,16.73,4.62,0,0.0,0,True,False,False,True,False,False,2,True,False,False,7720000
RU000A107U65,RU000A107U65,МФК ВЭББАНКИР 05,RUB,Financial,Россия,Московская биржа,1,1000,1000,RUB,972.5,971.9,969.6,969.4,96.96,2.3,13.97,17,30,12,Fixed,False,2026-07-13T00:00:00Z,2027-08-05T00:00:00+03:00,2027-08-05T00:00:00+03:00,17.53,23.26,23.26,0.64,0,0.2,0.0002,True,False,False,False,False,False,2,True,False,False,867.2
RU000A103Q24,RU000A103Q24,Сбербанк 002СУБ-03R,RUB,Financial,Россия,Московская биржа,1,10000000,10000000,RUB,9458000,9229000,9250000,9250000,92.5,58000,423835.62,8.5,182,2,Variable,False,2026-11-20T00:00:00Z,2031-11-14T00:00:00+03:00,2031-11-14T00:00:00+03:00,9.19,,10.6,4.37,0,0.0,0,True,False,False,True,False,False,2,True,False,False,7793000
RU000A0JXQK2,RU000A0JXQK2,Роснефть 001P-04,RUB,Energy,Россия,Московская биржа,1,1000,1000,RUB,982.9,982.8,969.6,969.1,96.96,13.3,44.88,9,182,2,Variable,False,2026-10-22T00:00:00Z,2027-04-22T00:00:00+03:00,2027-04-22T00:00:00+03:00,9.28,13.27,13.27,0.83,1,-0.2,-0.0002,True,False,False,False,False,True,1,False,False,False,898.8
RU000A1023K1,RU000A1023K1,АФК Система БО 001P-15,RUB,Financial,Россия,Московская биржа,1,1000,1000,RUB,1045.4,1042.9,995,996.1,99.5,47.9,82.27,16.5,182,2,Variable,False,2026-08-31T00:00:00Z,2030-08-26T00:00:00+03:00,2026-09-03T00:00:00Z,16.58,,19.41,0.22,1,-0.3,-0.0003,True,False,False,False,False,True,1,False,False,False,989.7
RU000A10E5X0,RU000A10E5X0,РусГидро БО-002Р-11,RUB,Utilities,Россия,Московская биржа,1,1000,1000,RUB,1010.6,1008.8,1001.9,1002,100.19,8.8,13.15,0,30,12,Floating,True,2026-06-26T00:00:00Z,2028-04-16T00:00:00+03:00,2028-04-16T00:00:00+03:00,15.97,14.74,14.74,1.61,1,0.1,0.0001,True,False,False,False,False,True,1,False,False,False,1001.3
RU000A10DBZ7,RU000A10DBZ7,Акрон БО-002P-01,RUB,Materials,Россия,Московская биржа,1,71907.7,1000,USD,75422.3326529,72748.0133822,73633.4848,73489.9570308,102.4,273.24926,455.18,7.7,30,12,Fixed,False,2026-06-29T00:00:00Z,2029-03-14T00:00:00+03:00,2029-03-14T00:00:00+03:00,7.52,6.91,6.91,2.38,1,0.0,0,False,True,False,False,False,True,1,False,False,False,72411.0539
RU000A10B8C1,RU000A10B8C1,МФК Лайм-Займ 05,RUB,Financial,Россия,Московская биржа,1,800,800,RUB,863.6,861.52,852.8,854.16,106.6,10.88,18.08,27.5,30,12,Fixed,False,2026-06-29T00:00:00Z,2028-03-19T00:00:00+03:00,2028-03-19T00:00:00+03:00,25.8,,24.15,1.15,1,0.24,0.0003,True,False,False,False,False,True,1,True,False,False,828.56
RU000A104693,RU000A104693,АФК Система БО 001P-23,RUB,Financial,Россия,Московская биржа,1,1000,1000,RUB,1009.8,1008.6,1000,999.7,100,8.6,43.63,17.5,91,4,Variable,False,2026-08-28T00:00:00Z,2031-11-21T00:00:00+03:00,2027-03-03T00:00:00Z,17.5,,18.67,0.68,1,-1.4,-0.0014,True,False,False,False,False,True,1,False,False,False,911.5
RU000A107D58,RU000A107D58,ГТЛК ЗО29-Д,RUB,Financial,Россия,Московская биржа,1,71907.7,1000,USD,67317.6876936,66548.3472113,66226.9197923,65987.1076128,92.0999,947.024409,1563.99,4.349,181,2,Fixed,False,2026-08-27T00:00:00Z,2029-02-27T00:00:00+03:00,2029-02-27T00:00:00+03:00,4.72,7.77,7.77,2.54,1,0.0,0,False,True,False,False,False,True,1,False,False,False,64692.7690128
RU000A108QA3,RU000A108QA3,МегаФон БО-002P-04,RUB,Telecom,Россия,Московская биржа,1,1000,1000,RUB,1002.5,1001,1004.8,1001.4,100.48,0,39.65,0,91,4,Floating,True,2026-06-16T00:00:00Z,2026-12-15T00:00:00+03:00,2026-12-15T00:00:00+03:00,15.83,14.41,14.41,0.49,1,0.0,0,True,False,False,False,False,True,1,False,False,False,991.4
RU000A109VJ2,RU000A109VJ2,ВсеИнструменты.ру 001Р-02,RUB,Consumer,Россия,Московская биржа,1,1000,1000,RUB,1024.1,1021.3,1009.8,1011.1,100.98,14.3,14.79,0,30,12,Floating,True,2026-06-17T00:00:00Z,2027-10-10T00:00:00+03:00,2027-10-10T00:00:00+03:00,17.83,16.56,16.56,1.18,1,-0.9,-0.0009,True,False,False,False,False,True,1,False,False,False,958.8
RU000A109VM6,RU000A109VM6,КАМАЗ БО-П13,RUB,Industrials,Россия,Московская биржа,1,1000,1000,RUB,1008,1006.1,993.2,994.9,99.32,12.9,13.36,0,30,12,Floating,True,2026-06-17T00:00:00Z,2026-10-15T00:00:00+03:00,2026-10-15T00:00:00+03:00,16.36,19.13,19.13,0.32,1,-0.2,-0.0002,True,False,False,False,False,True,1,False,False,False,995.4
RU000A10E8N5,RU000A10E8N5,МТС 002Р-16,RUB,Telecom,Россия,Московская биржа,1,1000,1000,RUB,1008.2,1004.6,1002.5,1003,100.25,2.2,13.36,0,30,12,Floating,True,2026-07-13T00:00:00Z,2032-01-11T00:00:00+03:00,2029-01-31T00:00:00Z,16.21,,14.94,2.2,1,-0.5,-0.0005,True,False,False,False,False,True,1,False,False,False,996.5
RU000A10EDW8,RU000A10EDW8,Магнит БО-006Р-01,RUB,Consumer,Россия,Московская биржа,1,1000,1000,RUB,1009.4,1009.3,1001.1,999.6,100.11,8.3,13.03,0,30,12,Floating,True,2026-06-29T00:00:00Z,2028-05-17T00:00:00+03:00,2028-05-17T00:00:00+03:00,15.83,14.58,14.58,1.68,1,2.7,0.0027,True,False,False,False,False,True,1,False,False,False,996.9
RU000A1075J3,RU000A1075J3,РЕСО-Лизинг БО-02П-05,RUB,Financial,Россия,Московская биржа,1,1000,1000,RUB,1001.7,1001.1,979.4,979.3,97.94,21.7,,0,91,4,Floating,True,2026-07-29T00:00:00Z,2033-10-19T00:00:00+03:00,2027-11-01T00:00:00Z,17.7,,17.54,1.24,1,-0.9,-0.0009,True,False,False,False,False,True,1,False,False,False,926.5
RU000A106K27,RU000A106K27,Медси ГК 001P-03,RUB,HealthCare,Россия,Московская биржа,1,1000,1000,RUB,1034.6,1032.1,1005.8,1006.2,100.58,28.9,41.14,16.5,91,4,Variable,False,2026-07-13T00:00:00Z,2038-06-28T00:00:00+03:00,2026-10-14T00:00:00Z,16.4,,15.44,0.32,1,0.0,0,True,False,False,False,False,True,1,False,False,False,970.5
RU000A0JXPN8,RU000A0JXPN8,Ростелеком 001P-02R,RUB,Telecom,Россия,Московская биржа,1,1000,1000,RUB,1087.1,1084,1050.7,1053.2,105.07,33.1,97.23,19.5,182,2,Variable,False,2026-10-14T00:00:00Z,2027-04-14T00:00:00+03:00,2027-04-14T00:00:00+03:00,18.56,13.17,13.17,0.78,1,-3.6,-0.0034,True,False,False,False,False,True,1,False,False,False,1055.2
RU000A107738,RU000A107738,Т-Банк TCS-perp1,RUB,Financial,Россия,Московская биржа,1,71907.7,1000,USD,76122.0664816,74099.5186037,74064.931,74062.1265997,103,22.291387,2024.92,11.262,92,4,Floating,True,2026-06-15T00:00:00Z,,2026-09-15T00:00:00Z,10.93,,10.93,8.98,1,0.0,0,True,False,False,True,True,True,1,True,False,False,72626.6331846
RU000A10FBG2,RU000A10FBG2,Трансмашхолдинг ПБО-08,RUB,Industrials,Россия,Московская биржа,1,1000,1000,RUB,1020.1,1007.7,1002.4,1004,100.24,5.3,13.32,0,30,12,Floating,True,2026-07-06T00:00:00Z,2029-05-19T00:00:00+03:00,2029-05-19T00:00:00+03:00,16.16,14.88,14.88,2.4,1,0.7,0.0007,True,False,False,False,False,True,1,False,False,False,1002.4
RU000A100FE5,RU000A100FE5,ГТЛК БО 001P-14,RUB,Financial,Россия,Московская биржа,1,1000,1000,RUB,991.4,990.5,986.7,987.2,98.67,3.7,28.4,11.39,91,4,Variable,False,2026-09-03T00:00:00Z,2034-05-25T00:00:00+03:00,2026-09-08T00:00:00Z,11.54,,18.57,0.23,1,-1.2,-0.0012,True,False,False,False,False,True,1,False,False,False,905.5
RU000A10DJR7,RU000A10DJR7,РЖД БО 001P-49R,RUB,Industrials,,Московская биржа,1,1000,1000,RUB,1005.2,1003.4,994.2,996,99.42,9.2,13.57,15.98,31,12,Floating,True,2026-06-26T00:00:00Z,2035-11-27T00:00:00+03:00,2028-09-13T00:00:00Z,16.07,,15.2,1.92,1,-2.3,-0.0023,True,False,False,False,False,True,1,False,False,False,993.5
RU000A0JTU85,RU000A0JTU85,РЖД 28,RUB,Industrials,Россия,Московская биржа,1,1000,1000,RUB,1100.4,1100.3,1058.6,1057.7,105.86,41.7,90.25,18.1,182,2,Variable,False,2026-09-22T00:00:00Z,2028-03-21T00:00:00+03:00,2028-03-21T00:00:00+03:00,17.1,14.68,14.68,1.54,1,-0.1,-0.0001,True,False,False,False,False,True,1,False,False,False,1038.4
RU000A109VK0,RU000A109VK0,ВсеИнструменты.ру 001Р-03,RUB,Consumer,Россия,Московская биржа,1,1000,1000,RUB,1087,1086.5,1069.1,1068.4,106.91,17.4,17.96,21.85,30,12,Fixed,False,2026-06-17T00:00:00Z,2027-04-13T00:00:00+03:00,2027-04-13T00:00:00+03:00,20.44,13.77,13.77,0.75,1,-0.8,-0.0007,True,False,False,False,False,True,1,False,False,False,1059.3
RU000A0ZZGT5,RU000A0ZZGT5,РЖД БО 001Р-08R,RUB,Industrials,Россия,Московская биржа,1,1000,1000,RUB,1057.3,1053.5,996.6,995.2,99.66,55,76.39,15.32,182,2,Floating,True,2026-08-06T00:00:00Z,2028-08-03T00:00:00+03:00,2028-08-03T00:00:00+03:00,15.37,16.08,16.08,1.81,1,-5.2,-0.0052,True,False,False,False,False,True,1,False,False,False,939.1
RU000A10BW39,RU000A10BW39,Воксис 03,RUB,Other,,Московская биржа,1,1000,1000,RUB,1082.7,1079.5,1063.6,1067.7,106.36,15.8,19.73,24,30,12,Fixed,False,2026-06-22T00:00:00Z,2029-06-06T00:00:00+03:00,2029-06-06T00:00:00+03:00,22.56,,22.83,1.91,1,-3.2,-0.003,True,False,False,False,False,True,1,False,False,False,1026.9
RU000A101012,RU000A101012,АФК Система БО 001P-12,RUB,Financial,Россия,Московская биржа,1,1000,1000,RUB,1025.2,1024.4,1000.3,1003.6,100.03,24.2,89.75,18,182,2,Variable,False,2026-10-27T00:00:00Z,2029-10-23T00:00:00+03:00,2027-04-30T00:00:00Z,17.99,,18.67,0.83,1,-0.7,-0.0007,True,False,False,False,False,True,1,False,False,False,995.1
RU000A10DEQ0,RU000A10DEQ0,Полипласт П02-БО-12,RUB,Materials,Россия,Московская биржа,1,7190.77,100,USD,7477.63138761,7394.57799411,7467.56430961,7457.56913931,103.8493,10.067078,74.06,12.5,30,12,Fixed,False,2026-06-15T00:00:00Z,2027-11-04T00:00:00+03:00,2027-11-04T00:00:00+03:00,12.04,9.98,9.98,1.28,1,-70.3976383,-0.0093,False,True,False,False,False,True,1,False,False,False,7197.241693
RU000A10CLD5,RU000A10CLD5,МСБ-Лизинг 003P-06,RUB,Financial,Россия,Московская биржа,1,1000,1000,RUB,1038.5,1035.9,1024.7,1022.7,102.47,13.9,18.9,23,30,12,Variable,False,2026-06-24T00:00:00Z,2029-08-07T00:00:00+03:00,2027-08-23T00:00:00Z,22.45,,22.7,1.04,1,2.7,0.0026,True,False,False,False,False,True,1,False,False,False,1029.9
RU000A10DCG5,RU000A10DCG5,ХК Новотранс 002P-02,RUB,Industrials,Россия,Московская биржа,1,1000,1000,RUB,1010.6,1009.8,1004.9,1002,100.49,7.8,13.77,0,30,12,Floating,True,2026-06-29T00:00:00Z,2028-10-16T00:00:00+03:00,2028-10-16T00:00:00+03:00,16.67,15.36,15.36,1.97,1,0.0,0,True,False,False,False,False,True,1,False,False,False,1005
RU000A107TH4,RU000A107TH4,Альфа-Банк Б2Р26,RUB,Financial,Россия,Московская биржа,1,1000,1000,RUB,1011.8,1011.7,1001.6,1001,100.16,10.2,34.41,13.8,91,4,Fixed,False,2026-08-19T00:00:00Z,2027-02-17T00:00:00+03:00,2027-02-17T00:00:00+03:00,13.78,14.23,14.23,0.65,1,-1.2,-0.0012,True,False,False,False,False,True,1,False,False,False,960.1
RU000A10B4D8,RU000A10B4D8,Металлоинвест 001P-13,RUB,Industrials,Россия,Московская биржа,1,1000,1000,RUB,1007.3,1003.2,1005.8,1004,100.58,1.4,13.48,0,30,12,Floating,True,2026-06-15T00:00:00Z,2027-03-10T00:00:00+03:00,2027-03-10T00:00:00+03:00,16.31,15.4,15.4,0.7,1,0.1,0.0001,True,False,False,False,False,True,1,False,False,False,1002
RU000A1064G3,RU000A1064G3,Банк ГПБ БО 001Р-26Р,RUB,Energy,Россия,Московская биржа,1,1000,1000,RUB,1007.9,1002.6,984.9,986.9,98.49,16.2,50.14,10,183,2,Variable,False,2026-10-19T00:00:00Z,2033-04-18T00:00:00+03:00,2026-10-21T00:00:00Z,10.15,,15.02,0.35,1,1,0.001,True,False,False,False,False,True,1,False,False,False,920.9
RU000A1079S6,RU000A1079S6,Металлоинвест 001P-06,RUB,Industrials,Россия,Московская биржа,1,1000,1000,RUB,1000.4,997.7,988.7,989.7,98.87,9,39.14,0,91,4,Floating,True,2026-08-25T00:00:00Z,2027-11-23T00:00:00+03:00,2027-11-23T00:00:00+03:00,15.88,15.55,15.55,1.31,1,-2.1,-0.0021,True,False,False,False,False,True,1,False,False,False,969.1
RU000A108LP2,RU000A108LP2,ФосАгро БО-П01-USD,RUB,Materials,Россия,Московская биржа,1,7190.77,100,USD,7439.21829427,7249.84936632,7453.13243422,7334.57820923,103.6486,15.100617,112.18,6.25,91,4,Fixed,False,2026-09-03T00:00:00Z,2029-05-31T00:00:00+03:00,2029-05-31T00:00:00+03:00,6.03,5.01,5.01,2.72,1,47.49503585,0.0064,False,True,False,False,False,True,1,False,False,False,7269.86127923
RU000A10D483,RU000A10D483,Газпром нефть 005P-01R,RUB,Energy,Россия,Московская биржа,1,71907.7,1000,USD,75331.944674,74688.7302975,75344.6723369,74221.4740629,104.7797,44.582774,442.95,7.5,30,12,Fixed,False,2026-06-15T00:00:00Z,2029-03-29T00:00:00+03:00,2029-03-29T00:00:00+03:00,7.16,5.78,5.78,2.53,1,0.0,0,True,False,False,False,False,True,1,False,False,False,72914.4078
RU000A10E6V2,RU000A10E6V2,ИКС 5 Финанс 003P-17,RUB,Consumer,Россия,Московская биржа,1,1000,1000,RUB,1021.9,1021.8,1016.6,1017.7,101.66,5.2,11.92,14.5,30,12,Variable,False,2026-07-03T00:00:00Z,2036-01-12T00:00:00+03:00,2028-03-29T00:00:00Z,14.26,,14.31,1.58,1,5,0.0049,True,False,False,False,False,True,1,False,False,False,1003.8
RU000A10B2M3,RU000A10B2M3,МФК Быстроденьги 002Р-08,RUB,Financial,Россия,Московская биржа,1,1000,1000,RUB,1015.1,1014.7,1009.1,1011.2,100.91,6,18.08,22,30,12,Variable,False,2026-07-06T00:00:00Z,2029-02-20T00:00:00+03:00,2027-09-13T00:00:00Z,21.8,,23.34,1.09,1,-0.5,-0.0005,True,False,False,False,False,True,1,True,False,False,1015
RU000A10BU07,RU000A10BU07,Полипласт П02-БО-06,RUB,Materials,,Московская биржа,1,7190.77,100,USD,7549.62537685,7549.61099531,7546.73468731,7463.48714302,104.9503,2.876308,76.22,12.95,30,12,Fixed,False,2026-06-15T00:00:00Z,2027-12-07T00:00:00+03:00,2027-12-07T00:00:00+03:00,12.34,9.7,9.7,1.36,1,-0.00719077,-9.528310516205751e-07,False,True,False,False,False,True,1,False,False,False,7241.824467
RU000A105112,RU000A105112,РУСАЛ БО-06,CNY,Materials,Россия,Московская биржа,1,1000,1000,CNY,1034.052,1031.671,1003.501,1003.591,100.3501,30.47,39.89,8,182,2,Variable,False,2026-07-29T00:00:00Z,2027-07-28T00:00:00+03:00,2026-08-03T00:00:00Z,7.97,,5.3,0.13,1,0.0,0,True,False,False,False,False,True,1,False,False,False,1003
RU000A10D319,RU000A10D319,Уралкуз 001Р-02,RUB,Industrials,Россия,Московская биржа,1,1060.64,100,CNY,1142.41428336,1128.13170512,1143.36143488,1120.70298256,107.7992,2.227344,11.35,13,30,12,Fixed,False,2026-07-10T00:00:00Z,2028-09-27T00:00:00+03:00,2028-09-27T00:00:00+03:00,12.06,9.62,9.62,1.99,1,17.48783232,0.0155,False,True,False,False,False,True,1,False,False,False,1055.3368
RU000A10C8K3,RU000A10C8K3,Воксис 04,RUB,Other,Россия,Московская биржа,1,1000,1000,RUB,1019.3,1019.2,1008.9,1013.4,100.89,10.4,16.44,20,30,12,Fixed,False,2026-06-29T00:00:00Z,2026-10-25T00:00:00+03:00,2026-10-25T00:00:00+03:00,19.82,18.88,18.88,0.35,1,-2.1,-0.0021,True,False,False,False,False,True,1,False,False,False,1007.5
RU000A105GN3,RU000A105GN3,Борец Капитал ЗО-2026,RUB,Energy,Россия,Московская биржа,1,71907.7,1000,USD,71250.0321758,71003.820211,70110.0075,70181.7713846,97.5,1066.391191,2157.23,6,184,2,Fixed,False,2026-09-17T00:00:00Z,2026-09-17T00:00:00+03:00,2026-09-17T00:00:00+03:00,6.15,16.9,16.9,0.25,1,57.52616,0.0008,True,False,False,False,False,True,1,False,False,False,57523.1398766
RU000A1090N4,RU000A1090N4,Аэрофьюэлз-002Р-03,RUB,Energy,Россия,Московская биржа,1,1000,1000,RUB,1009,1006.8,979,978.2,97.9,27.6,44.71,0,91,4,Floating,True,2026-07-21T00:00:00Z,2027-07-20T00:00:00+03:00,2027-07-20T00:00:00+03:00,18.32,19.83,19.83,0.99,1,-3,-0.0031,True,False,False,False,False,True,1,False,False,False,930
RU000A1087J8,RU000A1087J8,Газпром капитал БО-002Р-14,RUB,Energy,Россия,Московская биржа,1,1000,1000,RUB,996,994.8,987.3,986.9,98.73,7.6,,0,30,12,Floating,True,2026-06-29T00:00:00Z,2029-03-14T00:00:00+03:00,2029-03-14T00:00:00+03:00,15.75,15.01,15.01,2.28,1,-1.1,-0.0011,True,False,False,False,False,True,1,False,False,False,971.8
RU000A10EXK1,RU000A10EXK1,Мэйл.Ру Финанс 001P-03,RUB,Telecom,Россия,Московская биржа,1,1000,1000,RUB,1015.7,1013.3,1004.7,1001.1,100.47,11.1,13.36,0,30,12,Floating,True,2026-06-22T00:00:00Z,2029-04-06T00:00:00+03:00,2029-04-06T00:00:00+03:00,16.17,14.82,14.82,2.3,1,3.4,0.0034,True,False,False,False,False,True,1,False,False,False,999.9
RU000A10EHC1,RU000A10EHC1,Гидромашсервис 002Р-01,RUB,Consumer,Россия,Московская биржа,1,1000,1000,RUB,1000.7,999,997.5,994.3,99.75,3.4,14.59,0,30,12,Floating,True,2026-07-09T00:00:00Z,2036-01-18T00:00:00+03:00,2029-02-28T00:00:00Z,17.79,,16.92,2.21,1,2.5,0.0025,True,False,False,False,False,True,1,False,False,False,998.5
RU000A103N84,RU000A103N84,Россельхозбанк БO-14-002P,RUB,Financial,Россия,Московская биржа,1,1000,1000,RUB,1037.7,1035.5,997.7,1000.9,99.77,37.8,66.82,13.4,182,2,Variable,False,2026-09-03T00:00:00Z,2026-09-03T00:00:00+03:00,2026-09-03T00:00:00+03:00,13.43,14.75,14.75,0.22,1,-3.2,-0.0032,True,False,False,False,False,True,1,False,False,False,1007.7
RU000A106P63,RU000A106P63,ФЭС-Агро 001Р-01,RUB,Consumer,Россия,Московская биржа,1,500,500,RUB,505.05,504.1,496.45,497.4,99.29,7.65,17.45,14,91,4,Fixed,False,2026-08-06T00:00:00Z,2026-08-06T00:00:00+03:00,2026-08-06T00:00:00+03:00,14.1,20.54,20.54,0.14,1,0.05,0.0001,True,False,False,False,False,True,1,False,False,False,456.7
RU000A10ES16,RU000A10ES16,ОДК 001P-02,RUB,Other,Россия,Московская биржа,1,1000,1000,RUB,1021.6,1019.3,1016.6,1013.2,101.66,5,15,0,30,12,Floating,True,2026-07-06T00:00:00Z,2028-03-27T00:00:00+03:00,2028-03-27T00:00:00+03:00,17.95,16.25,16.25,1.55,1,1.7,0.0017,True,False,False,False,False,True,1,False,False,False,1006.7
RU000A0JWV63,RU000A0JWV63,Россельхозбанк 08Т1,RUB,Financial,Россия,Московская биржа,1,1000,1000,RUB,971.3,970.7,941.4,935,94.14,32.4,71.05,14.25,182,2,Variable,False,2026-09-23T00:00:00Z,,2026-09-23T00:00:00Z,15.14,,15.14,8.57,1,3.1,0.0033,True,False,False,True,True,True,1,False,False,False,843.8
RU000A1057P8,RU000A1057P8,РусГидро БО-П06,RUB,Utilities,Россия,Московская биржа,1,1000,1000,RUB,1009.9,1009.7,988.5,987.9,98.85,21.2,42.38,8.5,182,2,Fixed,False,2026-09-15T00:00:00Z,2026-09-15T00:00:00+03:00,2026-09-15T00:00:00+03:00,8.6,13.63,13.63,0.25,1,-0.8,-0.0008,True,False,False,False,False,True,1,False,False,False,917.4
RU000A10EYG7,RU000A10EYG7,Полюс ПБО-06,RUB,Materials,Россия,Московская биржа,1,10606.4,1000,CNY,10841.756016,10761.6140576,10764.9550736,10714.8398336,101.4949,44.440816,66.71,7.65,30,12,Variable,False,2026-06-26T00:00:00Z,2032-03-26T00:00:00+03:00,2029-07-13T00:00:00Z,7.54,,7.35,2.74,1,18.4339232,0.0017,True,False,False,False,False,True,1,False,False,False,10758.5700208
RU000A10EMF4,RU000A10EMF4,Первое клиентское бюро 001Р-10,RUB,Financial,Россия,Московская биржа,1,1000,1000,RUB,1010.1,1008.3,994.1,996.2,99.41,13.8,14.79,0,30,12,Floating,True,2026-06-18T00:00:00Z,2029-03-04T00:00:00+03:00,2029-03-04T00:00:00+03:00,18.11,17.41,17.41,2.08,1,-3.2,-0.0032,True,False,False,False,False,True,1,False,False,False,984.7
RU000A10EKX1,RU000A10EKX1,ЭнергоТехСервис 001Р-09,RUB,Industrials,Россия,Московская биржа,1,1000,1000,RUB,1021,1020.6,1020.5,1021.3,102.05,0.5,14.79,18,30,12,Variable,False,2026-06-15T00:00:00Z,2030-02-24T00:00:00+03:00,2028-03-16T00:00:00Z,17.64,,17.97,1.52,1,1,0.001,True,False,False,False,False,True,1,False,False,False,1008.8
RU000A10D3J5,RU000A10D3J5,Почта России 003P-01,RUB,Other,Россия,Московская биржа,1,1000,1000,RUB,1039.4,1036.7,1037,1035,103.7,2.4,14.14,17.2,30,12,Fixed,False,2026-07-13T00:00:00Z,2028-04-01T00:00:00+03:00,2028-04-01T00:00:00+03:00,16.59,15.9,15.9,1.56,1,0.4,0.0004,True,False,False,False,False,True,1,True,False,False,1009
RU000A10E7Q0,RU000A10E7Q0,Альфа-Банк 002P-31,RUB,Financial,Россия,Московская биржа,1,1000,1000,RUB,1017,1013.7,1013,1011,101.3,4.1,12.27,14.93,30,12,Fixed,False,2026-07-06T00:00:00Z,2027-02-01T00:00:00+03:00,2027-02-01T00:00:00+03:00,14.74,13.54,13.54,0.6,1,-0.6,-0.0006,True,False,False,False,False,True,1,False,False,False,1008.1
RU000A10ECW0,RU000A10ECW0,Полипласт П02-БО-15,RUB,Materials,Россия,Московская биржа,1,1060.64,100,CNY,1147.61248,1143.95115072,1136.59667296,1136.2265096,107.1614,7.42448,10.71,12.25,30,12,Fixed,False,2026-06-25T00:00:00Z,2029-08-08T00:00:00+03:00,2029-08-08T00:00:00+03:00,11.43,10.08,10.08,2.63,1,-17.8558744,-0.0155,False,True,False,False,False,True,1,False,False,False,1066.9932336
RU000A10EVJ7,RU000A10EVJ7,Газпром нефть 005Р-06R,RUB,Energy,Россия,Московская биржа,1,1000,1000,RUB,1004.2,1002.6,1003.9,1001.8,100.39,0.4,13.15,0,30,12,Floating,True,2026-06-15T00:00:00Z,2029-03-31T00:00:00+03:00,2029-03-31T00:00:00+03:00,15.94,14.58,14.58,2.32,1,1.5,0.0015,True,False,False,False,False,True,1,False,False,False,1001
RU000A10EN60,RU000A10EN60,Ростелеком 001P-24R,RUB,Telecom,Россия,Московская биржа,1,1000,1000,RUB,1016.1,1013.9,1004.8,1009.7,100.48,8.8,11.42,13.9,30,12,Fixed,False,2026-06-23T00:00:00Z,2028-01-14T00:00:00+03:00,2028-01-14T00:00:00+03:00,13.83,14.43,14.43,1.42,1,-5.1,-0.0051,True,False,False,False,False,True,1,False,False,False,1009.6
RU000A10BFM0,RU000A10BFM0,Газпром капитал БО-003Р-13,RUB,Energy,Россия,Московская биржа,1,71907.7,1000,USD,75506.5365696,73623.4896297,73529.3624504,73575.0238399,102.2552,60.402468,452.3,7.65,30,12,Fixed,False,2026-06-15T00:00:00Z,2028-05-02T00:00:00+03:00,2028-05-02T00:00:00+03:00,7.48,6.57,6.57,1.76,1,52.2049902,0.0007,True,False,False,False,False,True,1,False,False,False,72950.5773731
RU000A1059R0,RU000A1059R0,Лукойл ЗО-31,RUB,Energy,Россия,Московская биржа,1,71907.7,1000,USD,64635.8900221,63595.888957,63071.7537317,63653.8465632,87.7121,359.5385,1294.34,3.6,183,2,Fixed,False,2026-10-26T00:00:00Z,2031-10-26T00:00:00+03:00,2031-10-26T00:00:00+03:00,4.1,,6.43,4.87,1,0.0,0,True,False,False,False,False,True,1,False,False,False,61851.8396012
RU000A10DHV3,RU000A10DHV3,Инарктика 002Р-05,RUB,Consumer,Россия,Московская биржа,1,1000,1000,RUB,1015.7,1014.8,1001.5,1001.8,100.15,13.8,14.3,0,30,12,Floating,True,2026-06-17T00:00:00Z,2028-11-03T00:00:00+03:00,2028-11-03T00:00:00+03:00,17.37,16.3,16.3,1.98,1,-0.5,-0.0005,True,False,False,False,False,True,1,False,False,False,1003
RU000A103KJ8,RU000A103KJ8,Европлан 001P-03,RUB,Other,Россия,Московская биржа,1,1000,1000,RUB,1083.7,1080.6,1017,1015.5,101.7,67.4,99.73,20,182,2,Variable,False,2026-08-14T00:00:00Z,2031-08-08T00:00:00+03:00,2026-08-19T00:00:00Z,19.67,,9.96,0.18,1,5.3,0.0052,True,False,False,False,False,True,1,False,False,False,1030.1
RU000A1007Z2,RU000A1007Z2,РЖД БО 001Р-13R,RUB,Industrials,Россия,Московская биржа,1,1000,1000,RUB,926.5,923.8,904.8,906.9,90.48,21.2,45.38,9.1,182,2,Fixed,False,2026-09-21T00:00:00Z,2029-03-19T00:00:00+03:00,2029-03-19T00:00:00+03:00,10.06,13.77,13.77,2.43,1,-0.2,-0.0002,True,False,False,False,False,True,1,False,False,False,839.6
RU000A10EER6,RU000A10EER6,ФосАгро БО-02-05,RUB,Materials,Россия,Московская биржа,1,10606.4,1000,CNY,11126.2833024,10931.9952672,11094.2837936,10967.3463984,104.5999,32.561648,211.6,8,91,4,Fixed,False,2026-09-01T00:00:00Z,2029-05-29T00:00:00+03:00,2029-05-29T00:00:00+03:00,7.65,6.43,6.43,2.66,1,63.6277936,0.0058,True,False,False,False,False,True,1,False,False,False,10826.7797792
RU000A0ZZ1J8,RU000A0ZZ1J8,ГТЛК БО 001P-09,RUB,Financial,Россия,Московская биржа,1,1000,1000,RUB,1012.3,1010,969.6,974.9,96.96,40,44.88,18,91,4,Floating,True,2026-06-26T00:00:00Z,2033-03-18T00:00:00+03:00,2028-09-27T00:00:00Z,18.56,,17.38,1.89,1,-2.5,-0.0026,True,False,False,False,False,True,1,False,False,False,943.5
RU000A1057B8,RU000A1057B8,ЕАБР 003P-003,RUB,Financial,Казахстан,Московская биржа,1,71907.7,1000,USD,71831.9811919,68859.532597,70745.3120295,70150.7791659,98.3835,679.527765,1344.67,3.75,182,2,Variable,False,2026-09-14T00:00:00Z,2029-09-14T00:00:00+03:00,2026-09-17T00:00:00Z,3.81,,10.49,1.2,1,0.0,0,False,True,False,False,False,True,1,False,False,False,65666.1835477
RU000A10BRM5,RU000A10BRM5,Акрон БО-001P-09,RUB,Materials,Россия,Московская биржа,1,71907.7,1000,USD,74696.4963291,73021.2626422,73849.2798077,73658.2210488,102.7001,228.666486,458.05,7.75,30,12,Fixed,False,2026-07-01T00:00:00Z,2029-11-12T00:00:00+03:00,2029-11-12T00:00:00+03:00,7.55,6.79,6.79,2.31,1,0.0,0,True,False,False,False,False,True,1,False,False,False,72770.3766769
RU000A108BD9,RU000A108BD9,Альфа-Банк ЗО-400,RUB,Financial,Россия,Московская биржа,1,71907.7,1000,USD,49887.405029,48612.2657849,49635.009002,48189.3046935,69.026,271.092029,1060.64,5.9,92,4,Variable,False,2026-08-24T00:00:00Z,,2027-05-23T00:00:00Z,8.55,,8.55,8.89,1,0.0,0,False,True,False,True,True,True,1,True,False,False,52130.0623766
BYM000002154,BYM000002154,Республика Беларусь 340 29.06.2027,RUB,Government,Беларусь,Московская биржа,1,71907.7,1000,USD,76439.323254,74662.5558947,73237.99245,73237.99245,101.85,2538.7013485,2733.93,7.625,182,2,Fixed,False,2026-06-29T00:00:00Z,2027-06-29T00:00:00+03:00,2027-06-29T00:00:00+03:00,7.49,5.84,5.84,0.98,1,0.0,0,False,True,False,False,False,True,1,False,False,False,70253.8948077
RU000A10BV55,RU000A10BV55,НОВАТЭК 001Р-04,RUB,Energy,,Московская биржа,1,71907.7,1000,USD,75081.6339703,74419.9393149,74191.488552,73687.8470212,103.176,399.087735,442.95,7.5,30,12,Fixed,False,2026-06-19T00:00:00Z,2030-05-29T00:00:00+03:00,2030-05-29T00:00:00+03:00,7.27,6.78,6.78,3.42,1,-87.008317,-0.0012,True,False,False,False,False,True,1,False,False,False,74784.008
RU000A107JN3,RU000A107JN3,ТМК ЗО-2027,RUB,Materials,Россия,Московская биржа,1,71907.7,1000,USD,70215.0646497,69671.5143454,68603.3254619,68838.679364,95.4047,1064.953037,1546.02,4.3,181,2,Fixed,False,2026-08-12T00:00:00Z,2027-02-12T00:00:00+03:00,2027-02-12T00:00:00+03:00,4.51,11.85,11.85,0.65,1,-428.0665381,-0.0062,True,False,False,False,False,True,1,False,False,False,67374.0633304
RU000A10E6T6,RU000A10E6T6,Акрон БО-002P-02,RUB,Materials,Россия,Московская биржа,1,10606.4,1000,CNY,10693.7649168,10502.4466736,10606.4,10500.336,100,25.667488,59.29,6.8,30,12,Fixed,False,2026-07-03T00:00:00Z,2028-09-20T00:00:00+03:00,2028-09-20T00:00:00+03:00,6.8,7.02,7.02,2.03,1,48.78944,0.0046,True,False,False,False,False,True,1,False,False,False,10521.5063744
RU000A10C5F9,RU000A10C5F9,Группа Черкизово БО-002P-02,RUB,Consumer,Россия,Московская биржа,1,1000,1000,RUB,1020.5,1017.8,1007.5,1008,100.75,13.1,13.56,0,30,12,Floating,True,2026-06-17T00:00:00Z,2027-07-12T00:00:00+03:00,2027-07-12T00:00:00+03:00,16.38,,15.19,0.98,1,-1,-0.001,True,False,False,False,False,True,1,False,False,False,1006
RU000A10DE54,RU000A10DE54,Лид Капитал 001Р-01,RUB,Industrials,Россия,Московская биржа,1,7190.77,100,USD,7496.32019884,7387.95529494,7456.79253615,7374.06991807,103.6995,39.549235,79.82,13.5,30,12,Fixed,False,2026-07-01T00:00:00Z,2028-11-17T00:00:00+03:00,2028-11-17T00:00:00+03:00,13.02,12.4,12.4,2.08,1,-3.54504961,-0.0005,False,True,False,False,False,True,1,False,False,False,7069.15250699
RU000A1089W7,RU000A1089W7,РЖД ЗО28-2-ФР,RUB,Industrials,Россия,Московская биржа,1,449423.0,5000,CHF,426089.407263,403245.685596,414592.7175,414592.7175,92.25,1089.401352,5370.6,1.195,365,1,Fixed,False,2027-04-05T00:00:00Z,2028-04-03T00:00:00+03:00,2028-04-03T00:00:00+03:00,1.3,,5.84,1.79,1,0.0,0,True,False,False,False,False,True,1,False,False,False,390965.202121
RU000A108P61,RU000A108P61,Россети Московский регион БО1Р06,RUB,Utilities,Россия,Московская биржа,1,1000,1000,RUB,1006.5,1005.5,1000.3,1000.6,100.03,5.2,12.86,15.65,30,12,Floating,True,2026-07-06T00:00:00Z,2027-05-30T00:00:00+03:00,2027-05-30T00:00:00+03:00,15.65,15.13,15.13,0.89,1,0.0,0,True,False,False,False,False,True,1,False,False,False,989.5
RU000A102CK5,RU000A102CK5,Russia 2027 EUR,RUB,Government,Россия,Московская биржа,1,8297430.0,100000,EUR,,7778102.15373,8152224.975,8152224.975,98.25,53194.82373,93346.09,1.125,365,1,Fixed,False,2026-11-20T00:00:00Z,2027-11-20T00:00:00+03:00,2027-11-20T00:00:00+03:00,1.15,2.35,2.35,2.44,1,0.0,0,True,False,False,False,False,True,1,False,False,False,6720918.3
RU000A103FY7,RU000A103FY7,ВЭБ.РФ ПБО-001Р-30В,RUB,Financial,Россия,Московская биржа,1,71907.7,1000,USD,73937.0072017,72234.0890503,71261.4655001,73115.5336369,99.1013,965.720411,1211.64,3.38,182,2,Fixed,False,2026-07-23T00:00:00Z,2026-07-23T00:00:00+03:00,2026-07-23T00:00:00+03:00,3.41,12.87,12.87,0.1,1,0.0,0,False,True,False,False,False,True,1,False,False,False,70803.197728
RU000A102QJ7,RU000A102QJ7,Банк ВТБ СУБ-Т1-1,RUB,Financial,Россия,Московская биржа,1,10786155.0,150000,USD,8611191.56118,7575720.68118,8197477.8,8197477.8,76,197990.66118,268915.38,5,182,2,Variable,False,2026-08-03T00:00:00Z,,2026-08-03T00:00:00Z,6.58,,6.58,9.33,1,0.0,0,True,False,False,True,True,True,1,True,False,False,7550308.5
RU000A102CL3,RU000A102CL3,Russia 2032 EUR,RUB,Government,Россия,Московская биржа,1,8297430.0,100000,EUR,6725423.80449,6089019.22092,6637944,6637944,80,87479.80449,153502.46,1.85,365,1,Fixed,False,2026-11-20T00:00:00Z,2032-11-20T00:00:00+03:00,2032-11-20T00:00:00+03:00,2.31,5.58,5.58,6.82,1,0.0,0,True,False,False,False,False,False,2,False,False,False,5642252.4
RU000A0JXU14,RU000A0JXU14,Russia 2047,RUB,Government,Россия,Московская биржа,1,14381540.0,200000,USD,,11005171.47266,11332653.52,11332653.52,78.8,362831.87266,377515.43,5.25,182,2,Fixed,False,2026-06-23T00:00:00Z,2047-06-23T00:00:00+03:00,2047-06-23T00:00:00+03:00,6.66,7.24,7.24,11.87,1,0.0,0,True,False,False,False,False,True,1,False,False,False,11073785.8
XS0767473852,XS0767473852,Russia 2042,RUB,Government,Россия,Московская биржа,1,14381540.0,200000,USD,,10674698.065,13662463,13662463,95,161792.325,404480.81,5.625,180,2,Fixed,False,2026-10-05T00:00:00Z,2042-04-04T00:00:00+03:00,2042-04-04T00:00:00+03:00,5.92,6.11,6.11,9.84,1,0.0,0,True,False,False,False,False,False,2,False,False,False,10067078
XS0971721963,XS0971721963,Russia 2043,RUB,Government,Россия,Московская биржа,1,14381540.0,200000,USD,,10867957.19952,13921330.72,13921330.72,96.8,211236.05952,422457.74,5.875,180,2,Fixed,False,2026-09-16T00:00:00Z,2043-09-16T00:00:00+03:00,2043-09-16T00:00:00+03:00,6.07,6.18,6.18,11.07,1,0.0,0,True,False,False,False,False,False,2,False,False,False,12799570.6
RU000A103S89,RU000A103S89,Банк ВТБ СУБ-Т1-8,RUB,Financial,Россия,Московская биржа,1,10786155.0,150000,USD,8630800.79097,,8197477.8,8197477.8,76,187398.65697,437255.62,8.13,182,2,Floating,True,2026-09-28T00:00:00Z,,2027-03-29T00:00:00Z,10.7,,10.7,8.48,1,0.0,0,True,False,False,True,True,True,1,True,False,False,7658170.05
RU000A10C6S0,RU000A10C6S0,ВЭБ.РФ ПБО-002Р-53,RUB,Financial,,Московская биржа,1,1000,1000,RUB,1022.1,1019.6,1000.7,1000.7,100.07,21.6,,0,91,4,Floating,True,2026-07-28T00:00:00Z,2028-07-25T00:00:00+03:00,2028-07-25T00:00:00+03:00,17.15,14.5,14.5,1.82,0,0.0,0,True,False,False,False,False,False,2,False,False,False,1000.9
RU000A10CTB2,RU000A10CTB2,Агроэко БО-001P-01,RUB,Other,Россия,Московская биржа,1,1000,1000,RUB,1027.3,1024,988,987.5,98.8,39.3,43.2,0,91,4,Floating,True,2026-06-24T00:00:00Z,2028-09-20T00:00:00+03:00,2028-09-20T00:00:00+03:00,17.54,16.64,16.64,1.61,0,0.0,0,True,False,False,False,False,False,2,False,False,False,992.2
MGKL1P2,RU000A10EG10,МГКЛ 001PS-02,RUB,Financial,Россия,СПБ Биржа,1,1000,1000,RUB,976.4,970,968.3,968.3,96.83,8.1,20.14,,31,12,Fixed,False,2026-07-06T00:00:00Z,2031-02-08T00:00:00+03:00,2031-02-08T00:00:00+03:00,25.3,29.04,29.04,,0,0.0,0,True,False,False,False,False,False,2,False,False,False,1001.1
RU000A10D9J2,RU000A10D9J2,ВЭБ.РФ ПБО-002Р-52,RUB,Financial,Россия,Московская биржа,1,1000,1000,RUB,1023.9,1020.2,996.4,1001.9,99.64,21.8,,0,91,4,Floating,True,2026-07-28T00:00:00Z,2029-10-23T00:00:00+03:00,2029-10-23T00:00:00+03:00,17.33,15,15,2.67,0,0.0,0,True,False,False,False,False,False,2,False,False,False,999.5
RU000A100881,RU000A100881,Ростелеком 001P-05R,RUB,Telecom,Россия,Московская биржа,1,1000,1000,RUB,1035.6,1034.2,1002.4,1002.5,100.24,31.8,69.81,14,182,2,Variable,False,2026-09-23T00:00:00Z,2029-03-21T00:00:00+03:00,2027-09-27T00:00:00Z,13.97,,14.22,1.18,0,0.0,0,True,False,False,False,False,False,2,False,False,False,974.7
RU000A10ERC0,RU000A10ERC0,АПРИ БО-002Р-14,RUB,RealEstate,Россия,Московская биржа,1,1000,1000,RUB,962.9,962.8,953.3,953.1,95.33,9.5,20.34,24.75,30,12,Fixed,False,2026-07-02T00:00:00Z,2031-03-08T00:00:00+03:00,2031-03-08T00:00:00+03:00,25.96,30.24,30.24,2.45,0,-3.2,-0.0033,True,False,False,False,False,False,2,False,False,False,992.6
MGKL1P1,RU000A10DTC8,МГКЛ 001PS-01,RUB,Financial,Россия,СПБ Биржа,1,1000,1000,RUB,951.2,948.9,949.8,949.8,94.98,1.3,19.73,,30,12,Fixed,False,2026-06-15T00:00:00Z,2030-11-20T00:00:00+03:00,2030-11-20T00:00:00+03:00,25.27,29.35,29.35,,0,0.0,0,True,False,False,False,False,False,2,False,False,False,1031.9
RU000A10FBB3,RU000A10FBB3,Легенда БО 002P-07,RUB,Consumer,Россия,Московская биржа,1,1000,1000,RUB,1008,1007.9,1001.7,1002,100.17,6.3,15.62,19,30,12,Fixed,False,2026-07-06T00:00:00Z,2028-05-24T00:00:00+03:00,2028-05-24T00:00:00+03:00,18.97,20.63,20.63,1.63,0,-0.1,-0.0001,True,False,False,False,False,False,2,False,False,False,1001.7
RU000A10DB16,RU000A10DB16,Оил Ресурс 001P-03,RUB,Energy,Россия,Московская биржа,1,1000,1000,RUB,859.2,856.5,840.6,829,84.06,15.9,23.84,29,30,12,Fixed,False,2026-06-26T00:00:00Z,2030-10-03T00:00:00+03:00,2030-10-03T00:00:00+03:00,34.5,37.65,37.65,2.32,0,0.4,0.0005,True,False,False,False,False,False,2,False,False,False,1000.9
RU000A10F6Y5,RU000A10F6Y5,Брусника 002Р-08,RUB,RealEstate,Россия,Московская биржа,1,1000,1000,RUB,1014.1,1013.7,999.5,997,99.95,14.6,17.47,21.25,30,12,Fixed,False,2026-06-22T00:00:00Z,2029-05-06T00:00:00+03:00,2029-05-06T00:00:00+03:00,21.26,23.48,23.48,2.15,0,1.5,0.0015,True,False,False,False,False,False,2,False,False,False,999.5
RU000A10C8H9,RU000A10C8H9,Оил Ресурс 001P-02,RUB,Energy,Россия,Московская биржа,1,1000,1000,RUB,909.4,908.3,894.8,873,89.48,14.6,23.01,28,30,12,Fixed,False,2026-06-29T00:00:00Z,2030-07-06T00:00:00+03:00,2030-07-06T00:00:00+03:00,31.29,,38.09,2.33,0,0.3,0.0003,True,False,False,False,False,False,2,False,False,False,1000.4
RU000A10BQ78,RU000A10BQ78,Компания Симпл 001Р-04,RUB,Other,,Московская биржа,1,1000,1000,RUB,1011.6,1002.1,1000.6,1002.5,100.06,9.6,15.21,0,30,12,Floating,True,2026-06-29T00:00:00Z,2027-05-23T00:00:00+03:00,2027-05-23T00:00:00+03:00,18.49,18.47,18.47,0.86,0,0.0,0,True,False,False,False,False,False,2,False,False,False,984.3
RU000A10AHU1,RU000A10AHU1,Оил Ресурс 001P-01,RUB,Energy,Россия,Московская биржа,1,1000,1000,RUB,1049,1046.9,1026.4,1024.3,102.64,22.6,27.12,33,30,12,Fixed,False,2026-06-22T00:00:00Z,2029-12-02T00:00:00+03:00,2029-12-02T00:00:00+03:00,32.15,,36.78,2.08,0,0.7,0.0007,True,False,False,False,False,False,2,False,False,False,1098.6
RU000A10EYU8,RU000A10EYU8,ВУШ БО 001P-06,RUB,Industrials,Россия,Московская биржа,1,1000,1000,RUB,1009.1,1009,997.5,995.6,99.75,11.5,18.08,22,30,12,Fixed,False,2026-06-29T00:00:00Z,2029-04-12T00:00:00+03:00,2029-04-12T00:00:00+03:00,22.06,24.5,24.5,2.1,0,-2,-0.002,True,False,False,False,False,False,2,False,False,False,996
RU000A10C8F3,RU000A10C8F3,Брусника 002Р-04,RUB,RealEstate,Россия,Московская биржа,1,1000,1000,RUB,1009.9,1008.7,1002.8,1000.7,100.28,7.1,17.67,21.5,30,12,Fixed,False,2026-07-06T00:00:00Z,2028-07-23T00:00:00+03:00,2028-07-23T00:00:00+03:00,21.44,23.55,23.55,1.7,0,-0.2,-0.0002,True,False,False,False,False,False,2,False,False,False,1008.3
RU000A101SC0,RU000A101SC0,ГТЛК БО 001P-18,RUB,Financial,Россия,Московская биржа,1,1000,1000,RUB,923.4,920.7,920.6,926.6,92.06,2.8,19.55,7.84,91,4,Variable,False,2026-09-02T00:00:00Z,2035-05-23T00:00:00+03:00,2027-06-07T00:00:00Z,8.52,,17.93,0.95,0,0.5,0.0005,True,False,False,False,False,False,2,False,False,False,823.2
RU000A10E5C4,RU000A10E5C4,АПРИ БО-002Р-13,RUB,RealEstate,Россия,Московская биржа,1,1000,1000,RUB,968.8,965.8,952.7,953,95.27,16.1,20.14,24.5,30,12,Fixed,False,2026-06-22T00:00:00Z,2029-07-06T00:00:00+03:00,2029-07-06T00:00:00+03:00,25.72,30.61,30.61,1.94,0,-3.2,-0.0033,True,False,False,False,False,False,2,False,False,False,999.7
RU000A101S16,RU000A101S16,Республика Казахстан 13,RUB,Government,Казахстан,Московская биржа,1,1000,1000,RUB,822.1,819.9,784.5,784.8,78.45,38.2,39.49,7.92,182,2,Fixed,False,2026-06-22T00:00:00Z,2031-06-16T00:00:00+03:00,2031-06-16T00:00:00+03:00,10.1,14.56,14.56,3.91,0,0.0,0,True,False,False,False,False,False,2,False,False,False,697
RU000A10FD46,RU000A10FD46,Ред Софт БО 002Р-06,RUB,IT,Россия,Московская биржа,1,1000,1000,RUB,1028.8,1027.8,1026.5,1025.6,102.65,2.8,13.77,16.75,30,12,Fixed,False,2026-07-10T00:00:00Z,2028-12-26T00:00:00+03:00,2028-12-26T00:00:00+03:00,16.32,16.39,16.39,1.79,0,1.5,0.0015,True,False,False,False,False,False,2,False,False,False,1026.5
RU000A101S08,RU000A101S08,Республика Казахстан 12,RUB,Government,Казахстан,Московская биржа,1,1000,1000,RUB,824.7,817.7,779.5,783.4,77.95,38.2,39.49,7.92,182,2,Fixed,False,2026-06-22T00:00:00Z,2031-06-16T00:00:00+03:00,2031-06-16T00:00:00+03:00,10.16,14.73,14.73,3.92,0,-3.1,-0.004,False,True,False,False,False,False,2,False,False,False,718
RU000A107W71,RU000A107W71,Солид-Лизинг БО-02,RUB,Financial,Россия,Московская биржа,1,550,550,RUB,494.505,494.12,489.555,489.06,89.01,5.005,25.37,18.5,91,4,Floating,True,2026-08-28T00:00:00Z,2027-08-27T00:00:00+03:00,2027-08-27T00:00:00+03:00,20.78,34.5,34.5,0.88,0,-0.99,-0.002,True,False,False,False,False,False,2,True,False,False,509.63
RU000A10CB66,RU000A10CB66,Сегежа 003P-06R,RUB,Materials,Россия,Московская биржа,1,1000,1000,RUB,1000.4,997.8,989.1,991.9,98.91,7.7,19.32,23.5,30,12,Fixed,False,2026-07-06T00:00:00Z,2028-01-25T00:00:00+03:00,2028-01-25T00:00:00+03:00,23.76,27.24,27.24,1.35,0,-5.6,-0.0056,True,False,False,False,False,False,2,False,False,False,1032.1
RU000A10CLX3,RU000A10CLX3,Уральская Сталь БО 001Р-05,RUB,Materials,Россия,Московская биржа,1,1000,1000,RUB,935,934.9,924.3,922.2,92.43,10.6,15.21,18.5,30,12,Fixed,False,2026-06-25T00:00:00Z,2028-02-15T00:00:00+03:00,2028-02-15T00:00:00+03:00,20.02,26.9,26.9,1.42,0,-3.4,-0.0037,True,False,False,False,False,False,2,False,False,False,1000
RU000A10E747,RU000A10E747,ГК Сегежа 003P-10R,RUB,Materials,Россия,Московская биржа,1,1000,1000,RUB,1013.5,1012.3,1004.1,1005,100.41,8.2,20.55,25,30,12,Fixed,False,2026-07-06T00:00:00Z,2029-01-19T00:00:00+03:00,2029-01-19T00:00:00+03:00,24.9,27.77,27.77,1.71,0,-2.6,-0.0026,True,False,False,False,False,False,2,False,False,False,995.8
RU000A10FBK4,RU000A10FBK4,Арлифт 001Р-02,RUB,Industrials,Россия,Московская биржа,1,1000,1000,RUB,1003.7,1002.8,995.9,994.2,99.59,7,19.11,23.25,30,12,Fixed,False,2026-07-06T00:00:00Z,2029-05-20T00:00:00+03:00,2029-05-20T00:00:00+03:00,23.35,,26.14,2.13,0,-0.8,-0.0008,True,False,False,False,False,False,2,False,False,False,995.9
RU000A10F0X0,RU000A10F0X0,ТД РКС 002Р-08,RUB,Consumer,Россия,Московская биржа,1,1000,1000,RUB,1040.5,1040.4,1027.8,1019,102.78,12.6,20.96,25.5,30,12,Fixed,False,2026-06-29T00:00:00Z,2029-04-13T00:00:00+03:00,2029-04-13T00:00:00+03:00,24.81,26.99,26.99,2.03,0,7.8,0.0076,True,False,False,False,False,False,2,False,False,False,1000.9
RU000A10B2P6,RU000A10B2P6,АйДи Коллект 001P-01,RUB,Financial,Россия,Московская биржа,1,1000,1000,RUB,1092.5,1089.3,1083,1081.3,108.3,6.4,21.37,26,30,12,Fixed,False,2026-07-07T00:00:00Z,2028-02-27T00:00:00+03:00,2028-02-27T00:00:00+03:00,24.01,22.17,22.17,1.4,0,0.6,0.0006,True,False,False,False,False,False,2,False,False,False,1054.9
RU000A10CL64,RU000A10CL64,Сегежа 003P-07R,RUB,Materials,Россия,Московская биржа,1,1060.64,100,CNY,1021.60420544,1018.7235072,1009.93504416,1012.90907872,95.2194,8.697248,11.35,13,30,12,Fixed,False,2026-06-23T00:00:00Z,2027-02-18T00:00:00+03:00,2027-02-18T00:00:00+03:00,13.65,22.72,22.72,0.64,0,-2.81918112,-0.0028,True,False,False,False,False,False,2,False,False,False,1047.488064
RU000A10BBG1,RU000A10BBG1,ТЕХНО Лизинг 001Р-07,RUB,Financial,Россия,Московская биржа,1,1000,1000,RUB,1035,1034.9,1026.8,1022.9,102.68,8.1,22.19,27,30,12,Fixed,False,2026-07-06T00:00:00Z,2030-03-16T00:00:00+03:00,2030-03-16T00:00:00+03:00,26.3,27.56,27.56,1.13,0,3.2,0.0031,True,False,False,False,False,False,2,False,False,False,1009.4
RU000A10EV60,RU000A10EV60,Интел Коллект БО-02,RUB,Financial,Россия,Московская биржа,1,1000,1000,RUB,1017.1,1014.5,1015.8,1015.8,101.58,1.3,19.11,23.25,30,12,Fixed,False,2026-06-15T00:00:00Z,2031-03-20T00:00:00+03:00,2031-03-20T00:00:00+03:00,22.89,,24.98,2.14,0,0.1,0.0001,True,False,False,False,False,False,2,True,False,False,1018.5
RU000A10CM06,RU000A10CM06,АПРИ БО-002Р-11,RUB,RealEstate,Россия,Московская биржа,1,1000,1000,RUB,1008.7,1005.9,994.3,988.9,99.43,14.4,20.55,25,30,12,Fixed,False,2026-06-25T00:00:00Z,2028-08-13T00:00:00+03:00,2028-08-13T00:00:00+03:00,25.14,28.51,28.51,1.67,0,-0.2,-0.0002,True,False,False,False,False,False,2,False,False,False,1028
RU000A109KL1,RU000A109KL1,Банк ВТБ Б-1-359,RUB,Financial,Россия,Московская биржа,1,1000,1000,RUB,1011.5,1009.7,1000.6,999.4,100.06,11.1,12.32,14.5,31,12,Floating,True,2026-06-19T00:00:00Z,2027-09-20T00:00:00+03:00,2027-09-20T00:00:00+03:00,14.49,15.45,15.45,1.15,0,0.7,0.0007,True,False,False,False,False,False,2,False,False,False,1001.8
RU000A10EJR5,RU000A10EJR5,Арлифт 001Р-01,RUB,Industrials,Россия,Московская биржа,1,1000,1000,RUB,1015.2,1013.4,1012,1009.4,101.2,3.2,19.32,23.5,30,12,Fixed,False,2026-07-13T00:00:00Z,2029-02-25T00:00:00+03:00,2029-02-25T00:00:00+03:00,23.22,,25.47,2.02,0,-0.4,-0.0004,True,False,False,False,False,False,2,False,False,False,1001.2
RU000A10B2F7,RU000A10B2F7,ЛК Роделен БО 002P-03,RUB,Financial,Россия,Московская биржа,1,1000,1000,RUB,1049,1047.7,1040.7,1041.2,104.07,7,20.96,25.5,30,12,Fixed,False,2026-07-06T00:00:00Z,2030-02-15T00:00:00+03:00,2030-02-15T00:00:00+03:00,24.5,25.69,25.69,1.68,0,1.3,0.0013,True,False,False,False,False,False,2,False,False,False,1040
RU000A10E7U2,RU000A10E7U2,ПКФ 001Р-01,RUB,Other,Россия,Московская биржа,1,1000,1000,RUB,953.4,952.9,948.5,940.1,94.85,4.4,21.78,26.5,30,12,Fixed,False,2026-07-10T00:00:00Z,2029-01-25T00:00:00+03:00,2029-01-25T00:00:00+03:00,27.94,,33.63,1.88,0,-1.4,-0.0015,True,False,False,False,False,False,2,False,False,False,981.2
RU000A10C758,RU000A10C758,ТД РКС 002Р-06,RUB,Consumer,,Московская биржа,1,1000,1000,RUB,1040.4,1039.1,1025.4,1014.1,102.54,15.1,20.55,25,30,12,Fixed,False,2026-06-24T00:00:00Z,2028-07-13T00:00:00+03:00,2028-07-13T00:00:00+03:00,24.38,26.14,26.14,1.62,0,1.4,0.0014,True,False,False,False,False,False,2,False,False,False,1001.5
RU000A10AYB6,RU000A10AYB6,А Спэйс 001Р-02,RUB,RealEstate,Россия,Московская биржа,1,1000,1000,RUB,1078.2,1073,1079.9,1060.6,107.99,0,25.48,31,30,12,Fixed,False,2026-06-16T00:00:00Z,2028-08-04T00:00:00+03:00,2028-08-04T00:00:00+03:00,28.71,,28.21,1.34,0,12.2,0.0114,True,False,False,False,False,False,2,False,False,False,1094.9
RU000A106FW4,RU000A106FW4,МГКЛ 001Р-03,RUB,Financial,Россия,Московская биржа,1,1000,1000,RUB,950.6,946.8,915.5,912,91.55,35.5,39.89,16,91,4,Fixed,False,2026-06-26T00:00:00Z,2027-06-25T00:00:00+03:00,2027-06-25T00:00:00+03:00,17.48,28.19,28.19,0.93,0,-3.4,-0.0037,True,False,False,False,False,False,2,True,False,False,862.9
RU000A10D2Y6,RU000A10D2Y6,Уральская Сталь БО-001Р-06,RUB,Materials,Россия,Московская биржа,1,1000,1000,RUB,964.3,962.9,960.9,958.6,96.09,3.4,16.85,20.5,30,12,Fixed,False,2026-07-10T00:00:00Z,2028-03-31T00:00:00+03:00,2028-03-31T00:00:00+03:00,21.33,25.82,25.82,1.5,0,0.9,0.0009,True,False,False,False,False,False,2,False,False,False,1000.9
RU000A10CRB6,RU000A10CRB6,Кокс 001P-06,RUB,Materials,Россия,Московская биржа,1,1000,1000,RUB,967.9,964.9,967.5,955.9,96.75,1.7,16.85,20.5,30,12,Variable,False,2026-06-15T00:00:00Z,2028-08-31T00:00:00+03:00,2027-09-09T00:00:00Z,21.19,,26.29,1.1,0,7.3,0.0076,True,False,False,False,False,False,2,False,False,False,994
RU000A10BP46,RU000A10BP46,Страна Девелопмент 03,RUB,RealEstate,Россия,Московская биржа,1,1000,1000,RUB,1056.9,1054.7,1036.5,1038.4,103.65,18.2,21.78,26.5,30,12,Fixed,False,2026-06-22T00:00:00Z,2028-05-11T00:00:00+03:00,2028-05-11T00:00:00+03:00,25.57,,26.94,1.5,0,-2.5,-0.0024,True,False,False,False,False,False,2,False,False,False,1010
RU000A10EHB3,RU000A10EHB3,МФК Лайм-Займ 06,RUB,Financial,Россия,Московская биржа,1,1000,1000,RUB,1048.3,1044.8,1043.8,1043.5,104.38,4.5,19.32,23.5,30,12,Fixed,False,2026-07-09T00:00:00Z,2031-02-13T00:00:00+03:00,2031-02-13T00:00:00+03:00,22.51,,23.65,2.09,0,0.9,0.0009,True,False,False,False,False,False,2,True,False,False,1012
RU000A10BQM7,RU000A10BQM7,ТД РКС 002Р-05,RUB,Consumer,,Московская биржа,1,1000,1000,RUB,1089.5,1087.2,1077.3,1079.2,107.73,12.3,23.01,28,30,12,Fixed,False,2026-06-30T00:00:00Z,2028-05-20T00:00:00+03:00,2028-05-20T00:00:00+03:00,25.99,25.58,25.58,1.51,0,-5.3,-0.0049,True,False,False,False,False,False,2,False,False,False,1025
RU000A10FBR9,RU000A10FBR9,КЛВЗ КРИСТАЛЛ 001P-05,RUB,Consumer,Россия,Московская биржа,1,1000,1000,RUB,1009.5,1008.2,1003.4,1001,100.34,6.3,52.36,21,91,4,Fixed,False,2026-09-04T00:00:00Z,2029-06-01T00:00:00+03:00,2029-06-01T00:00:00+03:00,20.93,22.51,22.51,2.04,0,0.6,0.0006,True,False,False,False,False,False,2,False,False,False,1003.4
RU000A10EC63,RU000A10EC63,Брусника 002Р-06,RUB,RealEstate,Россия,Московская биржа,1,1000,1000,RUB,1030.2,1028.7,1016.2,1015.9,101.62,12.5,18.7,22.75,30,12,Variable,False,2026-06-26T00:00:00Z,2029-02-10T00:00:00+03:00,2028-02-18T00:00:00Z,22.39,,23.86,1.39,0,0.3,0.0003,True,False,False,False,False,False,2,False,False,False,984.1
RU000A10ADJ3,RU000A10ADJ3,ЭнергоТехСервис 001Р-06,RUB,Industrials,Россия,Московская биржа,1,700,700,RUB,705.39,703.85,703.5,701.54,100.5,1.89,11.51,0,30,12,Floating,True,2026-07-13T00:00:00Z,2026-12-08T00:00:00+03:00,2026-12-08T00:00:00+03:00,19.9,19.09,19.09,0.31,0,2.8,0.004,True,False,False,False,False,False,2,False,False,False,696.5
RU000A10EYY0,RU000A10EYY0,Медскан 001Р-02,RUB,HealthCare,Россия,Московская биржа,1,1000,1000,RUB,1010,1009.9,1002,1002.2,100.2,8,12.62,15.35,30,12,Fixed,False,2026-06-29T00:00:00Z,2028-05-17T00:00:00+03:00,2028-05-17T00:00:00+03:00,15.32,16.34,16.34,1.66,0,0.6,0.0006,True,False,False,False,False,False,2,False,False,False,1000.6
RU000A10AZY5,RU000A10AZY5,АПРИ БО-002Р-09,RUB,RealEstate,Россия,Московская биржа,1,1000,1000,RUB,967.7,967.6,955.1,950.2,95.51,12.5,19.73,24,30,12,Variable,False,2026-06-29T00:00:00Z,2030-02-06T00:00:00+03:00,2027-09-03T00:00:00Z,25.13,,32.43,1.05,0,0.9,0.0009,True,False,False,False,False,False,2,False,False,False,1014.9
RU000A109825,RU000A109825,Азбука Вкуса БОП3,RUB,Consumer,Россия,Московская биржа,1,1000,1000,RUB,1007.8,1005.6,1003.1,999.3,100.31,5.4,13.56,16.5,30,12,Floating,True,2026-07-06T00:00:00Z,2034-06-22T00:00:00+03:00,2026-08-06T00:00:00Z,16.45,,14.77,0.14,0,0.0,0,True,False,False,False,False,False,2,False,False,False,998.3
RU000A10E4Y1,RU000A10E4Y1,Аэрофьюэлз003Р-01,RUB,Energy,Россия,Московская биржа,1,1000,1000,RUB,1088,1085.8,1056.9,1055,105.69,29,49.86,20,91,4,Fixed,False,2026-07-24T00:00:00Z,2028-07-21T00:00:00+03:00,2028-07-21T00:00:00+03:00,18.92,17.79,17.79,1.73,0,4.9,0.0047,True,False,False,False,False,False,2,False,False,False,1011
RU000A0JWT91,RU000A0JWT91,Удмуртская республика 2016,RUB,Municipal,Россия,Московская биржа,1,500,500,RUB,508.25,507.25,494.85,494.9,98.97,12.55,13.15,10.55,91,4,Fixed,False,2026-06-22T00:00:00Z,2026-09-19T00:00:00+03:00,2026-09-19T00:00:00+03:00,10.66,15.47,15.47,0.25,0,-0.9,-0.0018,True,False,False,False,False,False,2,False,False,False,476.45
RU000A10F6H0,RU000A10F6H0,ПИР БО-06-001P,RUB,Industrials,Россия,Московская биржа,1,1000,1000,RUB,985,984.7,983.6,982,98.36,1.4,20.96,25.5,30,12,Fixed,False,2026-06-15T00:00:00Z,2028-10-31T00:00:00+03:00,2028-10-31T00:00:00+03:00,25.93,30.17,30.17,1.45,0,0.7,0.0007,True,False,False,False,False,False,2,False,False,False,983.6
RU000A106B51,RU000A106B51,МФК Быстроденьги 002Р-02,RUB,Financial,Россия,Московская биржа,1,800,800,RUB,792.88,791.6,792.24,792.08,99.03,0.72,10.52,16,30,12,Fixed,False,2026-06-15T00:00:00Z,2026-11-11T00:00:00+03:00,2026-11-11T00:00:00+03:00,16.16,21.44,21.44,0.28,0,0.0,0,True,False,False,False,False,False,2,True,False,False,707.04
RU000A10EDV0,RU000A10EDV0,АйДи Коллект 001P-07,RUB,Financial,Россия,Московская биржа,1,1000,1000,RUB,1018,1016.4,1007.2,1005.5,100.72,10.8,17.05,20.75,30,12,Variable,False,2026-06-29T00:00:00Z,2030-02-06T00:00:00+03:00,2028-02-22T00:00:00Z,20.6,,22.22,1.42,0,1.2,0.0012,True,False,False,False,False,False,2,False,False,False,995
RU000A1078X8,RU000A1078X8,ДиректЛизинг БО 002Р-02,RUB,Financial,Россия,Московская биржа,1,482.3,482.3,RUB,431.36912,425.91913,430.50098,426.98019,89.26,1.39867,6.94,17.5,30,12,Floating,True,2026-07-10T00:00:00Z,2028-10-27T00:00:00+03:00,2028-10-27T00:00:00+03:00,19.61,30.22,30.22,1.02,0,1.25398,0.0029,True,False,False,False,False,False,2,False,False,False,420.03507
RU000A10F595,RU000A10F595,Транспортная ЛК 001P-05,RUB,Other,Россия,Московская биржа,1,1000,1000,RUB,1031.9,1030.7,1029,1029,102.9,2.9,21.37,26,30,12,Fixed,False,2026-06-15T00:00:00Z,2029-04-27T00:00:00+03:00,2029-04-27T00:00:00+03:00,25.27,,27.14,1.67,0,-0.9,-0.0009,True,False,False,False,False,False,2,False,False,False,1012.5
RU000A101SD8,RU000A101SD8,ГТЛК БО 001P-19,RUB,Financial,Россия,Московская биржа,1,1000,1000,RUB,866.8,865.3,864.2,863.7,86.42,2.8,19.87,7.97,91,4,Variable,False,2026-09-02T00:00:00Z,2035-05-23T00:00:00+03:00,2028-06-05T00:00:00Z,9.22,,17.15,1.83,0,-2.6,-0.003,True,False,False,False,False,False,2,False,False,False,790.5
RU000A10DSX6,RU000A10DSX6,ТАЛЬВЕН БО-П01,RUB,RealEstate,Россия,Московская биржа,1,1000,1000,RUB,960.6,959.5,958.9,951.2,95.89,0.6,54.85,22,91,4,Fixed,False,2026-06-15T00:00:00Z,2028-12-11T00:00:00+03:00,2028-12-11T00:00:00+03:00,22.94,,26.54,1.97,0,1.1,0.0011,True,False,False,False,False,False,2,False,False,False,993.4
RU000A10B9Q9,RU000A10B9Q9,Глоракс 001Р-04,RUB,RealEstate,Россия,Московская биржа,1,1000,1000,RUB,1129.2,1128.9,1119.8,1118.4,111.98,9.1,20.96,25.5,30,12,Fixed,False,2026-07-03T00:00:00Z,2028-03-24T00:00:00+03:00,2028-03-24T00:00:00+03:00,22.77,19.08,19.08,1.45,0,-0.2,-0.0002,True,False,False,False,False,False,2,False,False,False,1049.2
RU000A10EYH5,RU000A10EYH5,Группа ЛСР 002Р-01,RUB,RealEstate,Россия,Московская биржа,1,1000,1000,RUB,1011.1,1009.3,1002.8,1003.4,100.28,8.2,12.86,15.65,30,12,Fixed,False,2026-06-29T00:00:00Z,2029-04-12T00:00:00+03:00,2029-04-12T00:00:00+03:00,15.61,16.66,16.66,1.98,0,0.3,0.0003,True,False,False,False,False,False,2,False,False,False,1003.9
